exp_name,Batch,test_loss,mean_length,n_samples,uniq_samples,good_samples,bad_samples,novelty,hard_novelty,soft_novelty,diversity,conciseness,solubility,naturalness,synthesizability,model_samples,neg-loglike,D_loss_0,Accuracy_0,D_loss_1,Accuracy_1
toy_04_solubility,0,8.852330207824707,13.68825,32000,12951,24341,7659,0.4013393040548868,0.3096010845897868,0.5809375128384208,0.4634199202725066,0.9981163469044001,0.2319432552490548,0.6175090722416631,0.3100176489625795,toy_04_solubility_0,143.67706298828125,0.4695493280887604,0.75,0.43643108010292053,0.75
toy_04_solubility,1,8.920985221862793,13.26359375,6400,3919,4713,1687,0.39783577339274345,0.29408020369191595,0.5784850413749204,0.481636409467114,0.9972947167409294,0.23318870575307793,0.6208946074262492,0.2983083828572217,toy_04_solubility_1,111.1229248046875,0.45736488699913025,0.75,0.45659857988357544,0.7857142686843872
toy_04_solubility,2,8.982787132263184,12.8615625,6400,3665,4835,1565,0.4078593588417787,0.299482936918304,0.585501551189245,0.48551747111011634,0.9971561530506722,0.23255376580431375,0.6144558129973416,0.30171474803086956,toy_04_solubility_2,112.50972747802734,0.29956623911857605,0.8571428656578064,0.41426217555999756,0.8571428656578064
toy_04_solubility,3,8.992607116699219,12.72125,6400,3710,4818,1582,0.42050643420506434,0.3073889580738896,0.594354503943545,0.4321778881064459,0.9969385637193856,0.2367300794535403,0.6035187268782306,0.3192623009849083,toy_04_solubility_3,111.13623809814453,0.3566310405731201,0.8571428656578064,0.3180209994316101,0.8928571343421936
toy_04_solubility,4,9.035806655883789,12.47375,6400,3653,4871,1529,0.4190104701293369,0.3132826934920961,0.5933073290905359,0.4814843253417022,0.9973722028330938,0.2441991807586612,0.5982097949039784,0.32711873991969986,toy_04_solubility_4,104.12303161621094,0.4766126871109009,0.75,0.517420768737793,0.7142857313156128
toy_04_solubility,5,9.040884017944336,12.38109375,6400,3594,4833,1567,0.4409269604800331,0.33891992551210426,0.608648872336023,0.47609627761752166,0.9972273949927581,0.25014720170851396,0.6048590178707979,0.3414838476811654,toy_04_solubility_5,104.69970703125,0.3216833770275116,0.8214285969734192,0.48163262009620667,0.6071428656578064
toy_04_solubility,6,9.07396125793457,12.2053125,6400,3455,4960,1440,0.4254032258064516,0.33810483870967745,0.5977822580645161,0.5051295920141713,0.9976814516129032,0.2537972196409793,0.6037112232648176,0.3511448314895896,toy_04_solubility_6,109.67900085449219,0.2578456699848175,0.9642857313156128,0.5252522826194763,0.7142857313156128
toy_04_solubility,7,9.096843719482422,12.0790625,6400,3457,4970,1430,0.4595573440643863,0.3710261569416499,0.6216901408450705,0.5997434528752972,0.9979879275653923,0.25902545873744764,0.5971050791460246,0.3746639124766896,toy_04_solubility_7,130.584228515625,0.29435086250305176,0.8928571343421936,0.4505816400051117,0.75
toy_04_solubility,8,9.095245361328125,12.069375,6400,3482,4991,1409,0.4470046082949309,0.36706070927669804,0.6129032258064515,0.4472717966146501,0.9978160689240632,0.26582463033383913,0.6020471853425323,0.38059226609499447,toy_04_solubility_8,139.87994384765625,0.29309579730033875,0.8571428656578064,0.5325244665145874,0.75
toy_04_solubility,9,9.117853164672852,11.9721875,6400,3478,4914,1486,0.4468864468864469,0.36365486365486366,0.6128205128205128,0.5103592149975203,0.997975172975173,0.26590392202962015,0.6058380781108842,0.3862660821997324,toy_04_solubility_9,130.882568359375,0.36393651366233826,0.8571428656578064,0.36301758885383606,0.8571428656578064
toy_04_solubility,10,9.09648609161377,12.10434375,32000,10389,24472,7528,0.47478751225890814,0.39915004903563256,0.6323512585812358,0.4579350452814985,0.9978322164105917,0.26700460243649665,0.6123586580173271,0.3898525096481154,toy_04_solubility_10,131.27157592773438,0.35697439312934875,0.8214285969734192,0.3336044251918793,0.8571428656578064
toy_04_solubility,11,9.105315208435059,12.10546875,6400,3543,4826,1574,0.4809365934521343,0.40841276419394945,0.6366556154164938,0.43558511262769467,0.9976792374637381,0.26820360543505983,0.6207431063898945,0.39111013599689265,toy_04_solubility_11,116.22904968261719,0.32473817467689514,0.8928571343421936,0.2837318480014801,0.8928571343421936
toy_04_solubility,12,9.137768745422363,11.93453125,6400,3419,4980,1420,0.4791164658634538,0.39879518072289155,0.6353815261044177,0.5276242706622892,0.9980120481927711,0.27069746672233436,0.6075664078845356,0.39944459824605905,toy_04_solubility_12,123.47966003417969,0.31881043314933777,0.8571428656578064,0.3753996193408966,0.8571428656578064
toy_04_solubility,13,9.173646926879883,11.7653125,6400,3293,5162,1238,0.47500968616815187,0.3977140643161565,0.6325067803177064,0.45706164470192107,0.9979368461836499,0.27025782548280136,0.6081778799723504,0.395590424306397,toy_04_solubility_13,146.26675415039062,0.26340803503990173,0.9642857313156128,0.541041374206543,0.7142857313156128
toy_04_solubility,14,9.186659812927246,11.6725,6400,3252,5164,1236,0.46979085979860574,0.3838109992254067,0.628853601859024,0.5070871675709044,0.9986735089078234,0.2709260513148399,0.6136216261936019,0.3944793130509021,toy_04_solubility_14,114.65585327148438,0.4195963740348816,0.8214285969734192,0.3196537494659424,0.8214285969734192
toy_04_solubility,15,9.193160057067871,11.62375,6400,3190,5205,1195,0.45321805955811717,0.3648414985590778,0.617252641690682,0.5619227259666117,0.9980883765609989,0.2704093101460234,0.6057242430152691,0.3942971172924821,toy_04_solubility_15,106.4475326538086,0.2621259093284607,0.9285714030265808,0.5451632738113403,0.7142857313156128
toy_04_solubility,16,9.199764251708984,11.56484375,6400,3214,5121,1279,0.46280023432923256,0.373950400312439,0.6239601640304627,0.5152912292848028,0.9981351298574497,0.2703840920461826,0.6067389855299231,0.39257691304284187,toy_04_solubility_16,123.8661117553711,0.3220272362232208,0.8571428656578064,0.29801276326179504,0.8214285969734192
toy_04_solubility,17,9.192131042480469,11.54203125,6400,3211,5161,1239,0.45475683007169154,0.3693082735903895,0.618329781050184,0.5504254710034531,0.9982173997287348,0.26816386800975245,0.6136619093502181,0.38697988098908226,toy_04_solubility_17,110.56779479980469,0.24092906713485718,0.8928571343421936,0.40880799293518066,0.75
toy_04_solubility,18,9.189362525939941,11.64421875,6400,3279,5130,1270,0.4565302144249513,0.3690058479532164,0.6195711500974658,0.6388726667330742,0.9982553606237815,0.266692195610297,0.6158394825565531,0.3854725618131289,toy_04_solubility_18,120.37248992919922,0.3055640459060669,0.8571428656578064,0.29066699743270874,0.8928571343421936
toy_04_solubility,19,9.181589126586914,11.715625,6400,3266,5173,1227,0.4546684709066306,0.3740576068045621,0.6182679296346414,0.5361911517827669,0.9985791610284169,0.26857713540335987,0.6133734005768183,0.38801717200903413,toy_04_solubility_19,140.19064331054688,0.32169196009635925,0.7857142686843872,0.4088696539402008,0.7857142686843872
toy_04_solubility,20,9.188961029052734,11.680125,32000,9108,26526,5474,0.4466561109854482,0.3622860589610194,0.6126592776898139,0.5922569002846144,0.9987823267737315,0.268606692495777,0.6171624075528446,0.3862443042954856,toy_04_solubility_20,100.62445068359375,0.25040483474731445,0.8928571343421936,0.2622334957122803,0.8928571343421936
toy_04_solubility,21,9.188724517822266,11.691875,6400,3186,5331,1069,0.4530106921778278,0.3609078972050272,0.6171074845244794,0.5266987211261529,0.9988838867004315,0.2700654280737906,0.618822079103834,0.3827450190225541,toy_04_solubility_21,122.04389953613281,0.25811460614204407,0.8928571343421936,0.49210378527641296,0.7857142686843872
toy_04_solubility,22,9.177072525024414,11.74609375,6400,3263,5233,1167,0.4463978597362889,0.35295241735142363,0.6124785018154022,0.5229561218779725,0.9988629849034971,0.2697690031430708,0.6214502577309932,0.3828236187066265,toy_04_solubility_22,137.79855346679688,0.39225247502326965,0.8214285969734192,0.25038769841194153,0.8928571343421936
toy_04_solubility,23,9.18790054321289,11.715,6400,3306,5065,1335,0.4383020730503455,0.34906219151036527,0.6068114511352418,0.5217191948400367,0.9993879565646594,0.2728810701949973,0.6328428118282858,0.38224527396861696,toy_04_solubility_23,101.1266098022461,0.38227781653404236,0.7857142686843872,0.2708264887332916,0.9285714030265808
toy_04_solubility,24,9.176785469055176,11.7534375,6400,3390,4811,1589,0.45229681978798586,0.362294741218042,0.6166077738515902,0.5637730217568471,0.9994491789648723,0.27159082665594914,0.6449983022059077,0.37434286097730224,toy_04_solubility_24,109.34170532226562,0.16296318173408508,0.9642857313156128,0.19485785067081451,0.9285714030265808
toy_04_solubility,25,9.181611061096191,11.74109375,6400,3400,4556,1844,0.43985952589991223,0.3522827041264267,0.6079016681299384,0.5939109793257523,0.9994732221246708,0.2716030347997155,0.6565725500781424,0.36921238985529037,toy_04_solubility_25,110.23097229003906,0.32504403591156006,0.8571428656578064,0.31478628516197205,0.8928571343421936
toy_04_solubility,26,9.193083763122559,11.68421875,6400,3393,4533,1867,0.4454003970880212,0.3441429516876241,0.6117802779616148,0.6043247241344228,0.9992609750716964,0.27390532094000913,0.6736605326482896,0.3626201488365849,toy_04_solubility_26,103.45146179199219,0.3448875844478607,0.8214285969734192,0.27837127447128296,0.8928571343421936
toy_04_solubility,27,9.172355651855469,11.78375,6400,3310,4678,1722,0.4307396323215049,0.33988884138520736,0.6015177426250533,0.5996602160544183,0.9993587002992732,0.27479561522533247,0.6708429606396159,0.35369973886082534,toy_04_solubility_27,98.23997497558594,0.32732006907463074,0.75,0.48425182700157166,0.7142857313156128
toy_04_solubility,28,9.198323249816895,11.630625,6400,3232,4880,1520,0.41987704918032787,0.32254098360655736,0.5939139344262293,0.5502028852792021,0.9993032786885246,0.27544950154607944,0.6638737482203305,0.36654045701906685,toy_04_solubility_28,110.80844116210938,0.37489035725593567,0.7857142686843872,0.4527361989021301,0.8214285969734192
toy_04_solubility,29,9.206744194030762,11.49046875,6400,3140,5102,1298,0.39984319874559,0.28871030968247746,0.579890239121913,0.6103377234728554,0.9991473931791454,0.2753852206217674,0.6608416525569769,0.3683087472777808,toy_04_solubility_29,117.81916046142578,0.33286282420158386,0.8571428656578064,0.4295060336589813,0.75
toy_04_solubility,30,9.224395751953125,11.4125,32000,8497,26464,5536,0.3893213422007255,0.27905834340991537,0.5725249395405079,0.6362147284333403,0.9993217200725515,0.2766082323228524,0.6607899384528054,0.3668786980350919,toy_04_solubility_30,108.41869354248047,0.40197303891181946,0.8214285969734192,0.34919294714927673,0.8928571343421936
toy_04_solubility,31,9.241427421569824,11.31484375,6400,2904,5368,1032,0.3753725782414307,0.2580104321907601,0.5627608047690015,0.600585058318337,0.9990964977645305,0.2776944633333781,0.6597015744054655,0.3648298836495428,toy_04_solubility_31,129.2623291015625,0.4651493430137634,0.7857142686843872,0.34939390420913696,0.75
toy_04_solubility,32,9.267602920532227,11.12296875,6400,2809,5377,1023,0.3617258694439278,0.23302957039241212,0.5532081086107494,0.6321326985575999,0.9991816998326205,0.2747475425502715,0.6616232159294084,0.3626013834210358,toy_04_solubility_32,117.23988342285156,0.5857623815536499,0.6785714030265808,0.3428272604942322,0.8571428656578064
toy_04_solubility,33,9.262373924255371,11.06046875,6400,2733,5353,1047,0.3526994208854848,0.21744815991033065,0.5468895946198393,0.6203699788277318,0.9990005604334019,0.27578931485108904,0.6650864354449203,0.3634953894423397,toy_04_solubility_33,117.30441284179688,0.47846701741218567,0.7857142686843872,0.37642574310302734,0.7142857313156128
toy_04_solubility,34,9.307143211364746,10.8234375,6400,2685,5247,1153,0.36554221459881836,0.22279397751095864,0.5558795502191728,0.6674131748751426,0.9989422527158376,0.2767355735735015,0.6695689425743997,0.36478800983784865,toy_04_solubility_34,116.70233154296875,0.3016220033168793,0.8571428656578064,0.6664717793464661,0.7142857313156128
toy_04_solubility,35,9.31280517578125,10.77265625,6400,2665,5206,1194,0.339608144448713,0.20130618517095658,0.537725701114099,0.6117295891696224,0.9987322320399539,0.2779987707434787,0.6651439765644303,0.3714480191413839,toy_04_solubility_35,117.0788803100586,0.3427075743675232,0.7857142686843872,0.4871077537536621,0.7142857313156128
toy_04_solubility,36,9.313871383666992,10.7071875,6400,2617,5203,1197,0.33788199115894674,0.20161445320007687,0.5365173938112627,0.7014858265609313,0.9989429175475687,0.27853170750684764,0.6742892604670047,0.3693498809180181,toy_04_solubility_36,122.17286682128906,0.2758125364780426,0.9285714030265808,0.24418923258781433,0.9285714030265808
toy_04_solubility,37,9.33504867553711,10.62125,6400,2606,5314,1086,0.3423033496424539,0.20605946556266466,0.5396123447497178,0.6296333531010504,0.999228453142642,0.27740292841900466,0.6691078409121994,0.3779888768060045,toy_04_solubility_37,110.94559478759766,0.22354240715503693,0.9285714030265808,0.42822903394699097,0.7857142686843872
toy_04_solubility,38,9.33098030090332,10.54125,6400,2492,5451,949,0.3337002384883508,0.20161438268207668,0.5335901669418455,0.6263865371264185,0.9991744634012107,0.2814253624970042,0.6665449871341176,0.3868970020280781,toy_04_solubility_38,104.85421752929688,0.29294371604919434,0.8571428656578064,0.2799541652202606,0.8571428656578064
toy_04_solubility,39,9.315975189208984,10.71015625,6400,2587,5546,854,0.34944103858636855,0.213306887847097,0.5446087270104579,0.6117845816555105,0.9992246664262533,0.2810184874680712,0.6652509631698782,0.39034978970691264,toy_04_solubility_39,108.72396850585938,0.4831655025482178,0.7857142686843872,0.25399357080459595,0.8928571343421936
toy_04_solubility,40,9.31278133392334,10.725,32000,7147,27949,4051,0.350853340012165,0.2211885935096068,0.5455973380085154,0.655951366436737,0.9992253747897957,0.2793113315117633,0.660964508498142,0.3952455189766863,toy_04_solubility_40,122.54640197753906,0.476413756608963,0.75,0.3869224786758423,0.8214285969734192
toy_04_solubility,41,9.293792724609375,10.82140625,6400,2613,5579,821,0.3514966839935472,0.23445061839039255,0.546047678795483,0.6305113244778388,0.9990051980641692,0.28008854225660024,0.6575800933964989,0.39609418703125787,toy_04_solubility_41,120.49211883544922,0.395193487405777,0.7857142686843872,0.31098315119743347,0.8571428656578064
toy_04_solubility,42,9.297229766845703,10.83265625,6400,2601,5570,830,0.3385996409335727,0.22746858168761222,0.5370197486535009,0.6506426841065078,0.9994165170556553,0.2771718038291649,0.6584911038375395,0.3960113236623636,toy_04_solubility_42,120.13348388671875,0.31231188774108887,0.8928571343421936,0.3206064999103546,0.8571428656578064
toy_04_solubility,43,9.2805757522583,10.91375,6400,2767,5451,949,0.36543753439735827,0.25224729407448176,0.5558062740781506,0.6367189625179385,0.9994221243808477,0.2773237683058859,0.6631090157874509,0.39867943676234313,toy_04_solubility_43,102.07107543945312,0.34300822019577026,0.8214285969734192,0.49141228199005127,0.7857142686843872
toy_04_solubility,44,9.27795696258545,11.01203125,6400,2782,5404,996,0.36287934863064397,0.24814951887490747,0.5540155440414507,0.5956807212143902,0.9993985936343449,0.2721850596987233,0.671087015201795,0.3920602244979362,toy_04_solubility_44,117.04986572265625,0.3013128936290741,0.8214285969734192,0.4004579186439514,0.8214285969734192
toy_04_solubility,45,9.246379852294922,11.19546875,6400,2891,5390,1010,0.3658627087198516,0.26456400742115027,0.556103896103896,0.6481281240568604,0.9991743970315399,0.2709384766643629,0.6705962527515813,0.3849303616435051,toy_04_solubility_45,130.68338012695312,0.22869443893432617,0.9285714030265808,0.18878616392612457,0.9642857313156128
toy_04_solubility,46,9.251773834228516,11.20921875,6400,2816,5423,977,0.37801954637654434,0.2705144753826295,0.564613682463581,0.5919123349629563,0.9993269408076711,0.26805172569524344,0.6754580035733692,0.37886612890044685,toy_04_solubility_46,108.35061645507812,0.33085623383522034,0.8214285969734192,0.23513582348823547,0.9285714030265808
toy_04_solubility,47,9.245343208312988,11.32265625,6400,2835,5428,972,0.3459837877671334,0.24189388356669123,0.5421886514369932,0.5823265211310713,0.9993459837877671,0.2642504713479587,0.6660188037637286,0.36877915510585524,toy_04_solubility_47,120.23478698730469,0.3067816197872162,0.8928571343421936,0.24367815256118774,0.9285714030265808
toy_04_solubility,48,9.258235931396484,11.3615625,6400,2752,5490,910,0.33970856102003644,0.23406193078324225,0.5377959927140255,0.5737549951739521,0.9992714025500911,0.2644169139547119,0.6639645412493766,0.36102095618372976,toy_04_solubility_48,125.89397430419922,0.4070453345775604,0.7857142686843872,0.3140100836753845,0.8928571343421936
toy_04_solubility,49,9.253215789794922,11.3746875,6400,2696,5552,848,0.3470821325648415,0.2355907780979827,0.542957492795389,0.5831380417130145,0.9990814121037465,0.26149969134314643,0.658486310289921,0.35477540638551264,toy_04_solubility_49,118.32783508300781,0.49978217482566833,0.6785714030265808,0.3123898208141327,0.8571428656578064
toy_04_solubility,50,9.260051727294922,11.40115625,32000,7558,27846,4154,0.3370681605975724,0.2260647848883143,0.5359477124183006,0.5787792087386566,0.9992153271565036,0.261789701843903,0.6487103104526823,0.3554979382327256,toy_04_solubility_50,115.12406921386719,0.3052838146686554,0.8928571343421936,0.2998664081096649,0.8571428656578064
toy_04_solubility,51,9.26679801940918,11.39640625,6400,2565,5608,792,0.3225748930099857,0.2148716119828816,0.5258024251069899,0.5266866919007457,0.9991797432239659,0.26042804681875986,0.6491213968967259,0.34534847398641927,toy_04_solubility_51,101.54159545898438,0.363923579454422,0.75,0.4550710618495941,0.8214285969734192
toy_04_solubility,52,9.255751609802246,11.4678125,6400,2642,5530,870,0.33652802893309225,0.2162748643761302,0.5355696202531646,0.5306839396852637,0.9993580470162748,0.26090792244737204,0.645400286198201,0.3429033235347817,toy_04_solubility_52,125.69419860839844,0.39166510105133057,0.8571428656578064,0.3532082438468933,0.8571428656578064
toy_04_solubility,53,9.26524543762207,11.41671875,6400,2642,5486,914,0.33394094057601165,0.21892088953700328,0.5337586584032081,0.5484963659374237,0.9991523878964638,0.259832600867386,0.6434303800489864,0.34196142243259403,toy_04_solubility_53,113.54969787597656,0.5463362336158752,0.7857142686843872,0.36308756470680237,0.8571428656578064
toy_04_solubility,54,9.26457405090332,11.44578125,6400,2654,5482,918,0.33619117110543595,0.2199927033929223,0.5353338197738051,0.5574225387623033,0.9993797883983948,0.26217447426714063,0.6366667537795909,0.339485440721352,toy_04_solubility_54,114.93560791015625,0.35604533553123474,0.8571428656578064,0.19289514422416687,0.9642857313156128
toy_04_solubility,55,9.231239318847656,11.61046875,6400,2738,5478,922,0.3378970427163198,0.2294633077765608,0.5365279299014237,0.5189625309604398,0.9991967871485944,0.26208280366312775,0.6310805672393598,0.3371296553413753,toy_04_solubility_55,104.27515411376953,0.3407640755176544,0.8214285969734192,0.3799148201942444,0.8214285969734192
toy_04_solubility,56,9.238665580749512,11.61921875,6400,2751,5450,950,0.3357798165137615,0.2381651376146789,0.5350458715596329,0.5359204862021885,0.9991559633027524,0.2629903069610124,0.6379124851937409,0.338503448110524,toy_04_solubility_56,117.62279510498047,0.3087836802005768,0.8571428656578064,0.44897857308387756,0.75
toy_04_solubility,57,9.257122993469238,11.5078125,6400,2657,5455,945,0.3308890925756187,0.2298808432630614,0.5316223648029329,0.5792733451592353,0.9993033913840513,0.26772085740060564,0.630307571731818,0.3439166737062223,toy_04_solubility_57,115.50611877441406,0.36289721727371216,0.8571428656578064,0.3732178509235382,0.8214285969734192
toy_04_solubility,58,9.26881217956543,11.47984375,6400,2673,5514,886,0.33424011606819004,0.23920928545520492,0.5339680812477329,0.5085394810047091,0.9993199129488575,0.26874007454201426,0.6343677594851033,0.341685977045291,toy_04_solubility_58,111.94981384277344,0.1581055074930191,0.9642857313156128,0.48142561316490173,0.75
toy_04_solubility,59,9.262267112731934,11.4984375,6400,2657,5512,888,0.3276487663280116,0.23312772133526852,0.529354136429608,0.5452284633420301,0.9992470972423801,0.2693260216533318,0.6339286322255522,0.34625663159153613,toy_04_solubility_59,109.4603271484375,0.3711193799972534,0.8214285969734192,0.43279382586479187,0.8214285969734192
toy_04_solubility,60,9.27652359008789,11.398375,32000,7430,27760,4240,0.328314121037464,0.23119596541786744,0.5298198847262249,0.5837622436587999,0.999324567723343,0.27066143569304885,0.6324835145871064,0.3459796547869664,toy_04_solubility_60,97.49554443359375,0.3236113488674164,0.8214285969734192,0.22986680269241333,0.9285714030265808
toy_04_solubility,61,9.313405990600586,11.19171875,6400,2507,5604,796,0.3217344753747323,0.22519628836545325,0.5252141327623125,0.5705696507542977,0.9994289793004998,0.2712336198297692,0.6372226313735947,0.34280466236125423,toy_04_solubility_61,106.75714111328125,0.4201534390449524,0.7857142686843872,0.2754499614238739,0.9285714030265808
toy_04_solubility,62,9.349457740783691,11.08109375,6400,2416,5635,765,0.30967169476486245,0.20816326530612245,0.5167701863354036,0.6283918047456264,0.9991836734693877,0.27241586440516125,0.6361932124671877,0.3390177586334248,toy_04_solubility_62,106.81925964355469,0.37911802530288696,0.75,0.23134352266788483,0.9285714030265808
toy_04_solubility,63,9.370828628540039,10.8965625,6400,2353,5660,740,0.307773851590106,0.2008833922261484,0.5154416961130741,0.5921056011782495,0.9992402826855125,0.27317540738308893,0.6410980809131559,0.3453953511350109,toy_04_solubility_63,128.21339416503906,0.3727664351463318,0.8571428656578064,0.23874683678150177,0.8928571343421936
toy_04_solubility,64,9.365493774414062,10.96109375,6400,2399,5629,771,0.3155089713981169,0.20856279978681827,0.5208562799786818,0.5375231160710878,0.9991916859122402,0.2737833688734412,0.6350833558032559,0.3425926036622923,toy_04_solubility_64,104.9332275390625,0.5630185008049011,0.6785714030265808,0.1707603633403778,0.9642857313156128
toy_04_solubility,65,9.35775089263916,11.05203125,6400,2439,5604,796,0.3158458244111349,0.22037830121341898,0.5210920770877944,0.5444480965159991,0.999241613133476,0.2757806896116506,0.629992495631222,0.34739863886575395,toy_04_solubility_65,107.73011016845703,0.27709800004959106,0.8928571343421936,0.18821270763874054,0.9285714030265808
toy_04_solubility,66,9.362656593322754,10.94921875,6400,2388,5661,739,0.31213566507684154,0.22504857798975447,0.518494965553789,0.5713708829703483,0.999099099099099,0.2789195733926802,0.6277174193790859,0.35885562054190734,toy_04_solubility_66,110.85028076171875,0.5151315331459045,0.75,0.36023953557014465,0.75
toy_04_solubility,67,9.36667251586914,10.97625,6400,2476,5638,762,0.34196523589925504,0.250443419652359,0.5393756651294784,0.5355071501473486,0.9992550549840369,0.282064725210115,0.6265211004963233,0.36480705098508753,toy_04_solubility_67,116.1458740234375,0.28636911511421204,0.8928571343421936,0.36595287919044495,0.8214285969734192
toy_04_solubility,68,9.337319374084473,11.13203125,6400,2563,5591,809,0.336254695045609,0.2545161867286711,0.5353782865319262,0.5684788056416723,0.9990431049901627,0.2803868526547565,0.6223765813518863,0.3714550852993944,toy_04_solubility_68,126.695068359375,0.3015207350254059,0.9285714030265808,0.2567197382450104,0.9285714030265808
toy_04_solubility,69,9.33263874053955,11.17859375,6400,2618,5545,855,0.35852119026149687,0.27195671776375113,0.5509648331830477,0.5329611197280212,0.9991794409377819,0.2826429457384147,0.6212890837998049,0.37552259701036395,toy_04_solubility_69,119.05946350097656,0.2339896410703659,0.8928571343421936,0.33901792764663696,0.8571428656578064
toy_04_solubility,70,9.31368637084961,11.24665625,32000,7411,27873,4127,0.37667276575897823,0.2922182757507265,0.5636709360312848,0.6249661452225176,0.9989452158002369,0.2855208978001474,0.6154767052201295,0.3850913338201249,toy_04_solubility_70,110.88130950927734,0.19061774015426636,0.9285714030265808,0.17147913575172424,0.9642857313156128
toy_04_solubility,71,9.296302795410156,11.31328125,6400,2766,5565,835,0.39101527403414194,0.30727762803234504,0.5737106918238992,0.5082516094464251,0.9989218328840971,0.2883281918401398,0.6111908107056319,0.39714677705687457,toy_04_solubility_71,113.99150085449219,0.3518241345882416,0.75,0.4184717833995819,0.7857142686843872
toy_04_solubility,72,9.300082206726074,11.26546875,6400,2765,5536,864,0.40516618497109824,0.3273121387283237,0.5836163294797687,0.5774903172510119,0.9991871387283237,0.29239809836410974,0.6039415706812765,0.4085843058842309,toy_04_solubility_72,121.72218322753906,0.4395189881324768,0.75,0.3244874179363251,0.8571428656578064
toy_04_solubility,73,9.269209861755371,11.3634375,6400,2842,5535,865,0.4229448961156278,0.34254742547425476,0.5960614272809395,0.6216928050052276,0.9989250225835591,0.2908860988724906,0.6026974112580502,0.4164410228949003,toy_04_solubility_73,128.2813720703125,0.3035706877708435,0.8571428656578064,0.4353993237018585,0.7857142686843872
toy_04_solubility,74,9.252676010131836,11.44484375,6400,2848,5530,870,0.43074141048824593,0.3594936708860759,0.6015189873417721,0.5005917895204665,0.9987251356238698,0.29206676546482724,0.5999371025324021,0.421003414395167,toy_04_solubility_74,123.63677978515625,0.4898381531238556,0.6428571343421936,0.23684729635715485,0.8571428656578064
toy_04_solubility,75,9.232989311218262,11.51234375,6400,2919,5456,944,0.4336510263929619,0.3654692082111437,0.6035557184750733,0.49858666408644414,0.9989369501466275,0.2920243481291738,0.5974198400719036,0.42411606513732036,toy_04_solubility_75,116.26029968261719,0.44845038652420044,0.8571428656578064,0.46620050072669983,0.7857142686843872
toy_04_solubility,76,9.2244873046875,11.51453125,6400,2853,5457,943,0.42880703683342497,0.3619204691222283,0.6001649257833974,0.5485126163306209,0.9987538940809969,0.2943921858354895,0.5912778824362551,0.43148670969190933,toy_04_solubility_76,132.26210021972656,0.25099068880081177,0.8571428656578064,0.3149949312210083,0.8214285969734192
toy_04_solubility,77,9.209603309631348,11.5653125,6400,2873,5442,958,0.4310915104740904,0.36806321205439174,0.6017640573318633,0.5274092934037965,0.9986126424108784,0.29548193215171176,0.5874073470656459,0.43141803655111294,toy_04_solubility_77,117.19265747070312,0.39593806862831116,0.8214285969734192,0.23593464493751526,0.8571428656578064
toy_04_solubility,78,9.202817916870117,11.6325,6400,2929,5510,890,0.4453720508166969,0.37894736842105264,0.6117604355716877,0.5164043561944575,0.9990381125226862,0.2945734760121457,0.582079931690703,0.4366015636891727,toy_04_solubility_78,114.12751770019531,0.49149090051651,0.7857142686843872,0.246229350566864,0.8928571343421936
toy_04_solubility,79,9.215312004089355,11.5996875,6400,2890,5545,855,0.436429215509468,0.3738503155996393,0.6055004508566275,0.5213053317677766,0.9992245266005412,0.2942391457118475,0.5855278141929883,0.4304459243686674,toy_04_solubility_79,124.45122528076172,0.18296416103839874,0.9642857313156128,0.3959258198738098,0.8214285969734192
toy_04_solubility,80,9.224996566772461,11.57540625,32000,8095,27736,4264,0.4273146812806461,0.3596048456879146,0.5991202768964523,0.4676491881801669,0.9990716036919527,0.2936472911641957,0.5833733533905163,0.43008923655373327,toy_04_solubility_80,119.93524169921875,0.22264309227466583,0.8928571343421936,0.47158172726631165,0.75
toy_04_solubility,81,9.241058349609375,11.5390625,6400,2826,5585,815,0.42148612354521037,0.3502238137869293,0.5950402864816473,0.569165429838957,0.9991226499552374,0.29390953055379715,0.5783924837929849,0.43127612579615954,toy_04_solubility_81,108.93325805664062,0.25927338004112244,0.8928571343421936,0.24156905710697174,0.8928571343421936
toy_04_solubility,82,9.244647026062012,11.5515625,6400,2824,5562,838,0.40884573894282633,0.3401654081265732,0.5861920172599784,0.5229043400452765,0.9991999280834231,0.29163816059858344,0.5813965990405245,0.428498966271538,toy_04_solubility_82,117.43863677978516,0.3818519115447998,0.8214285969734192,0.22083090245723724,0.9285714030265808
toy_04_solubility,83,9.237388610839844,11.59515625,6400,2776,5622,778,0.39381003201707576,0.32426182853077196,0.575667022411953,0.5343542315901499,0.9991995731056563,0.2916749475733361,0.581131020703217,0.4219279391920564,toy_04_solubility_83,109.82927703857422,0.38341161608695984,0.7857142686843872,0.25194650888442993,0.8928571343421936
toy_04_solubility,84,9.269976615905762,11.49421875,6400,2708,5665,735,0.3917034421888791,0.3156222418358341,0.5741924095322153,0.4571440635138644,0.9992321270962047,0.2908222482189489,0.5768243321979043,0.41894912842659887,toy_04_solubility_84,113.4634780883789,0.3506912291049957,0.8571428656578064,0.18506859242916107,0.9285714030265808
toy_04_solubility,85,9.295151710510254,11.3646875,6400,2661,5626,774,0.3793103448275862,0.3034127266263775,0.5655172413793104,0.4880573436137066,0.999182367579097,0.28911130524290324,0.5765808743408201,0.41614617297186973,toy_04_solubility_85,111.1368408203125,0.39689183235168457,0.8214285969734192,0.37447646260261536,0.8571428656578064
toy_04_solubility,86,9.313468933105469,11.18359375,6400,2574,5678,722,0.35241282141599156,0.26875660443818244,0.546688974991194,0.5063475601905404,0.9993307502641775,0.2897584423744722,0.5751333032388325,0.4111353707274829,toy_04_solubility_86,111.13589477539062,0.39267539978027344,0.8214285969734192,0.2509797215461731,0.8928571343421936
toy_04_solubility,87,9.336092948913574,11.11765625,6400,2494,5682,718,0.33914114748328056,0.2662794790566702,0.5373988032382963,0.49220027092940316,0.999208025343189,0.28780431801320533,0.580972424858611,0.4027746921343481,toy_04_solubility_87,103.53382873535156,0.18460200726985931,0.9285714030265808,0.2459147870540619,0.8928571343421936
toy_04_solubility,88,9.34827995300293,10.935,6400,2408,5709,691,0.33596076370642847,0.24995620949378175,0.5351725345944999,0.5193577755828819,0.99935190050797,0.28566993778314675,0.5818979049594893,0.39813890990577705,toy_04_solubility_88,105.51935577392578,0.4076419472694397,0.7857142686843872,0.21407625079154968,0.9285714030265808
toy_04_solubility,89,9.368197441101074,10.7684375,6400,2345,5710,690,0.3336252189141856,0.2392294220665499,0.53353765323993,0.5080803037276118,0.9991856392294222,0.28541690722969737,0.5876643214574989,0.3964528353439137,toy_04_solubility_89,107.32144165039062,0.2618406116962433,0.8571428656578064,0.20281806588172913,0.9285714030265808
toy_04_solubility,90,9.363838195800781,10.80840625,32000,6262,28694,3306,0.3254338886178295,0.23548477033526172,0.5278037220324806,0.5254961350540557,0.9992838224018957,0.28523568322791953,0.5903907343248158,0.39469825918346707,toy_04_solubility_90,112.95802307128906,0.37079429626464844,0.8214285969734192,0.343741774559021,0.8571428656578064
toy_04_solubility,91,9.376243591308594,10.70296875,6400,2253,5765,635,0.3280138768430182,0.23902862098872507,0.5296097137901127,0.5703694454028764,0.9994015611448396,0.2863009047103358,0.5985040478125204,0.39680249657443395,toy_04_solubility_91,109.51002502441406,0.2133769541978836,0.8571428656578064,0.4657335877418518,0.7857142686843872
toy_04_solubility,92,9.386148452758789,10.54296875,6400,2256,5725,675,0.33082969432314413,0.23528384279475983,0.5315807860262008,0.5770346032668506,0.9993275109170305,0.28944671905020336,0.6047181884472163,0.39961253245122696,toy_04_solubility_92,112.52531433105469,0.42771729826927185,0.8214285969734192,0.3267190754413605,0.8571428656578064
toy_04_solubility,93,9.368189811706543,10.606875,6400,2229,5779,621,0.31839418584530194,0.23014362346426717,0.5228759300917113,0.5884251141915746,0.9994722270288977,0.28974243998507604,0.5984813189592372,0.40026438631197053,toy_04_solubility_93,115.496337890625,0.32897716760635376,0.8214285969734192,0.3009512722492218,0.8214285969734192
toy_04_solubility,94,9.332792282104492,10.65546875,6400,2266,5750,650,0.3283478260869565,0.2405217391304348,0.5298434782608694,0.6615545740881436,0.9993391304347826,0.2934054370960426,0.606456949441205,0.4139801683502543,toy_04_solubility_94,105.90589904785156,0.16069021821022034,0.8928571343421936,0.3006622791290283,0.8214285969734192
toy_04_solubility,95,9.321483612060547,10.694375,6400,2247,5749,651,0.3209253783266655,0.23899808662376065,0.5246477648286658,0.5964375607265691,0.9994868672812662,0.29713552684007055,0.6124758616756454,0.40883909181741396,toy_04_solubility_95,107.755126953125,0.3965742886066437,0.8214285969734192,0.26043352484703064,0.8928571343421936
toy_04_solubility,96,9.33923625946045,10.599375,6400,2233,5790,610,0.31001727115716754,0.2229706390328152,0.5170120898100172,0.5681495504295292,0.9994818652849741,0.29705785767193293,0.6112708817040852,0.41448091543750043,toy_04_solubility_96,117.54885864257812,0.29822587966918945,0.9285714030265808,0.2930746376514435,0.8571428656578064
toy_04_solubility,97,9.306079864501953,10.76953125,6400,2281,5789,611,0.31421661772326825,0.23216444981862153,0.5199516324062877,0.5741684918804639,0.9994990499222665,0.30116882182725047,0.6089918527740411,0.42198259858634934,toy_04_solubility_97,128.62408447265625,0.22400131821632385,0.8214285969734192,0.1798141598701477,0.9285714030265808
toy_04_solubility,98,9.29825496673584,10.84828125,6400,2328,5790,610,0.3319516407599309,0.24145077720207253,0.5323661485319516,0.6219104353182171,0.9995509499136441,0.30222040861374944,0.6078819770310823,0.42309310208549067,toy_04_solubility_98,115.83380126953125,0.43865102529525757,0.8214285969734192,0.37603330612182617,0.7857142686843872
toy_04_solubility,99,9.286918640136719,10.86375,6400,2311,5792,608,0.3173342541436464,0.22496546961325967,0.5221339779005525,0.5962595120857409,0.9994475138121546,0.3046843911194003,0.6137758922396067,0.4238197446729856,toy_04_solubility_99,123.10005187988281,0.34341904520988464,0.8571428656578064,0.41025039553642273,0.8214285969734192
toy_04_solubility,100,9.26956844329834,10.9861875,32000,6557,28760,3240,0.32169680111265647,0.23268428372739916,0.5251877607788595,0.5350983229077695,0.9993393602225313,0.3042925094942981,0.6110628836089108,0.4226024102186051,toy_04_solubility_100,104.01741027832031,0.325239896774292,0.8571428656578064,0.44531676173210144,0.8214285969734192
toy_04_solubility,101,9.273728370666504,11.03734375,6400,2419,5743,657,0.3224795403099425,0.2279296534912067,0.5257356782169597,0.5625729660395365,0.9991729061466132,0.30267173167303796,0.6178073676175214,0.4160894836561074,toy_04_solubility_101,110.92366790771484,0.2645639479160309,0.9285714030265808,0.5208345055580139,0.6071428656578064
toy_04_solubility,102,9.255770683288574,11.1621875,6400,2440,5676,724,0.31042988019732204,0.23150105708245244,0.5173009161381255,0.6175804562584601,0.9995507399577167,0.3031689609939132,0.6181882535893262,0.41199211149819237,toy_04_solubility_102,117.97679138183594,0.4869637191295624,0.7857142686843872,0.31179794669151306,0.8571428656578064
toy_04_solubility,103,9.270919799804688,11.09140625,6400,2430,5668,732,0.3165137614678899,0.2304163726182075,0.5215596330275228,0.5518909819149893,0.9994971771347918,0.3037730089733489,0.6111712855713626,0.41967250872573353,toy_04_solubility_103,112.42742919921875,0.3203340768814087,0.8928571343421936,0.3690260648727417,0.8571428656578064
toy_04_solubility,104,9.234648704528809,11.27296875,6400,2454,5650,750,0.3187610619469027,0.23026548672566372,0.5231327433628318,0.5306282748122716,0.999424778761062,0.30269429410015897,0.6090619374931521,0.4110042012897401,toy_04_solubility_104,120.37366485595703,0.5030426383018494,0.7142857313156128,0.31096118688583374,0.8214285969734192
toy_04_solubility,105,9.24447250366211,11.2603125,6400,2430,5697,703,0.33789713884500616,0.24363700193084079,0.5365279971915042,0.5189456182946318,0.9992101105845181,0.30198020144983184,0.610059541093974,0.4129047885567717,toy_04_solubility_105,119.62716674804688,0.3825656473636627,0.7857142686843872,0.24075309932231903,0.8928571343421936
toy_04_solubility,106,9.209614753723145,11.37921875,6400,2466,5701,699,0.3306437467111033,0.2441676898789686,0.5314506226977723,0.5762049359150463,0.9993159094895633,0.2997820135612018,0.610253957673026,0.40666185981216313,toy_04_solubility_106,117.14981079101562,0.5486845970153809,0.75,0.45491042733192444,0.7142857313156128
toy_04_solubility,107,9.195324897766113,11.4475,6400,2493,5669,731,0.3408008467101782,0.24307638031398834,0.5385605926971246,0.5525285704302653,0.9991444699241488,0.29678118525087627,0.6068069990554964,0.40982198661712854,toy_04_solubility_107,109.53081512451172,0.24764178693294525,0.8928571343421936,0.30415579676628113,0.8214285969734192
toy_04_solubility,108,9.225127220153809,11.38078125,6400,2492,5651,749,0.32525216775791893,0.22173066713855955,0.5276765174305432,0.5580427398132383,0.9991240488409131,0.2981784929845233,0.6056556526531649,0.40540781438921714,toy_04_solubility_108,112.27816009521484,0.3586881458759308,0.8571428656578064,0.3226650059223175,0.8928571343421936
toy_04_solubility,109,9.219256401062012,11.41875,6400,2530,5591,809,0.33053121087461995,0.22804507243784655,0.5313718476122339,0.5781165649920424,0.9994365945269184,0.2954602417701388,0.6060055849167119,0.40255782292104786,toy_04_solubility_109,109.66577911376953,0.31006884574890137,0.8214285969734192,0.11291114240884781,0.9642857313156128
toy_04_solubility,110,9.214072227478027,11.443125,32000,6976,27969,4031,0.32393006542958275,0.214558976009153,0.5267510458007079,0.5523300209174619,0.9991562086595873,0.29592235299514646,0.6080792714071592,0.39830556456460703,toy_04_solubility_110,111.72808837890625,0.2911878526210785,0.8928571343421936,0.2940210700035095,0.8214285969734192
toy_04_solubility,111,9.202776908874512,11.4953125,6400,2423,5603,797,0.32232732464751024,0.20631804390505087,0.5256291272532571,0.539525274701916,0.999187935034803,0.29465354551481515,0.6126922486422447,0.3918313512930575,toy_04_solubility_111,122.4095458984375,0.5528766512870789,0.8214285969734192,0.40663063526153564,0.8928571343421936
toy_04_solubility,112,9.2249116897583,11.414375,6400,2448,5649,751,0.32164984953089043,0.2094175960346964,0.5251548946716232,0.5737237140995189,0.9992211010798372,0.29269273859027417,0.6048668045166912,0.38756323428116385,toy_04_solubility_112,125.06724548339844,0.42159685492515564,0.7142857313156128,0.2622494101524353,0.8928571343421936
toy_04_solubility,113,9.233034133911133,11.375625,6400,2391,5663,737,0.3134381070104185,0.19494967331802932,0.5194066749072929,0.5737009634445391,0.9991347342398023,0.2884831802593795,0.6074721617833654,0.38229714623661026,toy_04_solubility_113,113.19718933105469,0.6127235889434814,0.6785714030265808,0.2553544342517853,0.8928571343421936
toy_04_solubility,114,9.243330955505371,11.36375,6400,2347,5725,675,0.3018340611353712,0.18672489082969432,0.5112838427947597,0.4618094485094445,0.9990131004366812,0.2886129798479798,0.6056872758148366,0.37986100794531075,toy_04_solubility_114,112.28030395507812,0.22633673250675201,0.9642857313156128,0.38625991344451904,0.8214285969734192
toy_04_solubility,115,9.237632751464844,11.39453125,6400,2392,5701,699,0.30345553411682163,0.1913699350991054,0.5124188738817751,0.5121314929129989,0.9989914050166637,0.2906506511376148,0.6076410416978976,0.3738043342917812,toy_04_solubility_115,114.29045104980469,0.40729787945747375,0.7857142686843872,0.37458720803260803,0.7857142686843872
toy_04_solubility,116,9.245332717895508,11.3784375,6400,2396,5685,715,0.3074758135444151,0.19472295514511873,0.5152330694810905,0.5440354444777038,0.9989973614775726,0.2902077963429031,0.5940521907971295,0.38094537029054365,toy_04_solubility_116,108.4378890991211,0.3947996497154236,0.7857142686843872,0.19285203516483307,0.8928571343421936
toy_04_solubility,117,9.238722801208496,11.38390625,6400,2354,5768,632,0.31761442441054094,0.1967753120665742,0.5223300970873785,0.506212631489301,0.9991504854368932,0.2889954001608297,0.5941968207471605,0.3766159034546771,toy_04_solubility_117,115.14057922363281,0.22228029370307922,0.8928571343421936,0.2594973146915436,0.8928571343421936
toy_04_solubility,118,9.244344711303711,11.32453125,6400,2348,5737,663,0.30224856196618444,0.18249956423217709,0.511573993376329,0.48166106755946103,0.9992766254139795,0.28943870710675534,0.5923673902277001,0.37634845864660377,toy_04_solubility_118,122.53202819824219,0.24911050498485565,0.8214285969734192,0.2304646223783493,0.9285714030265808
toy_04_solubility,119,9.233570098876953,11.36640625,6400,2377,5758,642,0.3113928447377562,0.19364362625911774,0.5179749913164292,0.5445478845103896,0.9990795415074678,0.2919505313128821,0.5954310691999941,0.3838887251609919,toy_04_solubility_119,103.31362915039062,0.3223910331726074,0.8214285969734192,0.3266538381576538,0.8571428656578064
toy_04_solubility,120,9.240033149719238,11.3545625,32000,6654,28765,3235,0.31020337215365895,0.19249087432643838,0.5171423605075612,0.5155278682929847,0.9991291500086911,0.29052002616559586,0.5980744555851653,0.3824662479675145,toy_04_solubility_120,132.0637664794922,0.2136937975883484,0.8928571343421936,0.2644195854663849,0.8571428656578064
toy_04_solubility,121,9.23788833618164,11.38109375,6400,2528,5707,693,0.3127737865778868,0.20133169791484143,0.5189416506045207,0.5389668752405594,0.9993166287015945,0.29058651891143916,0.6027674870478598,0.38381673850497605,toy_04_solubility_121,117.5392074584961,0.374371200799942,0.8214285969734192,0.2784475088119507,0.9642857313156128
toy_04_solubility,122,9.212860107421875,11.441875,6400,2534,5738,662,0.3206692227256884,0.20930637852910422,0.5244684559079819,0.476196272206,0.999093760892297,0.2959980352499954,0.5954131362300107,0.3996785109454268,toy_04_solubility_122,115.60150146484375,0.32341888546943665,0.8571428656578064,0.4168807864189148,0.7142857313156128
toy_04_solubility,123,9.227265357971191,11.4084375,6400,2468,5810,590,0.3287435456110155,0.21738382099827883,0.5301204819277108,0.4788552610924828,0.9993717728055078,0.2956614009163224,0.6002925282901569,0.39530088867125784,toy_04_solubility_123,110.74211120605469,0.3114784061908722,0.8928571343421936,0.2473345547914505,0.8928571343421936
toy_04_solubility,124,9.240047454833984,11.24,6400,2451,5737,663,0.3257800244029981,0.20916855499389925,0.5280460170820986,0.6055457935125398,0.9990936029283598,0.2971633866029303,0.5998101683064294,0.40935681321147954,toy_04_solubility_124,116.87723541259766,0.19038431346416473,0.9285714030265808,0.4681824743747711,0.7142857313156128
toy_04_solubility,125,9.25107479095459,11.17984375,6400,2394,5797,603,0.3184405727100224,0.2013110229429015,0.5229084008970156,0.6167020795055141,0.9994048645851302,0.2997448194854174,0.6056097064236186,0.4108233750686005,toy_04_solubility_125,115.76200103759766,0.37412092089653015,0.75,0.3323487937450409,0.7857142686843872
toy_04_solubility,126,9.261488914489746,11.0778125,6400,2389,5828,572,0.32618393960192177,0.21002059025394645,0.5283287577213451,0.5328443351571076,0.9994595058339053,0.3013672992808774,0.6094768738675552,0.4137125623139771,toy_04_solubility_126,118.29962158203125,0.28784167766571045,0.8571428656578064,0.5479057431221008,0.6428571343421936
toy_04_solubility,127,9.257284164428711,11.05609375,6400,2352,5836,564,0.3240233036326251,0.20424948594928033,0.5268163125428376,0.5758158690054835,0.9992460589444826,0.29979474067712736,0.605647709676615,0.4194649193791931,toy_04_solubility_127,98.51576232910156,0.25912439823150635,0.7857142686843872,0.1797962188720703,0.9285714030265808
toy_04_solubility,128,9.25905990600586,10.9834375,6400,2327,5835,565,0.3227077977720651,0.19708654670094258,0.5258954584404455,0.6008296525522094,0.9994344473007711,0.302598766535369,0.6120375158199576,0.42421021156666977,toy_04_solubility_128,124.16477966308594,0.21151745319366455,0.8928571343421936,0.24691392481327057,0.8571428656578064
toy_04_solubility,129,9.28082275390625,10.87359375,6400,2325,5847,553,0.3220454934154267,0.2030100906447751,0.5254318453907987,0.65939825687771,0.9993757482469643,0.3032812574841989,0.6127988716245379,0.4289019657803941,toy_04_solubility_129,114.29217529296875,0.31620386242866516,0.8928571343421936,0.7123537659645081,0.5714285969734192
toy_04_solubility,130,9.29047679901123,10.81475,32000,6176,29103,2897,0.31635913823317185,0.19125176098683985,0.5214513967632202,0.5764049531382565,0.9992612445452359,0.30352690618903316,0.6157096437481664,0.42700893098826675,toy_04_solubility_130,119.9371337890625,0.32638564705848694,0.8214285969734192,0.1526276171207428,0.9642857313156128
toy_04_solubility,131,9.291876792907715,10.7675,6400,2306,5785,615,0.3104580812445981,0.1856525496974935,0.5173206568712186,0.6148511040210539,0.9989801210025929,0.3042303349774525,0.6153403869052962,0.4305131623751038,toy_04_solubility_131,104.3707275390625,0.35818010568618774,0.8571428656578064,0.2943354845046997,0.8571428656578064
toy_04_solubility,132,9.29491901397705,10.765625,6400,2259,5793,607,0.3184878301398239,0.19022958743310892,0.5229414810978766,0.6212237045169785,0.9989297427930259,0.3046651098633462,0.6153206927850334,0.432107279812317,toy_04_solubility_132,108.5352783203125,0.17670856416225433,0.9642857313156128,0.22632089257240295,0.9285714030265808
toy_04_solubility,133,9.281975746154785,10.8346875,6400,2251,5775,625,0.3116883116883117,0.1882251082251082,0.5181818181818182,0.6326550387990737,0.9993593073593073,0.3035194162854954,0.6182869923055503,0.4303499545606169,toy_04_solubility_133,103.34393310546875,0.21837562322616577,0.9285714030265808,0.45626819133758545,0.7857142686843872
toy_04_solubility,134,9.275008201599121,10.8321875,6400,2280,5791,609,0.321015368675531,0.20048350889311,0.5247107580728716,0.6270255491125039,0.9993351752719737,0.30359973873414414,0.61472914785306,0.4347574293867393,toy_04_solubility_134,106.98204803466797,0.23790569603443146,0.9285714030265808,0.29674404859542847,0.8571428656578064
toy_04_solubility,135,9.273364067077637,10.8190625,6400,2215,5776,624,0.30211218836565096,0.1843836565096953,0.5114785318559556,0.6468441234871222,0.9991430055401662,0.30690452242521327,0.6193619980160371,0.4391359256053519,toy_04_solubility_135,112.9638671875,0.24159877002239227,0.9285714030265808,0.2843935489654541,0.8928571343421936
toy_04_solubility,136,9.279132843017578,10.7953125,6400,2252,5729,671,0.314540059347181,0.19235468668179437,0.5201780415430266,0.6144737346798302,0.9991185198114854,0.3036636756126232,0.6166550962146656,0.4368652413345464,toy_04_solubility_136,114.50665283203125,0.37345433235168457,0.8571428656578064,0.28638216853141785,0.8214285969734192
toy_04_solubility,137,9.275056838989258,10.83859375,6400,2220,5757,643,0.3102310231023102,0.18603439291297552,0.517161716171617,0.5995183525083572,0.9992530832030573,0.30247808662897663,0.6186815754045157,0.43063855916355276,toy_04_solubility_137,101.8257064819336,0.29892128705978394,0.8571428656578064,0.11763892322778702,1.0
toy_04_solubility,138,9.280281066894531,10.75109375,6400,2180,5780,620,0.2991349480968858,0.17716262975778546,0.50939446366782,0.6113603466883256,0.9990570934256056,0.30538364035387494,0.6114907916562978,0.4354737054708985,toy_04_solubility_138,104.31658935546875,0.36350950598716736,0.7857142686843872,0.2355090230703354,0.8928571343421936
toy_04_solubility,139,9.310051918029785,10.63078125,6400,2091,5808,592,0.28202479338842973,0.16821625344352617,0.49741735537190074,0.6483545248911015,0.9992510330578511,0.3036461386614751,0.6162238357774747,0.42756889841176277,toy_04_solubility_139,104.79437255859375,0.2810567021369934,0.8571428656578064,0.3521266281604767,0.8928571343421936
toy_04_solubility,140,9.305359840393066,10.689375,32000,5583,29133,2867,0.2894655545257955,0.1731026670785707,0.5026258881680568,0.5909892919485923,0.9990062815364021,0.30233968507249587,0.6107858430467865,0.4268754774206471,toy_04_solubility_140,110.3575210571289,0.40654391050338745,0.7857142686843872,0.3353760540485382,0.8214285969734192
toy_04_solubility,141,9.325511932373047,10.6253125,6400,2064,5804,596,0.29186767746381803,0.17419021364576154,0.5043073742246726,0.636054669723078,0.9992074431426602,0.2992830539149585,0.61537822929862,0.42015882356853695,toy_04_solubility_141,111.47956085205078,0.319292277097702,0.8214285969734192,0.5873979926109314,0.75
toy_04_solubility,142,9.325572967529297,10.74109375,6400,2092,5784,616,0.28042876901798064,0.17081604426002767,0.49630013831258635,0.5869501090770812,0.9992479253112032,0.2972392324238134,0.6105626665649805,0.4100589096173625,toy_04_solubility_142,103.3945541381836,0.4598132371902466,0.8928571343421936,0.2701646089553833,0.8928571343421936
toy_04_solubility,143,9.326254844665527,10.72234375,6400,2013,5778,622,0.28002769124264454,0.17601246105919002,0.49601938386985117,0.5806754251621383,0.9990221529941157,0.29483351445911143,0.6110377750687355,0.40391040118929966,toy_04_solubility_143,98.13667297363281,0.37513893842697144,0.8214285969734192,0.3507087826728821,0.8214285969734192
toy_04_solubility,144,9.336414337158203,10.7540625,6400,2097,5728,672,0.2915502793296089,0.18138966480446927,0.5040851955307262,0.5449996811946237,0.9992056564245811,0.29328519121825325,0.6127412125729736,0.39918073036247026,toy_04_solubility_144,89.11610412597656,0.34106001257896423,0.7857142686843872,0.24582712352275848,0.9285714030265808
toy_04_solubility,145,9.322271347045898,10.86078125,6400,2094,5708,692,0.2862648913805186,0.1769446391030133,0.500385423966363,0.5555065631197067,0.998896285914506,0.292123970728614,0.6019436054515134,0.4015891998341472,toy_04_solubility_145,99.6196517944336,0.2877213954925537,0.8928571343421936,0.25486624240875244,0.9285714030265808
toy_04_solubility,146,9.346071243286133,10.8078125,6400,2040,5781,619,0.29199100501643316,0.18578100674623768,0.5043937035115031,0.6007127700251239,0.9990572565300121,0.2912848257553328,0.5973370914939353,0.3985723305563079,toy_04_solubility_146,104.85224914550781,0.2238447666168213,0.9285714030265808,0.38443559408187866,0.7857142686843872
toy_04_solubility,147,9.343969345092773,10.82375,6400,2081,5719,681,0.28781255464242,0.17957684909949292,0.501468788249694,0.54790850969206,0.9992131491519496,0.29300400643862806,0.5988976499978553,0.3980553638182373,toy_04_solubility_147,103.4721908569336,0.44674161076545715,0.8214285969734192,0.28914299607276917,0.8928571343421936
toy_04_solubility,148,9.334086418151855,10.83890625,6400,2069,5808,592,0.2949380165289256,0.18422865013774103,0.5064566115702479,0.5613950245285453,0.9993887741046832,0.2918214089543654,0.5901868956014292,0.3997079118812998,toy_04_solubility_148,97.66825866699219,0.32724329829216003,0.8571428656578064,0.2465401142835617,0.8928571343421936
toy_04_solubility,149,9.318961143493652,10.93078125,6400,2120,5761,639,0.29994792570734247,0.18955042527339003,0.5099635479951397,0.5357750459379406,0.999314355146676,0.2899207870016502,0.5968125532268228,0.3973086616474276,toy_04_solubility_149,112.7895278930664,0.3154616057872772,0.8214285969734192,0.26473456621170044,0.8928571343421936
toy_04_solubility,150,9.307182312011719,11.0233125,32000,5588,28882,3118,0.30153728966138077,0.1922650785956651,0.5110761027629664,0.4912818781058864,0.9992538605359739,0.29139964627789994,0.5905151751944782,0.4021246362465951,toy_04_solubility_150,116.24226379394531,0.1970166116952896,0.9285714030265808,0.3635953366756439,0.8214285969734192
toy_04_solubility,151,9.287690162658691,11.1465625,6400,2173,5817,583,0.309265944645006,0.20405707409317517,0.5164861612515042,0.4853332710953245,0.9992092143716692,0.29114421781070754,0.5891938161011183,0.40656808314206794,toy_04_solubility_151,106.2545166015625,0.2118866890668869,0.8571428656578064,0.16677165031433105,0.9285714030265808
toy_04_solubility,152,9.251140594482422,11.30609375,6400,2299,5758,642,0.33049670024314,0.23185133726988538,0.531347690170198,0.547038433538471,0.9991924279263634,0.2948704930792876,0.584614606365998,0.4136793878170802,toy_04_solubility_152,99.3533706665039,0.3433566391468048,0.7857142686843872,0.4058273732662201,0.7857142686843872
toy_04_solubility,153,9.227222442626953,11.49484375,6400,2483,5687,713,0.3504483910673466,0.26499032882011603,0.5453138737471426,0.5201940838756006,0.9990680499384562,0.2942495199450096,0.5901289672954346,0.41783175199354716,toy_04_solubility_153,118.490478515625,0.42471662163734436,0.8571428656578064,0.29436448216438293,0.8214285969734192
toy_04_solubility,154,9.2096529006958,11.61015625,6400,2503,5732,668,0.3871249127704117,0.29483600837404045,0.5709874389392882,0.5832300570528741,0.9991277041172366,0.2980558413140022,0.5890662290136549,0.42523068625429505,toy_04_solubility_154,113.24678802490234,0.37957262992858887,0.8571428656578064,0.24711261689662933,0.8928571343421936
toy_04_solubility,155,9.194319725036621,11.6625,6400,2650,5738,662,0.4126873475078425,0.3283373997908679,0.5888811432554897,0.5882655995242406,0.9989456256535378,0.3018100020641635,0.5908231818110629,0.43334419356384846,toy_04_solubility_155,115.267822265625,0.2936399579048157,0.8214285969734192,0.3288767635822296,0.8571428656578064
toy_04_solubility,156,9.156072616577148,11.9209375,6400,2749,5694,706,0.4453811029153495,0.36898489638215665,0.6117667720407446,0.4407879624761861,0.9991482262030207,0.305733849553494,0.5875998788970102,0.4404338453303666,toy_04_solubility_156,106.32365417480469,0.2239408642053604,0.8571428656578064,0.36903050541877747,0.7857142686843872
toy_04_solubility,157,9.145735740661621,12.0140625,6400,2840,5666,734,0.47829156371337805,0.39622308506883164,0.6348040945993646,0.5380183666484285,0.9993116837274975,0.3082530747507248,0.5856245578578595,0.4472314959928423,toy_04_solubility_157,113.94142150878906,0.2755588889122009,0.8928571343421936,0.15510746836662292,0.9285714030265808
toy_04_solubility,158,9.138038635253906,12.08359375,6400,2984,5586,814,0.5137844611528822,0.44181883279627643,0.6596491228070175,0.4875197139244368,0.9994271392767632,0.31119206031586455,0.5830139506938579,0.4509666629507686,toy_04_solubility_158,115.45375061035156,0.35127389430999756,0.8571428656578064,0.24656610190868378,0.8571428656578064
toy_04_solubility,159,9.119402885437012,12.1540625,6400,2976,5481,919,0.5216201423097975,0.45520890348476556,0.6651340996168582,0.5509484599778328,0.9993431855500821,0.3160424737610296,0.5844843542195041,0.45833633645980715,toy_04_solubility_159,111.421142578125,0.2700152099132538,0.8928571343421936,0.3790309429168701,0.8571428656578064
toy_04_solubility,160,9.116808891296387,12.1719375,32000,8625,27350,4650,0.5362340036563071,0.4713711151736746,0.6753638025594152,0.5243273400878605,0.9993345521023768,0.31735706894995114,0.5818232643309149,0.45719330507547107,toy_04_solubility_160,112.26309204101562,0.15204189717769623,0.9285714030265808,0.42355474829673767,0.75
toy_04_solubility,161,9.12378215789795,12.1159375,6400,2929,5516,884,0.5378897751994198,0.4691805656272661,0.6765228426395938,0.46027674955278736,0.9994379985496736,0.3182168209025979,0.5836214528181644,0.4537088969719085,toy_04_solubility_161,117.19580078125,0.2982136309146881,0.8928571343421936,0.19703814387321472,0.9285714030265808
toy_04_solubility,162,9.147490501403809,12.066875,6400,2858,5543,857,0.5287750315713513,0.4627458055204763,0.6701425220999457,0.48099206807966,0.9993234710445608,0.3185932089102758,0.5788440498032366,0.45370830907282245,toy_04_solubility_162,113.77861785888672,0.29114148020744324,0.8214285969734192,0.5762442350387573,0.6785714030265808
toy_04_solubility,163,9.155016899108887,11.96515625,6400,2843,5562,838,0.5267889248471773,0.4588277597986336,0.668752247393024,0.5487467586898874,0.9994156778137361,0.3203417867088558,0.57858102315736,0.45746257569021964,toy_04_solubility_163,107.6451644897461,0.21596233546733856,0.9285714030265808,0.11103993654251099,1.0
toy_04_solubility,164,9.153512954711914,11.95,6400,2823,5512,888,0.5292089985486212,0.45228592162554426,0.6704462989840348,0.563516823413451,0.9992924528301887,0.3221898084838694,0.5755063009804036,0.46047302650606287,toy_04_solubility_164,100.86761474609375,0.31414395570755005,0.8571428656578064,0.18134644627571106,0.8928571343421936
toy_04_solubility,165,9.186039924621582,11.7759375,6400,2807,5517,883,0.5109661047670836,0.44208809135399674,0.6576762733369584,0.5439652520772088,0.9993021569693675,0.31824740086894027,0.5767942101520561,0.45535426080052854,toy_04_solubility_165,112.37124633789062,0.24482417106628418,0.8928571343421936,0.2403329312801361,0.8214285969734192
toy_04_solubility,166,9.187747955322266,11.68015625,6400,2736,5470,930,0.49616087751371113,0.419926873857404,0.6473126142595977,0.4524518216224979,0.9991590493601462,0.3182738543968496,0.5739909068442886,0.4553227451295295,toy_04_solubility_166,113.53778076171875,0.24375595152378082,0.9642857313156128,0.30451083183288574,0.8214285969734192
toy_04_solubility,167,9.2232027053833,11.508125,6400,2625,5465,935,0.47209515096065874,0.39249771271729184,0.630466605672461,0.5352310302182314,0.9989752973467522,0.3175114840675343,0.5684277072520231,0.4509664196637075,toy_04_solubility_167,113.33983612060547,0.17356356978416443,0.9285714030265808,0.30042269825935364,0.8214285969734192
toy_04_solubility,168,9.247260093688965,11.380625,6400,2566,5517,883,0.4759833242704368,0.3878919702736995,0.6331883269893056,0.49617655615710554,0.9993293456588727,0.3150809621188658,0.5736990900203774,0.4451761425881239,toy_04_solubility_168,113.4266586303711,0.2663285434246063,0.8571428656578064,0.2564927339553833,0.8928571343421936
toy_04_solubility,169,9.253255844116211,11.3515625,6400,2570,5616,784,0.45762108262108264,0.3787393162393162,0.6203347578347577,0.5419259814386498,0.9992521367521366,0.31529875259171314,0.5754977472784576,0.4425774180920466,toy_04_solubility_169,114.37966918945312,0.13809941709041595,0.9642857313156128,0.17580701410770416,0.9285714030265808
toy_04_solubility,170,9.276837348937988,11.23490625,32000,6886,28384,3616,0.45670095828635854,0.3726395152198422,0.619690670800451,0.4565783201001633,0.9991156989853439,0.31440855098619686,0.5781375937719693,0.4351125902925097,toy_04_solubility_170,110.8270034790039,0.467256635427475,0.7142857313156128,0.21338407695293427,0.8928571343421936
toy_04_solubility,171,9.273067474365234,11.22328125,6400,2477,5701,699,0.45553411682161027,0.37186458516049814,0.6188738817751271,0.5534283180217275,0.9989650938431854,0.31359595449469635,0.5771339457279234,0.4303168433683761,toy_04_solubility_171,103.87572479248047,0.1947997510433197,0.9642857313156128,0.2425171285867691,0.8928571343421936
toy_04_solubility,172,9.309969902038574,11.090625,6400,2442,5707,693,0.4349045032416331,0.35605396881023305,0.6044331522691432,0.5178859361863057,0.9991326441212546,0.31051213676228295,0.5864372037765572,0.420870943977134,toy_04_solubility_172,123.37538146972656,0.2521318793296814,0.8571428656578064,0.32550618052482605,0.8571428656578064
toy_04_solubility,173,9.30311393737793,11.0640625,6400,2455,5679,721,0.43211833069202327,0.35164641662264484,0.6024828314844163,0.5953551164529284,0.9992428244409228,0.31125649291626917,0.5793671546717054,0.4240070339318013,toy_04_solubility_173,111.7848892211914,0.44129303097724915,0.75,0.241738960146904,0.8928571343421936
toy_04_solubility,174,9.31449031829834,11.04671875,6400,2412,5689,711,0.41465986992441556,0.331516962559325,0.5902619089470909,0.5003333740909804,0.9989892775531728,0.3081441527280918,0.5850697151006932,0.41573775596115603,toy_04_solubility_174,102.09093475341797,0.25832006335258484,0.8214285969734192,0.24701620638370514,0.9285714030265808
toy_04_solubility,175,9.344715118408203,10.99328125,6400,2410,5689,711,0.41589031464229215,0.33169274037616453,0.5911232202496044,0.5537736717256101,0.9991386886974865,0.30972432838734915,0.579491333960805,0.4130868069793749,toy_04_solubility_175,101.76431274414062,0.3011147677898407,0.8928571343421936,0.39892247319221497,0.7857142686843872
toy_04_solubility,176,9.31429386138916,11.074375,6400,2401,5718,682,0.4018887722980063,0.3172437915355019,0.5813221406086042,0.5538922234979032,0.9993004547044421,0.30733507774078483,0.5825290927821392,0.416058985784421,toy_04_solubility_176,109.69731140136719,0.3484266400337219,0.8214285969734192,0.19665898382663727,0.9285714030265808
toy_04_solubility,177,9.316497802734375,11.03953125,6400,2336,5720,680,0.40017482517482517,0.3192307692307692,0.5801223776223776,0.6199003363227078,0.9993531468531467,0.305661228595548,0.5774426756162047,0.4189745145297934,toy_04_solubility_177,116.62175750732422,0.3269316852092743,0.8214285969734192,0.19796553254127502,0.8928571343421936
toy_04_solubility,178,9.317428588867188,11.03921875,6400,2314,5801,599,0.40234442337528015,0.3182209963799345,0.581641096362696,0.5438709501262747,0.9990605068091707,0.3042630499822969,0.5804310565992298,0.42026893565581663,toy_04_solubility_178,107.23240661621094,0.23836353421211243,0.8928571343421936,0.26597750186920166,0.8214285969734192
toy_04_solubility,179,9.296042442321777,11.12,6400,2338,5803,597,0.38600723763570566,0.3072548681716354,0.5702050663449939,0.4607223424103789,0.9992590039634673,0.3048536181669213,0.5719034546924326,0.4283762562501168,toy_04_solubility_179,111.76078796386719,0.27738577127456665,0.8214285969734192,0.2772604823112488,0.8571428656578064
toy_04_solubility,180,9.30391788482666,11.0463125,32000,6164,28868,3132,0.3858597755299986,0.3018220867396425,0.5701018428709991,0.549147927488129,0.999251766662048,0.3023293990731029,0.5755000365196137,0.4338818244724149,toy_04_solubility_180,109.10682678222656,0.23747356235980988,0.9285714030265808,0.17217402160167694,0.9285714030265808
toy_04_solubility,181,9.288800239562988,11.11171875,6400,2329,5750,650,0.37756521739130433,0.29530434782608694,0.564295652173913,0.5227841965235304,0.9990782608695653,0.30190213111041264,0.5694664421469857,0.4372848580739849,toy_04_solubility_181,117.74524688720703,0.21862581372261047,0.9285714030265808,0.3821831941604614,0.75
toy_04_solubility,182,9.294583320617676,11.02703125,6400,2266,5783,617,0.36901262320594846,0.2758084039425904,0.5583088362441639,0.554836965602094,0.9992132111360885,0.3001193919528662,0.5671703830447444,0.44936906178589675,toy_04_solubility_182,120.14019775390625,0.21325571835041046,0.9285714030265808,0.3914976716041565,0.8571428656578064
toy_04_solubility,183,9.283182144165039,11.04359375,6400,2247,5719,681,0.371218744535758,0.27959433467389405,0.5598531211750305,0.48781941537845797,0.9990208078335373,0.3021856296928673,0.5773415741854874,0.4493999724860904,toy_04_solubility_183,102.22152709960938,0.18001410365104675,0.9642857313156128,0.34429559111595154,0.7857142686843872
toy_04_solubility,184,9.29186725616455,11.008125,6400,2186,5741,659,0.3598676188817279,0.26075596585960636,0.5519073332172094,0.53266951483882,0.999425187249608,0.30387860889343576,0.570924528563574,0.4561448407624232,toy_04_solubility_184,108.9605712890625,0.36571261286735535,0.7857142686843872,0.1766541451215744,0.9285714030265808
toy_04_solubility,185,9.313089370727539,10.86921875,6400,2146,5722,678,0.3423628102062216,0.24152394267738553,0.5396539671443551,0.5771468787557404,0.9992048234882908,0.3013365095072659,0.5712989941805704,0.45204545514284517,toy_04_solubility_185,109.67980194091797,0.4801730811595917,0.8571428656578064,0.5893261432647705,0.75
toy_04_solubility,186,9.317965507507324,10.91125,6400,2102,5839,561,0.3356739167665696,0.23702688816578182,0.5349717417365987,0.5593231299028176,0.9991179996574756,0.3016602720395563,0.5739050494908187,0.4516775973019871,toy_04_solubility_186,118.53334045410156,0.24118918180465698,0.8928571343421936,0.37324172258377075,0.75
toy_04_solubility,187,9.328407287597656,10.9178125,6400,2054,5859,541,0.31865506059054444,0.22000341355180064,0.523058542413381,0.582645278483206,0.9992404847243557,0.3003617478078263,0.5745721904573674,0.4436530238643695,toy_04_solubility_187,109.39393615722656,0.4084281325340271,0.7857142686843872,0.35333728790283203,0.8214285969734192
toy_04_solubility,188,9.328463554382324,10.8640625,6400,2036,5830,570,0.31406518010291595,0.21080617495711834,0.5198456260720411,0.5079232168125825,0.9993653516295026,0.3008583847852775,0.5785982113201901,0.4429263193028265,toy_04_solubility_188,109.39823150634766,0.35820338129997253,0.8214285969734192,0.20231592655181885,0.9285714030265808
toy_04_solubility,189,9.331706047058105,10.9059375,6400,2045,5843,557,0.30686291288721546,0.20896799589252096,0.5148040390210508,0.4873353791177873,0.9994009926407668,0.29881262943374015,0.5723538370813022,0.43610659235654253,toy_04_solubility_189,96.69573974609375,0.3014846444129944,0.8571428656578064,0.43707019090652466,0.8214285969734192
toy_04_solubility,190,9.342272758483887,10.84871875,32000,5489,28655,3345,0.30403071017274474,0.19818530797417552,0.5128214971209213,0.5269110391462593,0.9994625719769673,0.30069846001656964,0.5822168156792027,0.433380232097146,toy_04_solubility_190,108.14349365234375,0.1663234531879425,0.9285714030265808,0.339984267950058,0.8571428656578064
toy_04_solubility,191,9.344983100891113,10.8553125,6400,2134,5606,794,0.29058151980021407,0.18997502675704603,0.5034070638601498,0.5462871902413513,0.9995629682483053,0.30369942207137357,0.586784101345039,0.4332674063484631,toy_04_solubility_191,102.16283416748047,0.2995544373989105,0.8571428656578064,0.2485293447971344,0.8928571343421936
toy_04_solubility,192,9.325459480285645,10.931875,6400,2244,5528,872,0.30788712011577424,0.20477568740955138,0.515520984081042,0.4737475210974109,0.9995748914616497,0.3032720708260035,0.591503711624702,0.4314417722022125,toy_04_solubility_192,108.88777923583984,0.27278414368629456,0.9285714030265808,0.3956816494464874,0.8571428656578064
toy_04_solubility,193,9.307840347290039,11.03515625,6400,2192,5561,839,0.31954684409278905,0.2134508181981658,0.5236827908649523,0.5104211116198251,0.999541449379608,0.30464098626543706,0.5946970774548435,0.43764504198990556,toy_04_solubility_193,108.94078063964844,0.17528767883777618,0.9285714030265808,0.26019635796546936,0.9285714030265808
toy_04_solubility,194,9.3007173538208,11.06078125,6400,2155,5639,761,0.3261216527753148,0.2113849973399539,0.5282851569427204,0.5872595357201094,0.9995211917006562,0.30482203417335985,0.5851960030575332,0.43803358661146474,toy_04_solubility_194,113.7467269897461,0.3534974455833435,0.7857142686843872,0.1572660654783249,0.9642857313156128
toy_04_solubility,195,9.314253807067871,10.9734375,6400,2121,5727,673,0.34171468482626155,0.21616902392177406,0.539200279378383,0.5034424353904915,0.9994499738082766,0.3072254354719245,0.5906908674685204,0.4423549152737007,toy_04_solubility_195,119.0698013305664,0.22437116503715515,0.8928571343421936,0.4351530373096466,0.8214285969734192
toy_04_solubility,196,9.307882308959961,11.01109375,6400,2087,5710,690,0.3311733800350263,0.21978984238178634,0.5318213660245183,0.45280338426543465,0.9994658493870404,0.30524968715260564,0.5825530109710038,0.44241931683675123,toy_04_solubility_196,104.50167083740234,0.23956860601902008,0.9285714030265808,0.25202322006225586,0.8928571343421936
toy_04_solubility,197,9.337285995483398,10.873125,6400,2030,5747,653,0.32590917000174,0.20341047503045068,0.528136419001218,0.5223811827824998,0.9995040890899599,0.304980212650918,0.5910037238876567,0.4380353426061844,toy_04_solubility_197,102.61781311035156,0.32966434955596924,0.7857142686843872,0.359188973903656,0.8214285969734192
toy_04_solubility,198,9.330836296081543,10.91546875,6400,2069,5758,642,0.3383119138589788,0.21326849600555747,0.5368183397012851,0.5254289360720628,0.9994182007641541,0.3033218988888909,0.5941318177728339,0.4329687594235488,toy_04_solubility_198,108.78852081298828,0.19850724935531616,0.9285714030265808,0.2554193139076233,0.8928571343421936
toy_04_solubility,199,9.326225280761719,10.86703125,6400,2016,5794,606,0.32654470141525715,0.2002071108042803,0.52858129099068,0.48649650113408394,0.9995685191577494,0.30310129157500104,0.5948859327476143,0.4340677066273776,toy_04_solubility_199,98.51353454589844,0.3189469575881958,0.8928571343421936,0.2458438277244568,0.8928571343421936
toy_04_solubility,200,9.343270301818848,10.8049375,32000,5298,28894,3106,0.3267806465010037,0.19509240672804043,0.5287464525507025,0.5419433758867516,0.9994029902401883,0.30171139589552565,0.5998535252547504,0.43207204821072936,toy_04_solubility_200,104.77124786376953,0.2120017558336258,0.9285714030265808,0.18928281962871552,0.8928571343421936
toy_04_solubility,201,9.359474182128906,10.7084375,6400,1983,5778,622,0.31896850121149184,0.1886465905157494,0.5232779508480443,0.5487444471659051,0.9994288681204571,0.30203807992701726,0.5966346505989458,0.4321688285347892,toy_04_solubility_201,108.58467864990234,0.2680043578147888,0.8214285969734192,0.31684237718582153,0.8214285969734192
toy_04_solubility,202,9.366317749023438,10.72546875,6400,2008,5734,666,0.307813044994768,0.1810254621555633,0.5154691314963376,0.4881326082101883,0.9995640041855598,0.2993699014780717,0.5983968633105112,0.4302343964437332,toy_04_solubility_202,97.14205932617188,0.3216627240180969,0.8928571343421936,0.3084072470664978,0.8571428656578064
toy_04_solubility,203,9.3505859375,10.77484375,6400,1965,5790,610,0.31727115716753024,0.18601036269430052,0.5220898100172711,0.5896504270752221,0.9994386873920552,0.30010577310393616,0.5959284579608813,0.4315920474380972,toy_04_solubility_203,98.38322448730469,0.29201850295066833,0.8928571343421936,0.3188104033470154,0.8214285969734192
toy_04_solubility,204,9.350831031799316,10.79515625,6400,2035,5808,592,0.3243801652892562,0.19765840220385675,0.5270661157024793,0.4896915783569179,0.999552341597796,0.29688388868557825,0.5976938749322194,0.4276179025185844,toy_04_solubility_204,93.04830932617188,0.1651162952184677,0.8928571343421936,0.24560751020908356,0.9285714030265808
toy_04_solubility,205,9.3375883102417,10.84453125,6400,2060,5809,591,0.31141332415217765,0.19039421587192287,0.5179893269065243,0.5102879226401656,0.9994319159924255,0.29887550479878455,0.5973286468973344,0.425709722963436,toy_04_solubility_205,109.51820373535156,0.28218191862106323,0.8928571343421936,0.4064221680164337,0.8214285969734192
toy_04_solubility,206,9.334563255310059,10.9159375,6400,2026,5846,554,0.3080738966814916,0.2003079028395484,0.515651727677044,0.5179733482799024,0.9995210400273693,0.29791992181653315,0.5884853301283086,0.42693834481669585,toy_04_solubility_206,109.35020446777344,0.285484254360199,0.9285714030265808,0.2389906644821167,0.9285714030265808
toy_04_solubility,207,9.314728736877441,11.04140625,6400,2113,5874,526,0.32737487231869256,0.22284644194756553,0.5291624106230847,0.46886014006233906,0.9994467143343548,0.29934955230687577,0.5821630414778308,0.43512503854775064,toy_04_solubility_207,110.32745361328125,0.2739526033401489,0.8928571343421936,0.27093619108200073,0.8928571343421936
toy_04_solubility,208,9.270842552185059,11.24859375,6400,2159,5832,568,0.3417352537722908,0.24279835390946503,0.5392146776406035,0.5358124495640381,0.9994084362139917,0.3006447589465507,0.5799588208772097,0.4406293325466365,toy_04_solubility_208,112.21946716308594,0.3065265715122223,0.8571428656578064,0.22384749352931976,0.8928571343421936
toy_04_solubility,209,9.274097442626953,11.28375,6400,2253,5795,605,0.3549611734253667,0.25936151855047457,0.5484728213977567,0.48319779662858103,0.9997066436583261,0.30167029448048005,0.5795257689950885,0.4439521310913609,toy_04_solubility_209,107.27603912353516,0.3481324315071106,0.8214285969734192,0.32819125056266785,0.7857142686843872
toy_04_solubility,210,9.269261360168457,11.31215625,32000,6051,29317,2683,0.36306579800115973,0.27206057918613774,0.5541460586008118,0.6068184362218007,0.9995463383020091,0.30230066213819445,0.5787722166978391,0.4476255112548312,toy_04_solubility_210,109.09944915771484,0.3086805045604706,0.8214285969734192,0.30238744616508484,0.8214285969734192
toy_04_solubility,211,9.244494438171387,11.41609375,6400,2359,5884,516,0.39191026512576477,0.30438477226376615,0.5743371855880353,0.49187684628884215,0.999566621346023,0.3038396366346818,0.58136264203311,0.4530591593036834,toy_04_solubility_211,104.94322204589844,0.3539988100528717,0.8571428656578064,0.4930889308452606,0.7857142686843872
toy_04_solubility,212,9.270421028137207,11.30328125,6400,2429,5837,563,0.4056878533493233,0.3145451430529382,0.5839814973445262,0.5621799337250455,0.9995973959225629,0.3038668956712046,0.5857509990244605,0.4547033680271186,toy_04_solubility_212,115.30957794189453,0.3047438859939575,0.8571428656578064,0.3382487893104553,0.8214285969734192
toy_04_solubility,213,9.255258560180664,11.3565625,6400,2439,5777,623,0.3922451099186429,0.31019560325428425,0.5745715769430499,0.4954035221600716,0.9995153193699151,0.30540739930496963,0.5889375963284357,0.4517657857775757,toy_04_solubility_213,121.53692626953125,0.3294937014579773,0.8214285969734192,0.21293886005878448,0.9642857313156128
toy_04_solubility,214,9.272854804992676,11.25546875,6400,2496,5759,641,0.401284945303004,0.31359611043583957,0.5808994617121027,0.5988985563288254,0.9995311686056607,0.30693423569366635,0.5917486390457533,0.45826421291456876,toy_04_solubility_214,106.23611450195312,0.1262638419866562,0.9642857313156128,0.2519674003124237,0.8571428656578064
toy_04_solubility,215,9.26556396484375,11.2684375,6400,2442,5769,631,0.3860287744843127,0.29779857860981107,0.5702201421390188,0.5319733141444944,0.9997659906396256,0.30687919069112946,0.5951841798923289,0.44979165621966805,toy_04_solubility_215,114.74397277832031,0.17818954586982727,0.9285714030265808,0.2906430661678314,0.8928571343421936
toy_04_solubility,216,9.289896011352539,11.134375,6400,2356,5843,557,0.3662502139311997,0.27434537052883795,0.5563751497518398,0.5429750278521406,0.9997775115522848,0.3065059239178336,0.6012668769847297,0.44727818019697696,toy_04_solubility_216,108.95393371582031,0.28054288029670715,0.8571428656578064,0.4762193262577057,0.75
toy_04_solubility,217,9.292729377746582,11.111875,6400,2360,5787,613,0.3478486262312079,0.25868325557283567,0.5434940383618455,0.5742237011131182,0.9994988767928116,0.30680921794331284,0.5998792036671466,0.44237808910724097,toy_04_solubility_217,114.76924133300781,0.4636059105396271,0.8214285969734192,0.22322800755500793,0.9285714030265808
toy_04_solubility,218,9.313871383666992,11.00484375,6400,2278,5860,540,0.363481228668942,0.2668941979522184,0.5544368600682593,0.5413443898579504,0.9997184300341297,0.3083250916048036,0.5957737342070022,0.44515463533105165,toy_04_solubility_218,107.5440444946289,0.334145724773407,0.8571428656578064,0.36976873874664307,0.8214285969734192
toy_04_solubility,219,9.326065063476562,11.00125,6400,2222,5899,501,0.3454822851330734,0.24682149516867266,0.5418375995931513,0.5429302848732147,0.999576199355823,0.30997462614342547,0.6090066666411085,0.4329973137714687,toy_04_solubility_219,116.79733276367188,0.4115235209465027,0.75,0.35655152797698975,0.7857142686843872
toy_04_solubility,220,9.319308280944824,11.005,32000,5956,29323,2677,0.33472018551989907,0.23769737066466595,0.5343041298639293,0.47989114933054844,0.9995242642294444,0.3106866529151229,0.6038902162449382,0.43402606692713436,toy_04_solubility_220,112.82170867919922,0.23802019655704498,0.8928571343421936,0.3873298764228821,0.7857142686843872
toy_04_solubility,221,9.327115058898926,10.92859375,6400,2215,5902,498,0.32412741443578447,0.22212809217214505,0.526889190105049,0.5304697734110535,0.9995848864791597,0.31185715859157165,0.606853857652495,0.4287524143275579,toy_04_solubility_221,118.10337829589844,0.15443158149719238,0.9642857313156128,0.4550044536590576,0.8214285969734192
toy_04_solubility,222,9.327245712280273,10.941875,6400,2152,5873,527,0.31670355865826666,0.21164651796356207,0.5216924910607866,0.5434320090578896,0.9993359441512004,0.3098603069010048,0.6088378534702149,0.4271167612485872,toy_04_solubility_222,108.99551391601562,0.3380889296531677,0.9285714030265808,0.2400357723236084,0.9285714030265808
toy_04_solubility,223,9.358302116394043,10.90234375,6400,2152,5879,521,0.3151896581051199,0.21058003061745195,0.5206327606735839,0.4864939623297146,0.9991580200714409,0.30903680508867215,0.6039258521765567,0.423215529381783,toy_04_solubility_223,111.12359619140625,0.1323186606168747,0.9285714030265808,0.37025368213653564,0.75
toy_04_solubility,224,9.356472969055176,10.8621875,6400,2118,5890,510,0.31103565365025465,0.20203735144312393,0.5177249575551782,0.5503567218313553,0.9994736842105263,0.3101608820306664,0.6080542154027407,0.4236565044710856,toy_04_solubility_224,117.82949829101562,0.4003167748451233,0.8571428656578064,0.5476726293563843,0.7142857313156128
toy_04_solubility,225,9.373435020446777,10.83015625,6400,2110,5862,538,0.311668372569089,0.2001023541453429,0.5181678607983623,0.6295161126474658,0.9992152848857047,0.3086823979667987,0.602632662243155,0.42566182572940947,toy_04_solubility_225,103.06318664550781,0.23383893072605133,0.9285714030265808,0.3969285488128662,0.8214285969734192
toy_04_solubility,226,9.349488258361816,10.9040625,6400,2134,5787,613,0.31449801278728184,0.2011404872991187,0.5201486089510972,0.4865641974534059,0.9992569552445137,0.31209736576447117,0.6031230229222257,0.42768294047853533,toy_04_solubility_226,108.92066192626953,0.26610955595970154,0.8928571343421936,0.31294694542884827,0.7857142686843872
toy_04_solubility,227,9.363027572631836,10.90265625,6400,2154,5705,695,0.312182296231376,0.2028045574057844,0.5185276073619631,0.550025989543123,0.9990096406660824,0.3093874628763997,0.6051676818136346,0.430380925577705,toy_04_solubility_227,100.10189819335938,0.2604106366634369,0.8571428656578064,0.27721351385116577,0.8571428656578064
toy_04_solubility,228,9.35904598236084,10.84546875,6400,2184,5691,709,0.3131259884027412,0.20330346160604462,0.5191881918819188,0.5566243795175486,0.9993849938499385,0.3119983243016401,0.6062501732556586,0.4328233129748986,toy_04_solubility_228,116.72769165039062,0.41672176122665405,0.8571428656578064,0.30227184295654297,0.8928571343421936
toy_04_solubility,229,9.35594654083252,10.85609375,6400,2119,5783,617,0.31730935500605223,0.2083693584644648,0.5221165485042365,0.46680343771556276,0.9994812381117067,0.3108543439321156,0.6064410373842108,0.4310550505099614,toy_04_solubility_229,109.30690002441406,0.26314082741737366,0.8928571343421936,0.23237137496471405,0.8571428656578064
toy_04_solubility,230,9.368450164794922,10.7948125,32000,5474,29220,2780,0.3101984941820671,0.19982888432580426,0.5171389459274469,0.6064686805921882,0.9993223819301847,0.3122405310770374,0.6088395317223518,0.43195642950967333,toy_04_solubility_230,106.86476135253906,0.28285717964172363,0.8214285969734192,0.28000104427337646,0.8214285969734192
toy_04_solubility,231,9.371386528015137,10.79734375,6400,2053,5879,521,0.30753529511821737,0.20156489198843341,0.5152747065827521,0.5755639504344637,0.999353631569995,0.3126768879069672,0.6053274794449041,0.4344360277085758,toy_04_solubility_231,108.91046905517578,0.22308900952339172,0.9285714030265808,0.3045881390571594,0.8214285969734192
toy_04_solubility,232,9.372410774230957,10.7578125,6400,2021,5923,477,0.31352355225392536,0.20344420057403342,0.5194664865777477,0.5302866981705889,0.9994597332432891,0.3146968166510527,0.6079061857845888,0.4355070748110034,toy_04_solubility_232,104.06155395507812,0.2340768426656723,0.8571428656578064,0.2619050443172455,0.8928571343421936
toy_04_solubility,233,9.371603965759277,10.80828125,6400,2028,5880,520,0.3020408163265306,0.2011904761904762,0.5114285714285713,0.591637391170583,0.9991751700680271,0.3146246246132172,0.6095538201819046,0.4350428083866339,toy_04_solubility_233,108.15396118164062,0.31346726417541504,0.8214285969734192,0.33259230852127075,0.8571428656578064
toy_04_solubility,234,9.358383178710938,10.845,6400,1999,5896,504,0.29850746268656714,0.20030529172320216,0.508955223880597,0.7109642358798652,0.9992198100407055,0.3119189339993633,0.6177440713917739,0.42816614866697406,toy_04_solubility_234,110.34513854980469,0.34773939847946167,0.7857142686843872,0.4696267247200012,0.7857142686843872
toy_04_solubility,235,9.351984024047852,10.8628125,6400,1953,5992,408,0.3065754339118825,0.20076769025367155,0.5146028037383177,0.7128211167736204,0.9992990654205608,0.31200947463103007,0.6217857825567521,0.42696838575307494,toy_04_solubility_235,111.31825256347656,0.23997867107391357,0.8214285969734192,0.3704911172389984,0.8571428656578064
toy_04_solubility,236,9.333641052246094,10.88703125,6400,1962,5964,436,0.2966130114017438,0.1921529175050302,0.5076291079812206,0.599281589018458,0.9992454728370221,0.3103626297356734,0.626478998836247,0.42513687382775656,toy_04_solubility_236,103.61474609375,0.17787159979343414,0.9285714030265808,0.23088420927524567,0.8928571343421936
toy_04_solubility,237,9.317571640014648,10.9059375,6400,1913,5982,418,0.2965563356736877,0.19658976930792377,0.5075894349715814,0.6337810619249464,0.9993229689067202,0.3101294800019992,0.6282829552761505,0.41569580070195233,toy_04_solubility_237,102.20189666748047,0.1925203800201416,0.9642857313156128,0.13986089825630188,1.0
toy_04_solubility,238,9.302956581115723,10.93,6400,1908,5945,455,0.29049621530698067,0.1983179142136249,0.5033473507148863,0.616331322930442,0.9991169049621531,0.3098239003339035,0.6329139213482181,0.4170319962195514,toy_04_solubility_238,105.06810760498047,0.29757988452911377,0.8571428656578064,0.3163279891014099,0.8928571343421936
toy_04_solubility,239,9.302912712097168,10.96828125,6400,1912,5962,438,0.2884937940288494,0.19389466621938947,0.5019456558201945,0.6475897308895758,0.9993039248574305,0.30766021135830945,0.635333424896121,0.4101683196791018,toy_04_solubility_239,97.16659545898438,0.10326696187257767,0.9642857313156128,0.1805208921432495,0.9642857313156128
toy_04_solubility,240,9.29163646697998,10.98453125,32000,5015,29703,2297,0.2785913880752786,0.18334848331818335,0.49501397165269495,0.6583516953917263,0.9992122007877992,0.30715582808806524,0.6405007335596243,0.40873936737068717,toy_04_solubility_240,96.89354705810547,0.23121100664138794,0.8928571343421936,0.36862602829933167,0.8571428656578064
toy_04_solubility,241,9.297220230102539,10.98265625,6400,1848,5963,437,0.2778802616132819,0.1784336743250042,0.49451618312929724,0.625515765959127,0.9994382022471909,0.30411866943774285,0.6461778397517314,0.4033589437236472,toy_04_solubility_241,100.04331970214844,0.42890042066574097,0.8214285969734192,0.35134825110435486,0.7857142686843872
toy_04_solubility,242,9.263855934143066,11.1428125,6400,1896,5942,458,0.28323796701447324,0.19421070346684619,0.49826657691013126,0.6213517607653462,0.9994109727364524,0.30645337535974065,0.6462121967832803,0.40795864803047754,toy_04_solubility_242,92.9461441040039,0.3639017641544342,0.8571428656578064,0.35090330243110657,0.8571428656578064
toy_04_solubility,243,9.237968444824219,11.30375,6400,1926,5940,460,0.29225589225589227,0.19242424242424241,0.5045791245791246,0.5656016214733686,0.9992171717171717,0.3041273085217354,0.6429070709048597,0.400558514672692,toy_04_solubility_243,98.11096954345703,0.30059659481048584,0.8571428656578064,0.18896256387233734,1.0
toy_04_solubility,244,9.248149871826172,11.2859375,6400,1951,5931,469,0.2886528410048896,0.1964255606137245,0.5020569887034226,0.6322403864228149,0.9991738324060022,0.3025361288488646,0.643667216873661,0.40091769164127156,toy_04_solubility_244,113.14239501953125,0.203062042593956,0.9285714030265808,0.21774029731750488,0.9285714030265808
toy_04_solubility,245,9.233068466186523,11.39234375,6400,1975,5945,455,0.30328006728343143,0.20689655172413793,0.5122960470984019,0.628514135156158,0.9990748528174936,0.29991178502216764,0.6477289797171887,0.3928702082573265,toy_04_solubility_245,89.1025390625,0.14813613891601562,0.8928571343421936,0.308721125125885,0.8214285969734192
toy_04_solubility,246,9.223991394042969,11.45015625,6400,2036,5844,556,0.2864476386036961,0.19404517453798767,0.5005133470225873,0.5921009720255996,0.9991444216290212,0.30018825727226855,0.6400604828903917,0.39866392683037416,toy_04_solubility_246,101.89767456054688,0.24477612972259521,0.7857142686843872,0.12458554655313492,0.9642857313156128
toy_04_solubility,247,9.209593772888184,11.5615625,6400,1965,5901,499,0.28893407896966616,0.20284697508896798,0.5022538552787663,0.608773525645425,0.9993645144890696,0.29964542687749274,0.6388054172816952,0.398129679836532,toy_04_solubility_247,100.7353515625,0.1133807972073555,0.9642857313156128,0.2191883772611618,0.9285714030265808
toy_04_solubility,248,9.223785400390625,11.52109375,6400,1993,5856,544,0.28312841530054644,0.18835382513661203,0.49818989071038244,0.5864173896794368,0.9993254781420765,0.29601693448981764,0.6449325753873724,0.3929974951184237,toy_04_solubility_248,99.13691711425781,0.3714587390422821,0.75,0.29261505603790283,0.8571428656578064
toy_04_solubility,249,9.228113174438477,11.5325,6400,2003,5901,499,0.2857142857142857,0.18844263684121335,0.5,0.6229118236974273,0.9991950516861549,0.29412959558936996,0.6365604962398654,0.3911014831435296,toy_04_solubility_249,93.52395629882812,0.3223617970943451,0.8571428656578064,0.3200662434101105,0.8571428656578064
