exp_name,Batch,test_loss,mean_length,n_samples,uniq_samples,good_samples,bad_samples,novelty,hard_novelty,soft_novelty,diversity,conciseness,solubility,naturalness,synthesizability,model_samples,neg-loglike,D_loss_0,Accuracy_0,D_loss_1,Accuracy_1,D_loss_2,Accuracy_2,D_loss_3,Accuracy_3
drugs_08_solubility,0,5.646409034729004,43.946875,32000,31940,9447,22553,0.9998941462898274,0.9998941462898274,0.9999259024028792,0.380933401525253,0.6833280406478247,0.5276965997137811,0.4944872975521578,0.5375889437208787,drugs_08_solubility_0,381.31610107421875,2.348998546600342,0.571428656578064,1.3889662027359009,0.7460318207740784,0.836847186088562,0.80952388048172,0.605705976486206,0.8571429252624512
drugs_08_solubility,1,5.6181159019470215,45.80375,6400,6397,1475,4925,1.0,1.0,1.0,0.37232583351425164,0.6654237288135593,0.5298172414325998,0.5071075373727578,0.508845879798725,drugs_08_solubility_1,411.7325134277344,0.4014838933944702,0.8571429252624512,0.2769045829772949,0.9365079998970032,0.37620776891708374,0.8730159401893616,0.17217819392681122,0.968254029750824
drugs_08_solubility,2,5.646902084350586,43.99390625,6400,6397,1565,4835,1.0,1.0,1.0,0.3897506559107563,0.665814696485623,0.5390262754718778,0.5063925049333727,0.5149428482472485,drugs_08_solubility_2,288.77154541015625,0.16577881574630737,0.968254029750824,0.1788780391216278,0.9365079998970032,0.0847502052783966,0.968254029750824,0.06953281909227371,1.0
drugs_08_solubility,3,5.7156853675842285,42.60828125,6400,6396,1861,4539,1.0,1.0,1.0,0.38997170029689215,0.6630843632455669,0.5533873152473452,0.4995925858330448,0.5347071984115729,drugs_08_solubility_3,159.4629669189453,0.14586859941482544,0.9365079998970032,0.09639798104763031,0.968254029750824,0.04638468474149704,1.0,0.05506779998540878,0.9841270446777344
drugs_08_solubility,4,5.790438652038574,40.39859375,6400,6390,2226,4174,0.9995507637017071,0.9995507637017071,0.999685534591195,0.3538382004127352,0.6909254267744834,0.5719730057988693,0.4942319010888805,0.5823593752042525,drugs_08_solubility_4,159.69000244140625,0.04602185636758804,1.0,0.035439252853393555,0.9841270446777344,0.05641494691371918,0.9841270446777344,0.06417018920183182,1.0
drugs_08_solubility,5,5.829955577850342,38.5475,6400,6385,2494,3906,1.0,1.0,1.0,0.34433174022574786,0.7095028067361668,0.5679427024859883,0.4980001924771349,0.5995089196669726,drugs_08_solubility_5,180.099609375,0.03211330994963646,1.0,0.07829298079013824,0.968254029750824,0.050460971891880035,0.9841270446777344,0.033588457852602005,1.0
drugs_08_solubility,6,5.862668037414551,37.1496875,6400,6383,2623,3777,1.0,0.9992375142966069,1.0,0.39111160771693043,0.6974075486084635,0.5708816161292365,0.49805250197489553,0.6173188576642478,drugs_08_solubility_6,123.47273254394531,0.024811115115880966,1.0,0.030044332146644592,1.0,0.07871349155902863,0.968254029750824,0.030797239392995834,0.9841270446777344
drugs_08_solubility,7,5.863980770111084,35.80296875,6400,6386,2680,3720,1.0,1.0,1.0,0.355444545879372,0.7084328358208954,0.5539494248190259,0.5138911750292867,0.6129827444386936,drugs_08_solubility_7,105.58783721923828,0.01667170412838459,1.0,0.015058182179927826,1.0,0.026562904939055443,1.0,0.0635254830121994,0.9841270446777344
drugs_08_solubility,8,5.861209869384766,34.08234375,6400,6377,2967,3433,1.0,1.0,1.0,0.42908558348169107,0.7158746208291203,0.5474167498916102,0.5099950579598642,0.6380350121358431,drugs_08_solubility_8,139.2309112548828,0.015906766057014465,1.0,0.006624135654419661,1.0,0.043893199414014816,0.9841270446777344,0.01789577677845955,1.0
drugs_08_solubility,9,5.848448276519775,32.93703125,6400,6366,3058,3342,1.0,1.0,1.0,0.3587208014802102,0.738064094179202,0.5257688237899221,0.5176081885688211,0.6362656168622578,drugs_08_solubility_9,95.53539276123047,0.04656120017170906,1.0,0.01550542563199997,1.0,0.006369457580149174,1.0,0.006271891295909882,1.0
drugs_08_solubility,10,5.826148509979248,31.5590625,32000,31269,16589,15411,0.9998794381819278,0.9998794381819278,0.9999156067273494,0.4141248524368834,0.7451986255952738,0.5269962059035821,0.5203947496555633,0.6523699703970381,drugs_08_solubility_10,88.7720947265625,0.04892668128013611,0.9841270446777344,0.008815346285700798,1.0,0.007761983200907707,1.0,0.004332155920565128,1.0
drugs_08_solubility,11,5.831492900848389,30.31484375,6400,6335,3546,2854,1.0,1.0,1.0,0.4715494994008097,0.7661872532430907,0.517934452609506,0.5154775958595679,0.6716150328653596,drugs_08_solubility_11,142.65171813964844,0.011607375927269459,1.0,0.00480058416724205,1.0,0.006197104696184397,1.0,0.00459637027233839,1.0
drugs_08_solubility,12,5.833447456359863,29.86984375,6400,6300,3722,2678,1.0,1.0,1.0,0.4244492637074796,0.7709564750134337,0.5149666503827084,0.5149497190760763,0.6756471475061238,drugs_08_solubility_12,76.46279907226562,0.050286974757909775,0.9841270446777344,0.008148262277245522,1.0,0.003544190898537636,1.0,0.00342856184579432,1.0
drugs_08_solubility,13,5.839824676513672,28.95703125,6400,6283,3800,2600,1.0,1.0,1.0,0.4784199024424887,0.7838684210526315,0.518397019462288,0.5185112425403215,0.6919438122900918,drugs_08_solubility_13,80.82211303710938,0.004496154375374317,1.0,0.0029660030268132687,1.0,0.009458007290959358,1.0,0.013360943645238876,1.0
drugs_08_solubility,14,5.841655254364014,28.0640625,6400,6274,3889,2511,0.999742864489586,0.999485728979172,0.9998200051427103,0.44568887986268385,0.7952429930573411,0.5220224922526573,0.5199063218684681,0.7074797518720322,drugs_08_solubility_14,71.4822998046875,0.03142722696065903,0.9841270446777344,0.00248030386865139,1.0,0.03098406083881855,0.9841270446777344,0.0028336967807263136,1.0
drugs_08_solubility,15,5.863239288330078,27.67828125,6400,6257,3983,2417,1.0,1.0,1.0,0.4234180292942405,0.7988701983429575,0.5278616898802195,0.5186456603691997,0.7117953441967204,drugs_08_solubility_15,113.43731689453125,0.04276052117347717,0.9841270446777344,0.004076025448739529,1.0,0.009956195950508118,1.0,0.002695919945836067,1.0
drugs_08_solubility,16,5.889047622680664,27.15859375,6400,6232,4118,2282,1.0,1.0,1.0,0.4769115022235132,0.8095677513355999,0.5400041101243496,0.5191815456693921,0.731539282713841,drugs_08_solubility_16,76.07949829101562,0.0031022587791085243,1.0,0.003659189213067293,1.0,0.006497550290077925,1.0,0.0018471436342224479,1.0
drugs_08_solubility,17,5.946301460266113,26.754375,6400,6215,4294,2106,0.9997671169073126,0.9997671169073126,0.9998369818351188,0.4225164828520619,0.8099673963670238,0.5483760365643737,0.523996672955756,0.7411602100821459,drugs_08_solubility_17,92.35523986816406,0.06285560876131058,0.9523810148239136,0.001955409999936819,1.0,0.00281228544190526,1.0,0.0027247657999396324,1.0
drugs_08_solubility,18,5.971054553985596,26.32703125,6400,6181,4402,1998,0.9993184915947296,0.9993184915947296,0.9995229441163107,0.4183516711028902,0.8239663789186732,0.5568957283724664,0.5195517697545744,0.7601229016646615,drugs_08_solubility_18,107.84722900390625,0.00494694709777832,1.0,0.0026323008351027966,1.0,0.001565771410241723,1.0,0.002798215951770544,1.0
drugs_08_solubility,19,5.989309787750244,26.11375,6400,6171,4402,1998,1.0,1.0,1.0,0.4382626676420414,0.8388459791004089,0.5681156171565549,0.5225691010550861,0.7681385011258479,drugs_08_solubility_19,83.35342407226562,0.004759341944009066,1.0,0.001680747140198946,1.0,0.0015849575866013765,1.0,0.0018930471269413829,1.0
drugs_08_solubility,20,5.984111309051514,26.27915625,32000,28991,22293,9707,0.9998205714798367,0.9998205714798367,0.9998744000358858,0.4776335572133935,0.841959359440183,0.5766752127413324,0.5230857020475225,0.7703673552415047,drugs_08_solubility_20,98.34121704101562,0.001608541002497077,1.0,0.0016084916424006224,1.0,0.002243245020508766,1.0,0.001354183885268867,1.0
drugs_08_solubility,21,5.953728675842285,26.6996875,6400,6207,4514,1886,1.0,1.0,1.0,0.4657885132956234,0.8466105449712007,0.5885102846069039,0.528303740386762,0.7690659218153321,drugs_08_solubility_21,97.88743591308594,0.002596082165837288,1.0,0.0017735144356265664,1.0,0.004161794204264879,1.0,0.010064525529742241,1.0
drugs_08_solubility,22,5.898133754730225,27.57390625,6400,6233,4393,2007,1.0,1.0,1.0,0.48428574837618743,0.8390849078078763,0.6015742305267126,0.5282352720036884,0.7657424939141132,drugs_08_solubility_22,100.35347747802734,0.0015290846349671483,1.0,0.003047494450584054,1.0,0.007985822856426239,1.0,0.0151592455804348,0.9841270446777344
drugs_08_solubility,23,5.89645528793335,28.2784375,6400,6284,4254,2146,1.0,1.0,1.0,0.5210542940521748,0.8399153737658674,0.6128785533400533,0.5357061525228964,0.7566565652093796,drugs_08_solubility_23,94.72306060791016,0.001288876635953784,1.0,0.0516229011118412,0.9841270446777344,0.001979484688490629,1.0,0.0018768509617075324,1.0
drugs_08_solubility,24,5.8750715255737305,28.83609375,6400,6306,4211,2189,1.0,1.0,1.0,0.508036332249618,0.8389456186179054,0.6213030673437641,0.5331487823710718,0.7563016109713244,drugs_08_solubility_24,100.47976684570312,0.0023912545293569565,1.0,0.022303301841020584,1.0,0.0017084743594750762,1.0,0.001997526502236724,1.0
drugs_08_solubility,25,5.831763744354248,29.07875,6400,6285,4163,2237,0.9997597886139803,0.9997597886139803,0.9998318520297863,0.476030682791952,0.8511169829449915,0.618136193602125,0.5319998905261643,0.7588108307827774,drugs_08_solubility_25,95.68054962158203,0.00646797614172101,1.0,0.002304697874933481,1.0,0.0016214041970670223,1.0,0.0015037177363410592,1.0
drugs_08_solubility,26,5.865163803100586,29.22078125,6400,6296,4190,2210,1.0,1.0,1.0,0.4438704410537593,0.855489260143198,0.6231318037602994,0.5280734820180407,0.7662911612520301,drugs_08_solubility_26,102.72724151611328,0.0012468257918953896,1.0,0.0012143382336944342,1.0,0.0018085390329360962,1.0,0.00753070367500186,1.0
drugs_08_solubility,27,5.859615325927734,29.4840625,6400,6297,4242,2158,1.0,1.0,1.0,0.4386901465260972,0.862022630834512,0.6327441438113893,0.5212565930348672,0.7713486182492698,drugs_08_solubility_27,106.84642791748047,0.002288747113198042,1.0,0.0013965052785351872,1.0,0.0013601630926132202,1.0,0.0019429128151386976,1.0
drugs_08_solubility,28,5.90659236907959,29.6271875,6400,6301,4239,2161,0.9997640953054966,0.9997640953054966,0.9998348667138477,0.47080433843107805,0.868766218447747,0.6338370936626837,0.5254257537825273,0.7669867796647268,drugs_08_solubility_28,102.65180206298828,0.002117555122822523,1.0,0.0013714422238990664,1.0,0.000988108105957508,1.0,0.0020961719565093517,1.0
drugs_08_solubility,29,5.928309440612793,29.953125,6400,6281,4141,2259,0.9997585124366095,0.9997585124366095,0.9998309587056267,0.4297743790870066,0.8706109635353779,0.637165900997489,0.5218430863752392,0.768589422544953,drugs_08_solubility_29,97.63151550292969,0.0012488894863054156,1.0,0.001525077037513256,1.0,0.0009913203539326787,1.0,0.0026249471120536327,1.0
drugs_08_solubility,30,6.0020623207092285,30.0351875,32000,30336,21213,10787,0.999905718191675,0.999905718191675,0.9999340027341723,0.4634094376105928,0.8684485928440107,0.6412834613155743,0.5181875171419908,0.772139831145526,drugs_08_solubility_30,98.56272888183594,0.0009414725354872644,1.0,0.0012104378547519445,1.0,0.0011282572522759438,1.0,0.001765399007126689,1.0
drugs_08_solubility,31,6.0601630210876465,30.09640625,6400,6284,4218,2182,1.0,1.0,1.0,0.3910874898099876,0.8692745376955903,0.6456546447884,0.5148399930783498,0.7760867229869975,drugs_08_solubility_31,96.76959228515625,0.0009762438712641597,1.0,0.021909959614276886,0.9841270446777344,0.000927596352994442,1.0,0.0012490334920585155,1.0
drugs_08_solubility,32,6.112188816070557,30.00234375,6400,6298,4360,2040,0.9997706422018349,0.9997706422018349,0.9998394495412845,0.4930139420254773,0.8716513761467889,0.651675203501609,0.5192569671490077,0.7780884162766445,drugs_08_solubility_32,95.32810974121094,0.0019123140955343843,1.0,0.033958204090595245,0.9841270446777344,0.0017149948980659246,1.0,0.0013495441526174545,1.0
drugs_08_solubility,33,6.177316188812256,30.29125,6400,6256,4388,2012,1.0,1.0,1.0,0.42292537891587284,0.8760711030082041,0.6626124076308605,0.5094522033089338,0.7903677254795757,drugs_08_solubility_33,104.62039184570312,0.0013806279748678207,1.0,0.0012247710255905986,1.0,0.0008818773203529418,1.0,0.0009653050219640136,1.0
drugs_08_solubility,34,6.198610782623291,30.0709375,6400,6259,4383,2017,0.999771845767739,0.999771845767739,0.9998402920374173,0.46152876338835636,0.8788044718229524,0.6621876240371195,0.5038706372415872,0.7899924875200766,drugs_08_solubility_34,94.49195098876953,0.003875043708831072,1.0,0.019227150827646255,0.9841270446777344,0.005603623576462269,1.0,0.0013985061086714268,1.0
drugs_08_solubility,35,6.2042975425720215,29.9825,6400,6247,4531,1869,1.0,1.0,1.0,0.39105025983365926,0.8804237475171044,0.6664894742828024,0.5008621022328523,0.7920336561424851,drugs_08_solubility_35,102.2362289428711,0.0006322984700091183,1.0,0.001180304680019617,1.0,0.0019870002288371325,1.0,0.015804460272192955,0.9841270446777344
drugs_08_solubility,36,6.213665008544922,29.7553125,6400,6213,4623,1777,0.99978369024443,0.99978369024443,0.999848583171101,0.420860654442918,0.8788881678563703,0.6683685618106698,0.4993175582463378,0.7903521865332177,drugs_08_solubility_36,106.46642303466797,0.0006914230762049556,1.0,0.0009632925502955914,1.0,0.0009565381333231926,1.0,0.007320704869925976,1.0
drugs_08_solubility,37,6.27851676940918,29.61125,6400,6190,4660,1740,1.0,1.0,1.0,0.4145490514844728,0.8792703862660943,0.6744622873231797,0.4990110828072602,0.7967439740543381,drugs_08_solubility_37,98.85452270507812,0.0009051095112226903,1.0,0.0006305710994638503,1.0,0.0010662708664312959,1.0,0.0006117746233940125,1.0
drugs_08_solubility,38,6.2763752937316895,29.27921875,6400,6162,4755,1645,1.0,1.0,1.0,0.43325185137258426,0.8819348054679286,0.6793227017891154,0.501334633318594,0.7972382629276223,drugs_08_solubility_38,113.60609436035156,0.028673654422163963,0.9841270446777344,0.0007344114128500223,1.0,0.0006834851810708642,1.0,0.000800558365881443,1.0
drugs_08_solubility,39,6.329131603240967,29.001875,6400,6153,4889,1511,1.0,1.0,1.0,0.3649057050031273,0.885518510942933,0.677900256381117,0.49636300892917473,0.8017011609323664,drugs_08_solubility_39,103.56433868408203,0.0009694574400782585,1.0,0.012142405845224857,1.0,0.01124787237495184,1.0,0.0015780185349285603,1.0
drugs_08_solubility,40,6.348794937133789,28.826625,32000,28815,24243,7757,0.9997112568576496,0.9997525058779854,0.9997978798003547,0.4112300815474404,0.8861362042651486,0.6775708394626553,0.4984247336815655,0.8042156663178617,drugs_08_solubility_40,99.23165130615234,0.0008423255058005452,1.0,0.0006694859475828707,1.0,0.0015626844251528382,1.0,0.0008470563916489482,1.0
drugs_08_solubility,41,6.415195941925049,28.54375,6400,6130,4944,1456,0.9997977346278317,0.9995954692556634,0.9998584142394822,0.4450147551875321,0.8845064724919094,0.6753575399703753,0.5011426950760285,0.8048699177474411,drugs_08_solubility_41,96.66128540039062,0.0007930859574116766,1.0,0.0008239307207986712,1.0,0.0006669113063253462,1.0,0.0009461582521907985,1.0
drugs_08_solubility,42,6.467368125915527,27.56140625,6400,6056,4999,1401,0.9995999199839968,0.9997999599919984,0.9997199439887978,0.38095993094726466,0.8901780356071214,0.6668218358013975,0.49783867358789613,0.815719702633001,drugs_08_solubility_42,100.295654296875,0.0005915582296438515,1.0,0.0006785576115362346,1.0,0.0006528212688863277,1.0,0.0014201260637491941,1.0
drugs_08_solubility,43,6.5458879470825195,26.72140625,6400,5906,5056,1344,1.0,1.0,1.0,0.4075756224167291,0.8923457278481011,0.660674742369913,0.5003564457533798,0.8243118836358098,drugs_08_solubility_43,125.96829223632812,0.0005993260419927537,1.0,0.0006685970583930612,1.0,0.0008317471365444362,1.0,0.0005668321973644197,1.0
drugs_08_solubility,44,6.612783908843994,26.6775,6400,5920,5129,1271,1.0,1.0,1.0,0.43434437745622867,0.88966660167674,0.6612647179081562,0.49994413410867083,0.8239929131919932,drugs_08_solubility_44,98.77493286132812,0.0006544993375428021,1.0,0.0013018809258937836,1.0,0.0010720789432525635,1.0,0.000717545801308006,1.0
drugs_08_solubility,45,6.702877044677734,26.179375,6400,5815,5193,1207,1.0,1.0,1.0,0.3927366429843608,0.891527055651839,0.6595561590921423,0.5009953578350782,0.8318605441103659,drugs_08_solubility_45,100.29642486572266,0.0015450522769242525,1.0,0.000782796589192003,1.0,0.003340875031426549,1.0,0.0007389909587800503,1.0
drugs_08_solubility,46,6.752290725708008,25.8928125,6400,5712,5336,1064,0.9996251874062968,0.9998125937031485,0.9997376311844078,0.42962964085578037,0.8906109445277361,0.6591967713575682,0.49859762889369064,0.835230606057029,drugs_08_solubility_46,96.4464340209961,0.0008215526468120515,1.0,0.000607714697252959,1.0,0.001638941466808319,1.0,0.0015144122298806906,1.0
drugs_08_solubility,47,6.789942741394043,25.88390625,6400,5694,5372,1028,0.9998138495904692,1.0,0.9998696947133284,0.4455305560462305,0.8948436336559941,0.6655344813478584,0.49856236457099834,0.8419984907774213,drugs_08_solubility_47,102.53878784179688,0.0008586751064285636,1.0,0.0005684152711182833,1.0,0.0005176601116545498,1.0,0.0006036624545231462,1.0
drugs_08_solubility,48,6.809596061706543,26.29328125,6400,5727,5362,1038,1.0,1.0,1.0,0.4059625929991009,0.8955427079447966,0.6683207095389576,0.5008666099571913,0.8412579198506218,drugs_08_solubility_48,98.8569107055664,0.0006135485600680113,1.0,0.0024639847688376904,1.0,0.0008766475366428494,1.0,0.0010324491886422038,1.0
drugs_08_solubility,49,6.744846343994141,26.35265625,6400,5767,5324,1076,1.0,1.0,1.0,0.3843549249725221,0.8938955672426747,0.6747876452637116,0.5055133295487321,0.8409902808099593,drugs_08_solubility_49,108.69324493408203,0.0005575973191298544,1.0,0.0007383187185041606,1.0,0.0008127487963065505,1.0,0.0009623197838664055,1.0
drugs_08_solubility,50,6.752662181854248,26.710375,32000,26204,26313,5687,0.9998859879147189,0.9998859879147189,0.9999201915403032,0.5028303242773194,0.8927868354045528,0.6834357900858514,0.5052371600052975,0.8360800714069148,drugs_08_solubility_50,110.71551513671875,0.004615424666553736,1.0,0.001054122461937368,1.0,0.0006526338984258473,1.0,0.0004926365218125284,1.0
drugs_08_solubility,51,6.760360240936279,27.00171875,6400,5843,5257,1143,0.9998097774396043,0.9998097774396043,0.9998668442077231,0.41764033594589384,0.8945025680045653,0.6942296300077238,0.5009032853450573,0.8414222158287566,drugs_08_solubility_51,109.43905639648438,0.0005485477740876377,1.0,0.0006107985973358154,1.0,0.0006230445578694344,1.0,0.0005472628399729729,1.0
drugs_08_solubility,52,6.789341926574707,27.205,6400,5857,5240,1160,0.9998091603053435,0.9998091603053435,0.9998664122137405,0.47502086742104227,0.8922137404580154,0.6981698621323906,0.5059094128976781,0.8388969749539464,drugs_08_solubility_52,104.38798522949219,0.0021313156466931105,1.0,0.0006886757910251617,1.0,0.000598375394474715,1.0,0.0005426208372227848,1.0
drugs_08_solubility,53,6.8317670822143555,27.28625,6400,5868,5256,1144,0.9998097412480974,0.9998097412480974,0.9998668188736682,0.43820916555958755,0.8927130898021309,0.7061400646610697,0.5102585463289264,0.8408781152836717,drugs_08_solubility_53,109.71310424804688,0.0005271211848594248,1.0,0.0004881284257862717,1.0,0.0004774753761012107,1.0,0.0005960246780887246,1.0
drugs_08_solubility,54,6.85153341293335,27.1459375,6400,5829,5371,1029,1.0,1.0,1.0,0.43360051872067584,0.8902811394526159,0.7049143075447553,0.5100771989487086,0.8458906576995615,drugs_08_solubility_54,104.51844787597656,0.0006086099892854691,1.0,0.0004430839326232672,1.0,0.0004509413265623152,1.0,0.0004086692933924496,1.0
drugs_08_solubility,55,6.915464401245117,27.14046875,6400,5726,5490,910,0.9998178506375228,0.9998178506375228,0.999872495446266,0.3796942745426679,0.8958287795992714,0.7136130549261804,0.5098244657161688,0.850670719713852,drugs_08_solubility_55,108.245849609375,0.0007790636154823005,1.0,0.0005589158390648663,1.0,0.0011258965823799372,1.0,0.0006308514857664704,1.0
drugs_08_solubility,56,6.977913856506348,27.605625,6400,5736,5544,856,0.9998196248196248,1.0,0.9998737373737374,0.4069514572272103,0.8968073593073594,0.7313619569991925,0.5168563138232026,0.8517931407674804,drugs_08_solubility_56,120.84366607666016,0.000480557675473392,1.0,0.00044146989239379764,1.0,0.0006332400953397155,1.0,0.00036831243778578937,1.0
drugs_08_solubility,57,7.047198295593262,28.635,6400,5780,5583,817,1.0,1.0,1.0,0.4840522576100052,0.8941608454236074,0.7528102657629183,0.5177720177215407,0.8484662279344792,drugs_08_solubility_57,117.04776000976562,0.021522240713238716,0.9841270446777344,0.00043521507177501917,1.0,0.00045571496593765914,1.0,0.0011480746325105429,1.0
drugs_08_solubility,58,7.03548526763916,29.51953125,6400,5827,5578,822,1.0,1.0,1.0,0.46709955268888137,0.8901936177841521,0.7758219330762655,0.5265848814235902,0.8412638920560966,drugs_08_solubility_58,134.51686096191406,0.0005290567642077804,1.0,0.0005921513657085598,1.0,0.0004143511760048568,1.0,0.00044576943037100136,1.0
drugs_08_solubility,59,7.072530746459961,30.97828125,6400,5996,5530,870,1.0,1.0,1.0,0.40788560252591627,0.891754068716094,0.8059670941234365,0.5301487262199269,0.8323098000063339,drugs_08_solubility_59,138.34165954589844,0.0006511706160381436,1.0,0.0004273712693247944,1.0,0.00047517416533082724,1.0,0.00042313095764257014,1.0
drugs_08_solubility,60,7.068593978881836,33.17946875,32000,28965,27028,4972,1.0,1.0,1.0,0.46436407651682393,0.8823331360071037,0.841757315131029,0.5386257735407157,0.8114184912319151,drugs_08_solubility_60,150.09934997558594,0.00043650245061144233,1.0,0.0004846072697546333,1.0,0.0005682618357241154,1.0,0.0003844676830340177,1.0
drugs_08_solubility,61,7.04153299331665,35.3134375,6400,6249,5306,1094,0.9998115341123257,0.9998115341123257,0.999868073878628,0.40959645703477904,0.8789483603467774,0.8730363909285553,0.543937535726039,0.7967655781201097,drugs_08_solubility_61,153.63626098632812,0.0005222527543082833,1.0,0.0005076919333077967,1.0,0.00045055171358399093,1.0,0.0004772897809743881,1.0
drugs_08_solubility,62,7.021740913391113,37.55734375,6400,6315,5152,1248,1.0,1.0,1.0,0.4824712180282199,0.8757569875776396,0.9008270751505428,0.5507092015977134,0.7784178638722076,drugs_08_solubility_62,161.19204711914062,0.001685723545961082,1.0,0.0010488727129995823,1.0,0.00035479903453961015,1.0,0.0005026217550039291,1.0
drugs_08_solubility,63,7.039484024047852,39.8196875,6400,6326,5094,1306,1.0,1.0,1.0,0.5192338726787582,0.8645661562622694,0.9184939893113321,0.5536234570392945,0.7628782509185228,drugs_08_solubility_63,170.16404724121094,0.00037620271905325353,1.0,0.0004455467569641769,1.0,0.0005532084032893181,1.0,0.0004734892281703651,1.0
drugs_08_solubility,64,7.04683780670166,41.0896875,6400,6349,5077,1323,1.0,1.0,1.0,0.5570301251042529,0.8658262753594641,0.933267368783808,0.5539323106515521,0.7559602939499558,drugs_08_solubility_64,171.10403442382812,0.00033275611349381506,1.0,0.00033127478673122823,1.0,0.0005629638326354325,1.0,0.00029659440042451024,1.0
drugs_08_solubility,65,7.089487075805664,42.28609375,6400,6343,5133,1267,1.0,1.0,1.0,0.49890912772312407,0.8679524644457431,0.9417903555463286,0.559049929428671,0.7533537456368887,drugs_08_solubility_65,184.30300903320312,0.0003478162398096174,1.0,0.00036866607842966914,1.0,0.0003721350512932986,1.0,0.00028282339917495847,1.0
drugs_08_solubility,66,7.130952835083008,42.95703125,6400,6342,5153,1247,1.0,1.0,1.0,0.5431435427567795,0.8704638074907821,0.948568310412882,0.5614504313388708,0.7510466525691556,drugs_08_solubility_66,183.1488494873047,0.0002753012231551111,1.0,0.00024086861230898649,1.0,0.00071255664806813,1.0,0.00036462931893765926,1.0
drugs_08_solubility,67,7.120851039886475,43.628125,6400,6328,5137,1263,1.0,1.0,1.0,0.6202063341203861,0.8668094218415416,0.9546964711473257,0.5611716246309933,0.749415984452018,drugs_08_solubility_67,181.4275360107422,0.00026118604000657797,1.0,0.0002326536923646927,1.0,0.0003106103395111859,1.0,0.00028306397143751383,1.0
drugs_08_solubility,68,7.174539566040039,44.74703125,6400,6317,5119,1281,1.0,1.0,1.0,0.5861967281652689,0.8728267239695253,0.9588286873813804,0.5680772506849054,0.7450329177078753,drugs_08_solubility_68,170.79464721679688,0.00020667791250161827,1.0,0.000269062613369897,1.0,0.00017605147149879485,1.0,0.00035014396416954696,1.0
drugs_08_solubility,69,7.240239143371582,46.15453125,6400,6322,5148,1252,1.0,1.0,1.0,0.586664412818018,0.8755439005439004,0.965657319469567,0.5774324042833738,0.7382032145222888,drugs_08_solubility_69,187.5390625,0.0002865322749130428,1.0,0.0002628792426548898,1.0,0.00019817121210508049,1.0,0.0001932469313032925,1.0
drugs_08_solubility,70,7.301014423370361,46.989875,32000,30782,26206,5794,1.0,1.0,1.0,0.5878345032461902,0.8760054949248263,0.9714386561652887,0.5816815150174037,0.7353471487588786,drugs_08_solubility_70,190.0269775390625,0.00018104404443874955,1.0,0.00017208483768627048,1.0,0.00019816502754110843,1.0,0.00016800221055746078,1.0
drugs_08_solubility,71,7.348443508148193,48.48703125,6400,6327,5302,1098,1.0,1.0,1.0,0.6251401668757337,0.8700113164843454,0.9754323381019506,0.589161265194658,0.7249170575776451,drugs_08_solubility_71,202.04165649414062,0.0002408080326858908,1.0,0.0001431373821105808,1.0,0.0012597029563039541,1.0,0.00016605052223894745,1.0
drugs_08_solubility,72,7.350454807281494,51.78765625,6400,6326,5222,1178,1.0,1.0,1.0,0.6584687688271371,0.874894676369207,0.9810865055274779,0.599993307345112,0.7047334961032427,drugs_08_solubility_72,206.3768768310547,0.00015417112444993109,1.0,0.000126915198052302,1.0,0.00011510711192386225,1.0,0.000160337527631782,1.0
drugs_08_solubility,73,7.296812534332275,55.29234375,6400,6355,5112,1288,1.0,1.0,1.0,0.6988939300792903,0.8664319248826291,0.9816032770558525,0.6085040280113191,0.6781647358799868,drugs_08_solubility_73,194.25387573242188,0.00014367337280418724,1.0,0.00010901856876444072,1.0,7.039696356514469e-05,1.0,0.00014794587332289666,1.0
drugs_08_solubility,74,7.259497165679932,58.30859375,6400,6376,5027,1373,1.0,1.0,1.0,0.6824266721951514,0.8645116371593395,0.9870833387150533,0.620736715162915,0.6590307281498776,drugs_08_solubility_74,202.50106811523438,0.0001872711582109332,1.0,8.200005686376244e-05,1.0,0.0002269416581839323,1.0,0.0001102594324038364,1.0
drugs_08_solubility,75,7.333393096923828,57.47796875,6400,6365,5102,1298,1.0,1.0,1.0,0.7351007637231958,0.8730889847118777,0.9847078119697733,0.6240646799443674,0.6671398701588709,drugs_08_solubility_75,221.78350830078125,8.892754703992978e-05,1.0,0.00013105325342621654,1.0,0.00014662962348666042,1.0,9.390708146383986e-05,1.0
drugs_08_solubility,76,7.427023410797119,55.14125,6400,6333,5213,1187,1.0,1.0,1.0,0.7286270009071798,0.8829081143295607,0.9857327335611593,0.6227982675767318,0.6867914287513601,drugs_08_solubility_76,191.51632690429688,0.0002693700371310115,1.0,0.00014804011152591556,1.0,0.00012648336996790022,1.0,0.0001327617501374334,1.0
drugs_08_solubility,77,7.6080641746521,50.74859375,6400,6292,5507,893,1.0,1.0,1.0,0.6874293426957973,0.8879244597784637,0.9815502812073689,0.6167835594584247,0.7180531698953421,drugs_08_solubility_77,188.4435577392578,0.00013558374485000968,1.0,0.00014664349146187305,1.0,0.00012702122330665588,1.0,0.00012709076690953225,1.0
drugs_08_solubility,78,7.746387958526611,47.1575,6400,6237,5635,765,1.0,1.0,1.0,0.6962287674974398,0.8961490683229812,0.9790679087102951,0.6143891930806089,0.7451862901741775,drugs_08_solubility_78,202.70655822753906,0.00013567297719419003,1.0,0.00016953476006165147,1.0,0.00012610609701368958,1.0,9.772976773092523e-05,1.0
drugs_08_solubility,79,7.771300792694092,43.90921875,6400,6147,5645,755,1.0,1.0,1.0,0.5886925402078412,0.9021257750221435,0.9719072128198306,0.6131614266187424,0.766466560342914,drugs_08_solubility_79,172.09254455566406,7.06000137142837e-05,1.0,0.0001841611519921571,1.0,8.140560385072604e-05,1.0,0.0015387035673484206,1.0
drugs_08_solubility,80,7.814624786376953,41.73090625,32000,27860,28307,3693,1.0,1.0,1.0,0.6759516863482441,0.9026848482707456,0.9662054742222976,0.6168847937264919,0.7803864245156875,drugs_08_solubility_80,150.00146484375,0.00010966294939862564,1.0,7.75979133322835e-05,1.0,7.124469266273081e-05,1.0,9.937622235156596e-05,1.0
drugs_08_solubility,81,7.834895133972168,39.889375,6400,5902,5616,784,1.0,1.0,1.0,0.6928104370803497,0.9069978632478632,0.9583100412932064,0.6207057402132494,0.7943741512613246,drugs_08_solubility_81,165.3272705078125,0.00011063861165894195,1.0,0.0002936037490144372,1.0,0.00015623585204593837,1.0,0.0004173507622908801,1.0
drugs_08_solubility,82,7.836881160736084,39.02265625,6400,5775,5591,809,1.0,1.0,1.0,0.6229196801335456,0.9067072080128777,0.9535347603489794,0.6300043519868785,0.8007625907070024,drugs_08_solubility_82,148.44805908203125,0.00013287206820677966,1.0,7.095723412930965e-05,1.0,6.821678834967315e-05,1.0,6.318053783616051e-05,1.0
drugs_08_solubility,83,7.84286642074585,39.13609375,6400,5779,5568,832,1.0,1.0,1.0,0.7595963334460912,0.9075790229885057,0.9520598275952006,0.6369407272465146,0.7985921850785774,drugs_08_solubility_83,148.16653442382812,6.283438415266573e-05,1.0,0.0001471669675083831,1.0,0.0003815454547293484,1.0,9.144605428446084e-05,1.0
drugs_08_solubility,84,7.868971347808838,38.0575,6400,5598,5502,898,1.0,1.0,1.0,0.6453330478919923,0.9122319156670301,0.9479239050897864,0.6401647523421411,0.8086579875426895,drugs_08_solubility_84,135.3990478515625,9.311625035479665e-05,1.0,0.00019506782700773329,1.0,0.00018119860033039004,1.0,0.00012970891839358956,1.0
drugs_08_solubility,85,7.911403179168701,36.5265625,6400,5494,5599,801,1.0,1.0,1.0,0.69635562280837,0.9142346847651365,0.9418781441486563,0.6306835265107834,0.8193071550906769,drugs_08_solubility_85,135.41925048828125,0.00011449729936430231,1.0,0.00019029126269742846,1.0,8.637074643047526e-05,1.0,7.347857172135264e-05,1.0
drugs_08_solubility,86,7.937191963195801,35.17359375,6400,5262,5648,752,1.0,1.0,1.0,0.671493423141869,0.919369688385269,0.9346495644264591,0.6253153826264689,0.8310197446090819,drugs_08_solubility_86,141.85702514648438,7.001387712080032e-05,1.0,5.436333958641626e-05,1.0,6.037238199496642e-05,1.0,0.0003161655622534454,1.0
drugs_08_solubility,87,7.964179515838623,33.96515625,6400,5061,5802,598,1.0,1.0,1.0,0.7026362229299837,0.9222681833850397,0.9266998097570521,0.6151660086834705,0.8403983033580816,drugs_08_solubility_87,126.07355499267578,7.32726912247017e-05,1.0,5.0317768909735605e-05,1.0,0.00014232986723072827,1.0,0.0002707912353798747,1.0
drugs_08_solubility,88,8.010274887084961,31.97546875,6400,4711,5855,545,1.0,1.0,1.0,0.6035195010216045,0.9239795046968402,0.9057455205705571,0.604440486184145,0.8526433562994441,drugs_08_solubility_88,118.20785522460938,0.00020787031098734587,1.0,0.00010215708607574925,1.0,0.00011041003017453477,1.0,0.00013069897249806672,1.0
drugs_08_solubility,89,8.010844230651855,30.36,6400,4434,5933,467,1.0,1.0,1.0,0.5776218024403909,0.9307095904264284,0.8873339524802271,0.5968430659246685,0.8651407695944978,drugs_08_solubility_89,111.94348907470703,0.0001222206192323938,1.0,8.427647117059678e-05,1.0,5.2087405492784455e-05,1.0,9.59461904130876e-05,1.0
drugs_08_solubility,90,8.06877326965332,29.882625,32000,16919,30143,1857,1.0,1.0,1.0,0.618455030685894,0.9360548054274624,0.8848972417163068,0.5938776499228595,0.8706939054039635,drugs_08_solubility_90,115.75877380371094,0.00011975645611528307,1.0,6.194510933710262e-05,1.0,5.100186535855755e-05,1.0,4.216456727590412e-05,1.0
drugs_08_solubility,91,8.069894790649414,30.54703125,6400,4480,6077,323,1.0,1.0,1.0,0.7291313165952844,0.9337831166694093,0.8959267339517495,0.589644599490619,0.865313760757743,drugs_08_solubility_91,115.52061462402344,0.00012043117749271914,1.0,6.406466127373278e-05,1.0,0.0001117313586291857,1.0,6.949975795578212e-05,1.0
drugs_08_solubility,92,8.048776626586914,30.29,6400,4434,6048,352,1.0,1.0,1.0,0.595393552027833,0.9407407407407407,0.8946106918260318,0.584528367216812,0.8690947866082818,drugs_08_solubility_92,108.2394790649414,8.257458102889359e-05,1.0,7.62531126383692e-05,1.0,0.00011559281119843945,1.0,8.734661241760477e-05,1.0
drugs_08_solubility,93,8.064748764038086,30.5965625,6400,4357,6069,331,1.0,1.0,1.0,0.5726011133603609,0.9433020266930301,0.8994184973309964,0.5839487218644159,0.8697627497073697,drugs_08_solubility_93,113.57646942138672,0.00011462684051366523,1.0,0.00010232088243355975,1.0,0.0002715947339311242,1.0,8.102690480882302e-05,1.0
drugs_08_solubility,94,8.065374374389648,30.27,6400,4412,6079,321,1.0,1.0,1.0,0.556774651849496,0.9434775456489554,0.8939907493472378,0.5804118401429312,0.8727905272307709,drugs_08_solubility_94,106.63235473632812,6.772047345293686e-05,1.0,8.736608288018033e-05,1.0,0.00012665118265431374,1.0,0.00020732131088152528,1.0
drugs_08_solubility,95,8.096670150756836,30.66234375,6400,4414,6078,322,1.0,1.0,1.0,0.6029191935665504,0.9468410661401776,0.8989730318340077,0.5777631227465201,0.8698565292571881,drugs_08_solubility_95,111.38130950927734,0.0004586412396747619,1.0,0.00014794501475989819,1.0,5.616030830424279e-05,1.0,0.00015341294056270272,1.0
drugs_08_solubility,96,8.092373847961426,30.8565625,6400,4427,6064,336,1.0,1.0,1.0,0.6547947647987824,0.949472295514512,0.901386218045712,0.575008357749103,0.8702776863045371,drugs_08_solubility_96,115.00092315673828,7.057652692310512e-05,1.0,6.486626080004498e-05,1.0,4.714470560429618e-05,1.0,8.137286204146221e-05,1.0
drugs_08_solubility,97,8.132631301879883,31.94625,6400,4515,6087,313,1.0,1.0,1.0,0.630939396644358,0.9504189255791028,0.9122378266264051,0.573501497335253,0.8663920360380719,drugs_08_solubility_97,123.21992492675781,0.00011976756650255993,1.0,0.00010649583418853581,1.0,0.00011419960355851799,1.0,7.253800868056715e-05,1.0
drugs_08_solubility,98,8.100615501403809,33.3409375,6400,4845,6062,338,1.0,1.0,1.0,0.7119565328788224,0.9515836357637744,0.9280346852308927,0.5788475749007009,0.8542000787523989,drugs_08_solubility_98,118.99532318115234,6.126757216406986e-05,1.0,5.186483758734539e-05,1.0,0.00010509787534829229,1.0,7.902344805188477e-05,1.0
drugs_08_solubility,99,8.118596076965332,34.36140625,6400,4970,6011,389,1.0,1.0,1.0,0.6164955909582313,0.9535518216602895,0.9377813130326336,0.5782092578869323,0.8479321614162072,drugs_08_solubility_99,128.7828826904297,6.27440822427161e-05,1.0,5.331364809535444e-05,1.0,0.00011063665442634374,1.0,6.889439828228205e-05,1.0
drugs_08_solubility,100,8.129192352294922,34.88171875,32000,20753,30211,1789,1.0,1.0,1.0,0.6384832261015236,0.9530667637615438,0.9416261783989833,0.5764411530919927,0.846857336844597,drugs_08_solubility_100,139.7797088623047,7.33795968699269e-05,1.0,5.139451241120696e-05,1.0,6.303868576651439e-05,1.0,8.471218461636454e-05,1.0
drugs_08_solubility,101,8.108160018920898,34.47453125,6400,4986,6095,305,1.0,1.0,1.0,0.5830017701455664,0.9545036915504511,0.9398774264374167,0.5745173779986652,0.8510402855177266,drugs_08_solubility_101,130.96389770507812,4.596352300723083e-05,1.0,7.024715887382627e-05,1.0,8.293826249428093e-05,1.0,0.00011398773494875059,1.0
drugs_08_solubility,102,8.112334251403809,33.8153125,6400,4832,6054,346,1.0,1.0,1.0,0.6132606560404353,0.9584737363726462,0.9350945170006132,0.5702915994582826,0.8580703032088489,drugs_08_solubility_102,124.73151397705078,6.289241719059646e-05,1.0,6.240660150069743e-05,1.0,9.235014294972643e-05,1.0,6.0436395870056e-05,1.0
drugs_08_solubility,103,8.084922790527344,32.78640625,6400,4637,6060,340,1.0,1.0,1.0,0.6626236213829094,0.9580363036303632,0.9235201293164602,0.5682965489433768,0.8683922697753153,drugs_08_solubility_103,123.55115509033203,5.9693735238397494e-05,1.0,0.00011799641652032733,1.0,5.085473458166234e-05,1.0,0.00011004914995282888,1.0
drugs_08_solubility,104,8.10189437866211,32.19203125,6400,4364,6079,321,1.0,1.0,1.0,0.6071867881324161,0.9628886329988484,0.9201954656790683,0.5702458420776725,0.8761099738274146,drugs_08_solubility_104,120.76229095458984,9.86142476904206e-05,1.0,0.00010687701433198527,1.0,0.00015966784849297255,1.0,0.00010163080878555775,1.0
drugs_08_solubility,105,8.086856842041016,32.03578125,6400,4465,6080,320,1.0,1.0,1.0,0.6044863153266501,0.9621875000000001,0.9217400013919775,0.5772084180054298,0.8771115523365007,drugs_08_solubility_105,126.21890258789062,8.164567407220602e-05,1.0,0.00011558562982827425,1.0,9.733390470501035e-05,1.0,8.389454887947068e-05,1.0
drugs_08_solubility,106,8.078536987304688,32.52375,6400,4550,6112,288,1.0,1.0,1.0,0.6164080355896359,0.959178664921466,0.9301351673543445,0.5876374909041799,0.8746180688567337,drugs_08_solubility_106,109.01577758789062,8.009265729924664e-05,1.0,0.0004270231875125319,1.0,0.000116555871500168,1.0,5.107947072247043e-05,1.0
drugs_08_solubility,107,8.031696319580078,32.464375,6400,4535,6106,294,1.0,1.0,1.0,0.6590893657423573,0.9637405830330821,0.9297673251890551,0.5855072635769809,0.8758336750773887,drugs_08_solubility_107,126.78028106689453,3.24397005897481e-05,1.0,4.175743379164487e-05,1.0,3.629930142778903e-05,1.0,2.7592912374529988e-05,1.0
drugs_08_solubility,108,8.018808364868164,31.96734375,6400,4329,6106,294,1.0,1.0,1.0,0.6221374083187278,0.9678349164755978,0.9255258751910848,0.5869663847412866,0.8836230248179875,drugs_08_solubility_108,107.91124725341797,0.0002168462669942528,1.0,7.251892384374514e-05,1.0,5.249334208201617e-05,1.0,0.0003033932007383555,1.0
drugs_08_solubility,109,7.98127555847168,30.664375,6400,4023,6110,290,1.0,1.0,1.0,0.6627559237922444,0.9702945990180033,0.9127962142989455,0.5816500283617777,0.8971082753969216,drugs_08_solubility_109,100.30530548095703,0.00021870550699532032,1.0,0.00013951625442132354,1.0,6.441921868827194e-05,1.0,0.00022584415273740888,1.0
drugs_08_solubility,110,7.967669486999512,30.18590625,32000,14387,30650,1350,1.0,1.0,1.0,0.6314855376197434,0.9712952691680261,0.9055325576611872,0.5799638604177645,0.9025633820428199,drugs_08_solubility_110,96.69403839111328,7.201212429208681e-05,1.0,7.043525693006814e-05,1.0,4.54494402220007e-05,1.0,4.851582343690097e-05,1.0
drugs_08_solubility,111,7.988454818725586,30.48109375,6400,3714,6150,250,1.0,1.0,1.0,0.605573586470483,0.9739186991869919,0.91176514232056,0.5856293959200083,0.9018874225132644,drugs_08_solubility_111,90.41107177734375,5.031424370827153e-05,1.0,2.9212795197963715e-05,1.0,0.00011234749399591237,1.0,0.0002102051948895678,1.0
drugs_08_solubility,112,8.045249938964844,32.12578125,6400,4057,6153,247,1.0,1.0,1.0,0.7020904970017556,0.9715098326019829,0.9321190442888699,0.5976152909954083,0.8884411368661173,drugs_08_solubility_112,98.98342895507812,4.696512405644171e-05,1.0,7.801754691172391e-05,1.0,5.050451363786124e-05,1.0,2.810796650010161e-05,1.0
drugs_08_solubility,113,8.067190170288086,32.9609375,6400,4081,6125,275,1.0,1.0,1.0,0.6352155246385124,0.974530612244898,0.9407127975645296,0.6044826382004876,0.8834959885797817,drugs_08_solubility_113,128.7304229736328,6.796701927669346e-05,1.0,2.644314372446388e-05,1.0,0.00023292218975257128,1.0,0.00012479093857109547,1.0
drugs_08_solubility,114,8.131495475769043,34.73328125,6400,4359,6108,292,1.0,1.0,1.0,0.6812829266919925,0.9748853962017028,0.9566250954419313,0.6079843853994458,0.8703081276601569,drugs_08_solubility_114,122.19397735595703,4.48744285677094e-05,1.0,0.00031440440216101706,1.0,5.580011202255264e-05,1.0,3.4006116038654e-05,1.0
drugs_08_solubility,115,8.17032527923584,35.6928125,6400,4575,6064,336,1.0,1.0,1.0,0.6066434396107429,0.9755112137203166,0.9642674202460678,0.6166308157749338,0.8608413813383875,drugs_08_solubility_115,140.15928649902344,4.3146592361154035e-05,1.0,3.07620175590273e-05,1.0,2.4488675990141928e-05,1.0,3.0292325391201302e-05,1.0
drugs_08_solubility,116,8.220484733581543,37.61890625,6400,5017,6030,370,1.0,1.0,1.0,0.7755334332121409,0.9760530679933666,0.9769027101849371,0.6295748212678209,0.8420065445986886,drugs_08_solubility_116,146.32183837890625,0.0002044199063675478,1.0,4.215162334730849e-05,1.0,2.841419518517796e-05,1.0,0.00015477802662644535,1.0
drugs_08_solubility,117,8.220584869384766,39.679375,6400,5334,5955,445,1.0,1.0,1.0,0.7457873194374454,0.9722753988245172,0.9836715573529545,0.638692880138203,0.8248923809541414,drugs_08_solubility_117,149.773681640625,5.3708561608800665e-05,1.0,4.3418775021564215e-05,1.0,3.5466222470859066e-05,1.0,8.575610991101712e-05,1.0
drugs_08_solubility,118,8.223883628845215,40.08484375,6400,5489,5952,448,1.0,1.0,1.0,0.7280531145821404,0.9758736559139785,0.9849212163434405,0.6408922072918453,0.8205065805226237,drugs_08_solubility_118,156.1276092529297,4.1391042032046244e-05,1.0,2.689540087885689e-05,1.0,1.59346018335782e-05,1.0,2.4170467440853827e-05,1.0
drugs_08_solubility,119,8.19787883758545,40.6346875,6400,5566,6041,359,1.0,1.0,1.0,0.7649527110372679,0.9761794404899852,0.9862607805111505,0.641278222920914,0.8155071113112902,drugs_08_solubility_119,151.11874389648438,4.747889033751562e-05,1.0,6.629888957832009e-05,1.0,5.37646483280696e-05,1.0,3.777106030611321e-05,1.0
drugs_08_solubility,120,8.193441390991211,41.0304375,32000,24180,30561,1439,1.0,1.0,1.0,0.7502783765615264,0.9757010569025883,0.9879636467982165,0.645224845886787,0.8110091428992117,drugs_08_solubility_120,159.25762939453125,2.4969083824544214e-05,1.0,6.028823190717958e-05,1.0,3.60651574737858e-05,1.0,0.0001562563847983256,1.0
drugs_08_solubility,121,8.164957046508789,40.84484375,6400,5739,6147,253,1.0,1.0,1.0,0.7778836295674701,0.9749471286806572,0.9876803357173365,0.6475793842295585,0.8101268113826667,drugs_08_solubility_121,151.6905975341797,6.6660089942161e-05,1.0,7.600860408274457e-05,1.0,4.59885413874872e-05,1.0,5.003048499929719e-05,1.0
drugs_08_solubility,122,8.194278717041016,39.8215625,6400,5652,6165,235,1.0,1.0,1.0,0.7419937368863029,0.9766585563665856,0.9865942021173564,0.6478935993055557,0.816342399854455,drugs_08_solubility_122,159.78860473632812,1.749300463416148e-05,1.0,1.5186891687335446e-05,1.0,7.453557918779552e-05,1.0,4.6160548663465306e-05,1.0
drugs_08_solubility,123,8.16694450378418,39.10390625,6400,5570,6184,216,1.0,1.0,1.0,0.7531740176114352,0.9777975420439846,0.9853705460774056,0.6550531402418495,0.8200936895661327,drugs_08_solubility_123,144.31845092773438,0.00020045878773089498,1.0,0.0002887053124140948,1.0,0.003218848491087556,1.0,4.8074740334413946e-05,1.0
drugs_08_solubility,124,8.186917304992676,37.95625,6400,5407,6165,235,1.0,1.0,1.0,0.6927957311096343,0.9777453365774534,0.9829176778624916,0.6579986574772512,0.8295312426138239,drugs_08_solubility_124,155.60931396484375,3.6593886761693284e-05,1.0,3.5556488001020625e-05,1.0,2.061174382106401e-05,1.0,1.1640800039458554e-05,1.0
drugs_08_solubility,125,8.241545677185059,37.47046875,6400,5260,6209,191,1.0,1.0,1.0,0.6830280920949745,0.9769205991302948,0.9829723730601524,0.6601255910807653,0.833000054241526,drugs_08_solubility_125,140.00656127929688,8.816038643999491e-06,1.0,0.0002224327326985076,1.0,8.13921433291398e-05,1.0,3.7953028368065134e-05,1.0
drugs_08_solubility,126,8.253547668457031,36.24640625,6400,4982,6218,182,1.0,1.0,1.0,0.7351273942406441,0.9800257317465425,0.978569860487388,0.6592728357032027,0.8435201987618904,drugs_08_solubility_126,130.41021728515625,2.653953924891539e-05,1.0,1.1734046893252525e-05,1.0,0.00013061438221484423,1.0,9.902760939439759e-05,1.0
drugs_08_solubility,127,8.29006290435791,35.0253125,6400,4724,6221,179,1.0,1.0,1.0,0.7484508550440021,0.9810480630123775,0.9729180909315897,0.6532355548138692,0.8523267548445654,drugs_08_solubility_127,127.22916412353516,8.701585466042161e-05,1.0,4.4386761146597564e-05,1.0,0.0002202622126787901,1.0,7.171445031417534e-05,1.0
drugs_08_solubility,128,8.33767032623291,33.42328125,6400,4240,6238,162,1.0,1.0,1.0,0.6635854083502332,0.982542481564604,0.9624843152860371,0.6517186763703587,0.8635552780418702,drugs_08_solubility_128,126.56399536132812,3.441237277002074e-05,1.0,1.607936246728059e-05,1.0,0.0001542963000247255,1.0,0.00010040224879048765,1.0
drugs_08_solubility,129,8.364694595336914,32.66375,6400,3943,6260,140,1.0,1.0,1.0,0.6932187441422463,0.9823482428115016,0.9599207084522948,0.649873330677096,0.8706148901119252,drugs_08_solubility_129,118.08502197265625,4.263044320396148e-05,1.0,2.0581068383762613e-05,1.0,6.517954170703888e-05,1.0,4.1557759686838835e-05,1.0
drugs_08_solubility,130,8.338951110839844,31.7160625,32000,13347,31298,702,1.0,1.0,1.0,0.7106913943912375,0.9826634289730973,0.9516976459375391,0.641690128977051,0.8763718095303002,drugs_08_solubility_130,108.45753479003906,1.843992868089117e-05,1.0,7.944707613205537e-05,1.0,6.636467878706753e-05,1.0,0.00017025052511598915,1.0
drugs_08_solubility,131,8.283716201782227,31.3909375,6400,3759,6255,145,1.0,1.0,1.0,0.7166569203990593,0.9842206235011992,0.9487207671384417,0.6321995126338179,0.8786195299214783,drugs_08_solubility_131,113.38191223144531,5.7036144426092505e-05,1.0,2.1905785615672357e-05,1.0,1.3291325558384415e-05,1.0,1.9770046492340043e-05,1.0
drugs_08_solubility,132,8.264993667602539,31.3759375,6400,3786,6242,158,1.0,1.0,1.0,0.7507328399157535,0.9837872476770266,0.9502437654583431,0.6259001225627548,0.8778074051829741,drugs_08_solubility_132,120.82540130615234,6.168211257318035e-05,1.0,4.78508482046891e-05,1.0,2.535243947932031e-05,1.0,1.2943829460709821e-05,1.0
drugs_08_solubility,133,8.21375560760498,31.89359375,6400,3927,6240,160,1.0,1.0,1.0,0.6630314494838494,0.9819871794871794,0.9533006558296967,0.6281200288126443,0.8732718194240239,drugs_08_solubility_133,114.91233825683594,2.4264327294076793e-05,1.0,5.383340976550244e-05,1.0,2.5528419428155757e-05,1.0,1.7243628462892957e-05,1.0
drugs_08_solubility,134,8.18138599395752,33.01265625,6400,4229,6217,183,1.0,1.0,1.0,0.7166181551609278,0.9836094579379122,0.9613424975455056,0.6286829842169367,0.862639613640432,drugs_08_solubility_134,120.10478973388672,1.9454990251688287e-05,1.0,1.6653446436976083e-05,1.0,1.4305511285783723e-05,1.0,1.7439138900954276e-05,1.0
drugs_08_solubility,135,8.181007385253906,34.11125,6400,4564,6242,158,1.0,1.0,1.0,0.6013302076995246,0.9834027555270748,0.9677053691421087,0.6355401091613013,0.8533125581897771,drugs_08_solubility_135,139.42076110839844,2.669077912287321e-05,1.0,3.7526620872085914e-05,1.0,2.9374432415352203e-05,1.0,6.936836143722758e-05,1.0
drugs_08_solubility,136,8.170350074768066,35.37515625,6400,4775,6254,146,1.0,1.0,1.0,0.7068502281439202,0.9821554205308604,0.9730419653900402,0.6449510930160326,0.8424923795111002,drugs_08_solubility_136,131.98934936523438,4.925889879814349e-05,1.0,4.062444349983707e-05,1.0,2.330395727767609e-05,1.0,1.1296192496956792e-05,1.0
drugs_08_solubility,137,8.151593208312988,36.635,6400,4992,6265,135,1.0,1.0,1.0,0.7171498088041471,0.9822346368715084,0.9797480417953409,0.6488280281318861,0.8333559442523693,drugs_08_solubility_137,138.61941528320312,9.618697731639259e-06,1.0,3.1996598409023136e-05,1.0,2.795596628857311e-05,1.0,7.075206667650491e-05,1.0
drugs_08_solubility,138,8.150464057922363,38.53359375,6400,5256,6264,136,1.0,1.0,1.0,0.6919402318386768,0.9799010217113666,0.9838602987321666,0.6571612877174919,0.81979987476318,drugs_08_solubility_138,151.92080688476562,3.3666452509351075e-05,1.0,2.8616772397072054e-05,1.0,1.461978808947606e-05,1.0,1.0228198334516492e-05,1.0
drugs_08_solubility,139,8.154747009277344,40.3296875,6400,5480,6257,143,1.0,1.0,1.0,0.6933046767739054,0.9797506792392521,0.9865198919447052,0.6585975308251815,0.8075762997764323,drugs_08_solubility_139,161.9755096435547,9.301409590989351e-06,1.0,7.589801043650368e-06,1.0,7.271803951880429e-06,1.0,4.0622722735861316e-05,1.0
drugs_08_solubility,140,8.1343412399292,42.7950625,32000,24377,31365,635,1.0,1.0,1.0,0.7156793841719087,0.9791359795950901,0.9904955524836068,0.6631239797607286,0.7925138662294783,drugs_08_solubility_140,169.26170349121094,1.818835698941257e-05,1.0,4.78556685266085e-05,1.0,3.926535646314733e-05,1.0,1.6044739822973497e-05,1.0
drugs_08_solubility,141,8.091894149780273,46.23625,6400,5946,6259,141,1.0,1.0,1.0,0.7078650107333019,0.9783991052883848,0.9932362112950374,0.6676858169159073,0.7698747186948021,drugs_08_solubility_141,170.7401580810547,1.0577940884104464e-05,1.0,9.371650958200917e-05,1.0,4.946380158799002e-06,1.0,7.866495252528694e-06,1.0
drugs_08_solubility,142,8.08056926727295,48.98359375,6400,6064,6246,154,1.0,1.0,1.0,0.7776191434849021,0.9800032020493116,0.9947225518688425,0.6721961612869144,0.7543094442974045,drugs_08_solubility_142,190.06756591796875,0.00016352137026842684,1.0,0.0001389156241202727,1.0,7.034066948108375e-05,1.0,5.310543565428816e-05,1.0
drugs_08_solubility,143,8.045069694519043,51.15765625,6400,6128,6239,161,1.0,1.0,1.0,0.7151298621806695,0.9762301650905595,0.9940571655209169,0.6735648446949228,0.7412158805481155,drugs_08_solubility_143,192.8526153564453,2.3145117665990256e-05,1.0,5.3664592996938154e-05,1.0,5.117391083331313e-06,1.0,6.864331680844771e-06,1.0
drugs_08_solubility,144,8.003191947937012,53.728125,6400,6189,6182,218,1.0,1.0,1.0,0.7274575048609861,0.9758492397282432,0.9955861873226981,0.6739606154780904,0.72744391678948,drugs_08_solubility_144,180.42645263671875,0.0001959180663106963,1.0,9.034388494910672e-05,1.0,4.6336925151990727e-05,1.0,1.752971911628265e-05,1.0
drugs_08_solubility,145,7.981992721557617,55.95921875,6400,6209,6169,231,1.0,1.0,1.0,0.8029008208554551,0.9771924136813096,0.9953494045754014,0.6770418289045621,0.7171027336745611,drugs_08_solubility_145,200.4871826171875,0.00010934290912700817,1.0,6.141241556179011e-06,1.0,9.688794307294302e-06,1.0,0.00019139258074574172,1.0
drugs_08_solubility,146,7.903740882873535,58.984375,6400,6261,6071,329,1.0,1.0,1.0,0.7818718313913041,0.9762147916323506,0.9958679233977166,0.6799237944515907,0.7005707658802053,drugs_08_solubility_146,184.5725860595703,0.00043413136154413223,1.0,0.00021603803907055408,1.0,9.004866296891123e-05,1.0,2.8899225071654655e-05,1.0
drugs_08_solubility,147,7.736451625823975,63.3409375,6400,6309,5844,556,1.0,1.0,1.0,0.783056754775742,0.9778405201916496,0.9971979410534751,0.6851668226267656,0.678661538803531,drugs_08_solubility_147,195.9781494140625,8.198315299523529e-06,1.0,5.925437653786503e-05,1.0,6.541754555655643e-05,1.0,2.9174707378842868e-05,1.0
drugs_08_solubility,148,7.638958930969238,65.4540625,6400,6282,5628,772,1.0,1.0,1.0,0.7684146278941083,0.9770611229566453,0.995671855684429,0.6894452901680324,0.67028845023259,drugs_08_solubility_148,185.14215087890625,1.030353541864315e-05,1.0,6.742800906067714e-06,1.0,4.047262791573303e-06,1.0,8.46639977680752e-06,1.0
drugs_08_solubility,149,7.598595142364502,66.53828125,6400,6284,5547,853,1.0,1.0,1.0,0.7899021885196092,0.9797728501892914,0.9959110780021393,0.6922919145481561,0.6682344680058601,drugs_08_solubility_149,183.15399169921875,9.3701237346977e-06,1.0,3.607709231800982e-06,1.0,4.790826278622262e-05,1.0,0.0001998903026105836,1.0
drugs_08_solubility,150,7.597715854644775,66.87640625,32000,30190,27830,4170,1.0,1.0,1.0,0.7383833681900778,0.9798023715415021,0.997170362908182,0.6941166092906973,0.6667383509777812,drugs_08_solubility_150,188.44146728515625,7.466848910553381e-05,1.0,8.812896703602746e-05,1.0,3.9945287426235154e-05,1.0,1.530695408291649e-05,1.0
drugs_08_solubility,151,7.617854595184326,66.525625,6400,6291,5652,748,1.0,1.0,1.0,0.7358508062708755,0.9780254777070062,0.9973937384976371,0.6962110414585244,0.6668366973324221,drugs_08_solubility_151,168.23545837402344,6.329757889034227e-05,1.0,3.552722046151757e-05,1.0,1.6464186046505347e-05,1.0,4.128745058551431e-05,1.0
drugs_08_solubility,152,7.707971572875977,64.7053125,6400,6245,5859,541,1.0,1.0,1.0,0.7809092723125374,0.9785116914149172,0.9973450873192224,0.6943408676823687,0.6763118113548728,drugs_08_solubility_152,196.3307647705078,3.674635081551969e-06,1.0,2.9291484224813757e-06,1.0,0.00011313553113723174,1.0,3.18965467158705e-05,1.0
drugs_08_solubility,153,7.803930282592773,62.84875,6400,6258,6035,365,1.0,1.0,1.0,0.805037490061933,0.9790720795360397,0.9981943290714316,0.6901537495017416,0.6848587973559902,drugs_08_solubility_153,193.7897491455078,1.0727577318903059e-05,1.0,1.2536569556687027e-05,1.0,5.8815235206566285e-06,1.0,3.6017331694893073e-06,1.0
drugs_08_solubility,154,7.923872470855713,60.1234375,6400,6200,6123,277,1.0,1.0,1.0,0.8215386741092959,0.9800751265719418,0.9972606143641461,0.6881909136655922,0.6987013375964657,drugs_08_solubility_154,187.30239868164062,3.5559535263018915e-06,1.0,2.323334456377779e-06,1.0,8.962667379819322e-06,1.0,2.6387282559880987e-05,1.0
drugs_08_solubility,155,8.055530548095703,56.715,6400,6144,6226,174,1.0,1.0,1.0,0.7823275641432099,0.9798907805974945,0.997238779958467,0.682774341295026,0.715050523368807,drugs_08_solubility_155,188.989501953125,2.7147830223839264e-06,1.0,4.62315438198857e-06,1.0,0.00014921427646186203,1.0,7.06686478224583e-05,1.0
drugs_08_solubility,156,8.106884956359863,54.46421875,6400,6147,6217,183,1.0,1.0,1.0,0.74498623915503,0.9801833681840116,0.9967013477000098,0.6765753389260106,0.7255739733246477,drugs_08_solubility_156,185.587646484375,0.000105096391052939,1.0,0.00015062080638017505,1.0,0.00021582425688393414,1.0,0.00010364392073825002,1.0
drugs_08_solubility,157,8.16264820098877,52.2009375,6400,6071,6254,146,1.0,1.0,1.0,0.7518394142431418,0.9805244643428206,0.9961457623450989,0.6698464113573209,0.7371918023141284,drugs_08_solubility_157,176.84576416015625,7.491413271054626e-05,1.0,3.923056647181511e-05,1.0,0.0005479184328578413,1.0,8.930823969421908e-05,1.0
drugs_08_solubility,158,8.216551780700684,49.49625,6400,5948,6274,126,1.0,1.0,1.0,0.7153328242001963,0.9799489958559132,0.9959654162015983,0.6662375615114831,0.7516993485503228,drugs_08_solubility_158,169.74826049804688,7.501905201934278e-05,1.0,4.707393600256182e-05,1.0,2.6470273951417767e-05,1.0,0.00022415663988795131,1.0
drugs_08_solubility,159,8.268869400024414,46.2659375,6400,5703,6279,121,1.0,1.0,1.0,0.7719935897255557,0.9815575728619208,0.9955882039718332,0.658183607465225,0.7710518047026405,drugs_08_solubility_159,147.77297973632812,7.769704825477675e-05,1.0,2.3147493266151287e-05,1.0,4.588483079714933e-06,1.0,1.8514297153160442e-06,1.0
drugs_08_solubility,160,8.296345710754395,44.04371875,32000,22665,31425,575,1.0,1.0,1.0,0.6911503046771867,0.9834431185361975,0.9946442181939005,0.6514254283082435,0.7860963255061918,drugs_08_solubility_160,147.8278350830078,6.459096766775474e-05,1.0,3.774390643229708e-05,1.0,1.7377380572725087e-05,1.0,0.000398692354792729,1.0
drugs_08_solubility,161,8.305343627929688,41.1915625,6400,5067,6289,111,1.0,1.0,1.0,0.7274642381464215,0.9849578629352838,0.9920330874503752,0.6453538369734392,0.8053959725992262,drugs_08_solubility_161,142.4492950439453,0.00012155171862104908,1.0,0.00015387636085506529,1.0,0.0002529527700971812,1.0,8.064306894084439e-05,1.0
drugs_08_solubility,162,8.298973083496094,39.04890625,6400,4645,6287,113,1.0,1.0,1.0,0.7343918441504983,0.9831875298234453,0.988817778148419,0.6364781758450936,0.8201363387723827,drugs_08_solubility_162,135.015625,6.35766118648462e-05,1.0,3.6525547329802066e-05,1.0,1.5964686099323444e-05,1.0,0.0002469161991029978,1.0
drugs_08_solubility,163,8.292469024658203,37.7925,6400,4405,6271,129,1.0,1.0,1.0,0.758567281933031,0.9843725083718705,0.9872803295273023,0.6274116268488618,0.8291269780334023,drugs_08_solubility_163,142.46714782714844,9.908172069117427e-05,1.0,5.2980274631408975e-05,1.0,9.614001464797184e-05,1.0,0.0005376221961341798,1.0
drugs_08_solubility,164,8.258406639099121,36.90703125,6400,4238,6300,100,1.0,1.0,1.0,0.7210136615564434,0.9838888888888889,0.9830850518894875,0.6222320491872462,0.8355546854565664,drugs_08_solubility_164,123.91227722167969,0.0001654784136917442,1.0,0.00010777642455650494,1.0,9.351541666546836e-05,1.0,7.241684215841815e-05,1.0
drugs_08_solubility,165,8.227636337280273,36.94453125,6400,4292,6279,121,1.0,1.0,1.0,0.7137905051257466,0.9816053511705686,0.9833642692945924,0.6185147426074161,0.8347703542135555,drugs_08_solubility_165,118.0133285522461,0.00021492676751222461,1.0,4.585483839036897e-05,1.0,7.619920506840572e-05,1.0,1.7095295334002003e-05,1.0
drugs_08_solubility,166,8.210838317871094,36.87453125,6400,4172,6259,141,1.0,1.0,1.0,0.7394812145422744,0.9838153059594186,0.9820078646789692,0.619023045184851,0.8375414414309931,drugs_08_solubility_166,128.76397705078125,1.012333723338088e-05,1.0,3.9556292904308066e-05,1.0,8.192123641492799e-05,1.0,5.031928958487697e-05,1.0
drugs_08_solubility,167,8.182443618774414,37.56328125,6400,4234,6233,167,1.0,1.0,1.0,0.7110129592515219,0.9823199101556234,0.9835858864182762,0.6222545610285561,0.8335164674577489,drugs_08_solubility_167,126.16016387939453,0.00011018224904546514,1.0,5.5429201893275604e-05,1.0,0.0003713190963026136,1.0,1.8526370695326477e-05,1.0
drugs_08_solubility,168,8.163158416748047,37.5653125,6400,4300,6187,213,1.0,1.0,1.0,0.6847797676783896,0.9808469371262324,0.984452859085086,0.6251104108872394,0.8322456859022804,drugs_08_solubility_168,117.8021011352539,6.14755072092521e-06,1.0,8.978495316114277e-06,1.0,9.290289017371833e-05,1.0,6.747018051100895e-05,1.0
drugs_08_solubility,169,8.133060455322266,37.48296875,6400,4255,6149,251,1.0,1.0,1.0,0.7199369469087564,0.9818181818181818,0.9849878322058863,0.6248666567972813,0.8328608194758833,drugs_08_solubility_169,115.05701446533203,3.8544803828699514e-05,1.0,2.5297305910498835e-05,1.0,0.00033345891279168427,1.0,3.7703135603806004e-05,1.0
drugs_08_solubility,170,8.131321907043457,38.01925,32000,16697,30711,1289,1.0,1.0,1.0,0.7405273893015757,0.9815147666959723,0.9864458199367815,0.6264995157436345,0.8298050815705924,drugs_08_solubility_170,125.99922180175781,1.8077766071655788e-05,1.0,1.674382838245947e-05,1.0,4.597033239406301e-06,1.0,5.7547538744984195e-05,1.0
drugs_08_solubility,171,8.126486778259277,38.8796875,6400,4491,6131,269,1.0,1.0,1.0,0.7128716309604295,0.9809166530745392,0.9894170764125553,0.6262867753145018,0.8227028327507382,drugs_08_solubility_171,123.1567611694336,3.874094909406267e-05,1.0,3.064593329327181e-06,1.0,0.00013831463002134115,1.0,8.385065302718431e-05,1.0
drugs_08_solubility,172,8.158432006835938,40.2409375,6400,4595,6162,238,1.0,1.0,1.0,0.7472456807159437,0.9826355079519636,0.9917363453206844,0.627339229230988,0.8138816797397018,drugs_08_solubility_172,123.02261352539062,8.589713979745284e-05,1.0,0.00011444606207078323,1.0,6.15495300735347e-05,1.0,2.58516756730387e-05,1.0
drugs_08_solubility,173,8.14663028717041,41.52953125,6400,4730,6168,232,1.0,1.0,1.0,0.7170248075381962,0.9840953307392996,0.9945475586366693,0.6266292298391577,0.8054204918143673,drugs_08_solubility_173,137.02906799316406,7.661124072910752e-06,1.0,2.5978119992942084e-06,1.0,1.9197541405446827e-06,1.0,0.00011096990056103095,1.0
drugs_08_solubility,174,8.169897079467773,42.4909375,6400,4811,6167,233,1.0,1.0,1.0,0.7630345775763028,0.9843684125182424,0.994997810872873,0.6235766068042805,0.7988266153169412,drugs_08_solubility_174,146.10687255859375,0.00016355435946024954,1.0,7.054347224766389e-05,1.0,3.677303539006971e-05,1.0,1.8300763258594088e-05,1.0
drugs_08_solubility,175,8.180795669555664,43.8178125,6400,4918,6233,167,1.0,1.0,1.0,0.7474785003444266,0.9866035616877908,0.9960089066703183,0.6216268533487471,0.7921029720000716,drugs_08_solubility_175,146.21868896484375,5.886858161829878e-06,1.0,3.7685484130633995e-05,1.0,2.4009879780351184e-05,1.0,8.222785982070491e-05,1.0
drugs_08_solubility,176,8.14848518371582,45.17234375,6400,5092,6221,179,1.0,1.0,1.0,0.7634168606615228,0.9853399774955797,0.9962842163807673,0.6224343619720364,0.7827653891669683,drugs_08_solubility_176,147.86233520507812,4.009944314020686e-05,1.0,6.739649688825011e-05,1.0,1.4328796169138514e-05,1.0,4.7452549551962875e-06,1.0
drugs_08_solubility,177,8.132091522216797,47.00203125,6400,5365,6256,144,1.0,1.0,1.0,0.8359158642837216,0.9848145780051151,0.9972996880705405,0.6271512425959022,0.7689574615270635,drugs_08_solubility_177,158.13417053222656,3.4045260690618306e-06,1.0,1.704164606053382e-05,1.0,3.90970808439306e-06,1.0,1.1138999070681166e-05,1.0
drugs_08_solubility,178,8.114494323730469,49.324375,6400,5640,6243,157,1.0,1.0,1.0,0.7775565639738939,0.9876501681883709,0.9974414803391962,0.6279570631846285,0.7561677117166847,drugs_08_solubility_178,168.171630859375,2.1238558929326246e-06,1.0,0.00033726831316016614,1.0,0.00015684239042457193,1.0,6.0342073993524536e-05,1.0
drugs_08_solubility,179,8.070613861083984,52.25671875,6400,5809,6257,143,1.0,1.0,1.0,0.7970919839091498,0.986878695860636,0.9989924424183161,0.6314077942276568,0.7365554182256749,drugs_08_solubility_179,168.95867919921875,3.143478534184396e-05,1.0,1.5169054677244276e-05,1.0,4.876185357716167e-06,1.0,0.00013412789849098772,1.0
drugs_08_solubility,180,8.04017448425293,53.813375,32000,26785,31171,829,1.0,1.0,1.0,0.892276054361279,0.9863944050559815,0.9982971645746558,0.6324751696694756,0.7264505452025874,drugs_08_solubility_180,168.34373474121094,4.855243969359435e-05,1.0,7.380377792287618e-05,1.0,2.4013284928514622e-05,1.0,9.739273082232103e-06,1.0
drugs_08_solubility,181,7.9757843017578125,56.0509375,6400,6030,6198,202,1.0,1.0,1.0,0.7895511226907342,0.9884478864149725,0.9984375414916732,0.6323943615708223,0.7128292422570947,drugs_08_solubility_181,188.0853271484375,0.00016948720440268517,1.0,6.522171315737069e-05,1.0,1.9931369024561718e-05,1.0,1.2055245861120056e-05,1.0
drugs_08_solubility,182,7.921414375305176,57.29828125,6400,6091,6185,215,1.0,1.0,1.0,0.84287919542479,0.9864025869037994,0.9985322333452954,0.6342093911754645,0.7038737038170964,drugs_08_solubility_182,190.63551330566406,1.688459269644227e-05,1.0,3.004466179845622e-06,1.0,0.00011584183812374249,1.0,7.335108239203691e-05,1.0
drugs_08_solubility,183,7.855191707611084,59.64578125,6400,6170,6153,247,1.0,1.0,1.0,0.8249520744798958,0.9880058508044858,0.9992145394770771,0.6353767065457468,0.688851166186354,drugs_08_solubility_183,200.0294647216797,7.41800686228089e-05,1.0,0.00010900556662818417,1.0,3.900396768585779e-05,1.0,1.6767948181950487e-05,1.0
drugs_08_solubility,184,7.805677890777588,60.39875,6400,6220,6144,256,1.0,1.0,1.0,0.8628372365872291,0.9882975260416668,0.9989228780844187,0.6373209251296229,0.6823978516988077,drugs_08_solubility_184,198.78787231445312,5.900173619011184e-06,1.0,1.8141283362638205e-05,1.0,1.0832729458343238e-05,1.0,2.979468808916863e-05,1.0
drugs_08_solubility,185,7.7426676750183105,62.4596875,6400,6263,6104,296,1.0,1.0,1.0,0.8841562713487193,0.9883846657929227,0.9988487167375966,0.6409237098934379,0.6693064756075979,drugs_08_solubility_185,192.88095092773438,2.5924153305822983e-05,1.0,1.3346785863177502e-06,1.0,3.299308900750475e-06,1.0,6.146448868094012e-05,1.0
drugs_08_solubility,186,7.666043281555176,64.55546875,6400,6246,6009,391,1.0,1.0,1.0,0.8917709063627212,0.9872857380595773,0.9990603130400096,0.6414133887618897,0.6578440516081766,drugs_08_solubility_186,185.7777099609375,4.193707354716025e-05,1.0,6.854689127067104e-05,1.0,0.0002806563279591501,1.0,8.048407471505925e-05,1.0
drugs_08_solubility,187,7.627588272094727,65.233125,6400,6188,5973,427,1.0,1.0,1.0,0.9187423321903943,0.9874267537250963,0.9992340347996318,0.6397270451467164,0.6554578725231943,drugs_08_solubility_187,190.81861877441406,4.857014209846966e-05,1.0,2.9191203793743625e-05,1.0,6.455487164203078e-05,1.0,3.5206510801799595e-05,1.0
drugs_08_solubility,188,7.652088642120361,64.87796875,6400,6087,5956,444,1.0,1.0,1.0,0.84540451788326,0.9884989926124916,0.9990608640643158,0.6389885201989268,0.6609495391260108,drugs_08_solubility_188,193.61032104492188,2.111947105731815e-05,1.0,5.510495975613594e-05,1.0,0.00029873003950342536,1.0,1.649759360589087e-05,1.0
drugs_08_solubility,189,7.716773509979248,63.70328125,6400,6020,6044,356,1.0,1.0,1.0,0.8609032154647328,0.9891131700860357,0.998687112097355,0.6368195276453966,0.6701814207398897,drugs_08_solubility_189,175.2208251953125,4.1761950342333876e-06,1.0,2.8380206913425354e-06,1.0,7.389736765617272e-06,1.0,1.9339290702191647e-06,1.0
drugs_08_solubility,190,7.831213474273682,61.58946875,32000,26507,30320,1680,1.0,1.0,1.0,0.8325321738667822,0.9899406332453826,0.9988193016176914,0.6357408817241542,0.6873854041352395,drugs_08_solubility_190,191.33316040039062,4.103292212676024e-06,1.0,7.799913873896003e-05,1.0,0.00024115751148201525,1.0,0.00010775623377412558,1.0
drugs_08_solubility,191,7.883764266967773,60.60109375,6400,5794,6086,314,1.0,1.0,1.0,0.8441798126865351,0.9905192244495564,0.9991412268751644,0.634522167727057,0.6933388165066254,drugs_08_solubility_191,171.390625,6.569368269992992e-05,1.0,4.588090450852178e-05,1.0,1.4988501789048314e-05,1.0,4.219662969262572e-06,1.0
drugs_08_solubility,192,7.935864448547363,59.20171875,6400,5702,6076,324,1.0,1.0,1.0,0.8092223189298015,0.9896148782093483,0.9987927181477747,0.6335832188555637,0.7009490900610577,drugs_08_solubility_192,167.3399200439453,1.3329758985491935e-06,1.0,1.6699680145393359e-06,1.0,2.527744982216973e-06,1.0,1.2940081433043815e-06,1.0
drugs_08_solubility,193,8.044100761413574,56.55359375,6400,5573,6093,307,1.0,1.0,1.0,0.8323911621123496,0.9903988183161004,0.9989839953211723,0.6303047367340345,0.7185147249335475,drugs_08_solubility_193,171.49050903320312,4.254698524164269e-06,1.0,2.311842945346143e-05,1.0,2.2392109713109676e-06,1.0,1.7691315861156909e-06,1.0
drugs_08_solubility,194,8.08493423461914,55.37453125,6400,5480,6074,326,1.0,1.0,1.0,0.7670722885431772,0.9902206124464933,0.9993089236019189,0.629048298479933,0.7263391450869155,drugs_08_solubility_194,162.3759002685547,1.2125997272960376e-06,1.0,7.676581844862085e-06,1.0,2.0070360733370762e-06,1.0,0.0002641579194460064,1.0
drugs_08_solubility,195,8.102441787719727,54.114375,6400,5457,6058,342,1.0,1.0,1.0,0.7879874298513908,0.9908220534829977,0.9985470004295415,0.6255102429003687,0.733600202113473,drugs_08_solubility_195,154.99635314941406,5.636605419567786e-05,1.0,0.00019395527488086373,1.0,8.988432091427967e-05,1.0,5.6961780501296744e-05,1.0
drugs_08_solubility,196,8.108796119689941,53.858125,6400,5417,6035,365,1.0,1.0,1.0,0.8197399521208203,0.9907539353769677,0.9987864360623426,0.6225816005294151,0.7347661867777411,drugs_08_solubility_196,164.90003967285156,3.3208758395630866e-05,1.0,1.423209596396191e-05,1.0,1.2689997674897313e-05,1.0,1.8944908788398607e-06,1.0
drugs_08_solubility,197,8.125072479248047,53.693125,6400,5321,6086,314,1.0,1.0,1.0,0.7788045384000792,0.9909792967466317,0.9985285957641127,0.6222933812901986,0.7372139994740058,drugs_08_solubility_197,152.01495361328125,2.7127023713546805e-05,1.0,3.093037548751454e-06,1.0,5.8454905229154974e-05,1.0,1.4871554412820842e-05,1.0
drugs_08_solubility,198,8.131485939025879,53.68921875,6400,5369,6070,330,1.0,1.0,1.0,0.8203587045067066,0.9905930807248764,0.9990175348595647,0.6195523524536464,0.7368513200992254,drugs_08_solubility_198,148.46957397460938,5.7477900554658845e-06,1.0,6.089157523092581e-06,1.0,1.397125515723019e-06,1.0,2.127402922269539e-06,1.0
drugs_08_solubility,199,8.155902862548828,52.43296875,6400,5243,6041,359,1.0,1.0,1.0,0.8823247702494768,0.9917232246316835,0.9982343550735612,0.6154529650384419,0.74446347915013,drugs_08_solubility_199,151.3804931640625,3.988745447713882e-06,1.0,6.695610409224173e-06,1.0,3.6379329685587436e-05,1.0,0.0007658777758479118,1.0
