exp_name,Batch,test_loss,mean_length,n_samples,uniq_samples,good_samples,bad_samples,novelty,hard_novelty,soft_novelty,diversity,conciseness,solubility,naturalness,synthesizability,model_samples,neg-loglike,D_loss_0,Accuracy_0,D_loss_1,Accuracy_1,D_loss_2,Accuracy_2
toy_06_drug-candidate,0,8.852185249328613,13.69228125,32000,13022,24209,7791,0.4052625056797059,0.31285885414515263,0.5836837539757941,0.4631967644767838,0.9980812920814572,0.23164421791141712,0.6175751973035152,0.307658661931955,toy_06_drug-candidate_0,240.9774169921875,0.43424251675605774,0.8214285969734192,0.44819337129592896,0.7857142686843872,0.4831901490688324,0.75
toy_06_drug-candidate,1,8.927738189697266,13.16328125,6400,3789,4903,1497,0.3893534570671018,0.2751376708137875,0.5725474199469712,0.5125254768471784,0.9977054864368754,0.23213739581971238,0.6255624769982714,0.2986044135445649,toy_06_drug-candidate_1,186.85186767578125,0.38977256417274475,0.8571428656578064,0.3662552833557129,0.8571428656578064,0.3641393184661865,0.8214285969734192
toy_06_drug-candidate,2,8.963024139404297,12.89765625,6400,3562,4918,1482,0.3743391622610817,0.26331842212281414,0.5620374135827572,0.5345767716955107,0.998037820252135,0.23103556458140126,0.632986916641834,0.29305808298156766,toy_06_drug-candidate_2,188.52334594726562,0.38326239585876465,0.8214285969734192,0.46763136982917786,0.8214285969734192,0.2855692505836487,0.9285714030265808
toy_06_drug-candidate,3,8.976948738098145,12.82125,6400,3433,4971,1429,0.38503319251659623,0.2562864614765641,0.5695232347616173,0.5086106056256434,0.9983403741701871,0.2348546166540827,0.6351834724720498,0.2891915253863972,toy_06_drug-candidate_3,222.69691467285156,0.5067002177238464,0.8571428656578064,0.33843180537223816,0.9285714030265808,0.5499786734580994,0.7142857313156128
toy_06_drug-candidate,4,8.98213005065918,12.80609375,6400,3426,4998,1402,0.3897559023609444,0.25890356142456983,0.572829131652661,0.5664100316308494,0.9989495798319328,0.23525715797359034,0.6395444543482625,0.2899848670508962,toy_06_drug-candidate_4,200.05506896972656,0.37189456820487976,0.8571428656578064,0.4631952941417694,0.6785714030265808,0.4569989740848541,0.7857142686843872
toy_06_drug-candidate,5,8.97754192352295,12.8,6400,3469,5082,1318,0.39669421487603307,0.26741440377804016,0.5776859504132231,0.5531168763435723,0.9982979142070052,0.2390084383412182,0.6456252772174507,0.29275304430379095,toy_06_drug-candidate_5,197.7805938720703,0.31369733810424805,0.9285714030265808,0.4454346299171448,0.7857142686843872,0.331687867641449,0.8571428656578064
toy_06_drug-candidate,6,8.975508689880371,12.826875,6400,3523,5085,1315,0.41179941002949855,0.28751229105211407,0.588259587020649,0.5891440291500508,0.9990363815142577,0.24120918757663243,0.6457377885163715,0.29802682591840535,toy_06_drug-candidate_6,216.88458251953125,0.5075833797454834,0.6785714030265808,0.34918683767318726,0.8571428656578064,0.3252004384994507,0.8214285969734192
toy_06_drug-candidate,7,9.00132942199707,12.6740625,6400,3484,5130,1270,0.4070175438596491,0.29376218323586745,0.5849122807017544,0.6599621950413381,0.9988791423001949,0.24238623799792638,0.6545474637824077,0.3052494355835224,toy_06_drug-candidate_7,215.13441467285156,0.3304497003555298,0.8214285969734192,0.4083389937877655,0.8214285969734192,0.19720324873924255,0.9642857313156128
toy_06_drug-candidate,8,8.988104820251465,12.73390625,6400,3539,5128,1272,0.43837753510140404,0.3221528861154446,0.6068642745709828,0.5679765436856742,0.998829953198128,0.243890476187506,0.6539982927986344,0.3083883576609405,toy_06_drug-candidate_8,201.69284057617188,0.48152729868888855,0.7142857313156128,0.46644702553749084,0.75,0.2628341615200043,0.8928571343421936
toy_06_drug-candidate,9,9.002827644348145,12.66640625,6400,3576,5161,1239,0.44991280759542723,0.33675644254989345,0.614938965316799,0.5945523536300489,0.9985080410773106,0.2445906471879479,0.6556731024548873,0.3088546070777636,toy_06_drug-candidate_9,218.24615478515625,0.38094231486320496,0.75,0.3900725543498993,0.75,0.3624798357486725,0.8928571343421936
toy_06_drug-candidate,10,9.024113655090332,12.54234375,32000,10694,25867,6133,0.46352495457532766,0.352572776124019,0.6244674682027292,0.5634028475754094,0.9986604554065026,0.24688329085620736,0.6555088774919784,0.31546437660011034,toy_06_drug-candidate_10,186.632568359375,0.3847513198852539,0.8571428656578064,0.3707687258720398,0.8928571343421936,0.28471869230270386,0.8928571343421936
toy_06_drug-candidate,11,9.041446685791016,12.48328125,6400,3534,5155,1245,0.4574199806013579,0.3594568380213385,0.6201939864209505,0.5530139339956814,0.9988069835111543,0.2485905241599908,0.6601599893501456,0.31887438724365164,toy_06_drug-candidate_11,205.91281127929688,0.33441615104675293,0.7857142686843872,0.29302629828453064,0.8928571343421936,0.3082910478115082,0.8928571343421936
toy_06_drug-candidate,12,9.01694393157959,12.62046875,6400,3507,5161,1239,0.4706452237938384,0.37434605696570433,0.6294516566556868,0.6172179298840474,0.9988374346056965,0.24620391821978765,0.6568012977787292,0.3173880075255251,toy_06_drug-candidate_12,214.32386779785156,0.3194442093372345,0.8214285969734192,0.2843908667564392,0.8571428656578064,0.2803698480129242,0.8928571343421936
toy_06_drug-candidate,13,9.032659530639648,12.51421875,6400,3525,5198,1202,0.48480184686417854,0.38418622547133513,0.6393612928049249,0.5593258051112268,0.9985378991919969,0.24659967727070914,0.658921896640211,0.32280808282912726,toy_06_drug-candidate_13,212.10130310058594,0.42065688967704773,0.8214285969734192,0.29195141792297363,0.9285714030265808,0.32434168457984924,0.8214285969734192
toy_06_drug-candidate,14,9.055024147033691,12.43328125,6400,3507,5215,1185,0.4914669223394056,0.38235858101629916,0.6440268456375838,0.5971625011060658,0.9984563758389261,0.24511017221691456,0.6500099114420064,0.3274076221461772,toy_06_drug-candidate_14,199.75912475585938,0.20387865602970123,0.9285714030265808,0.43058326840400696,0.75,0.34730264544487,0.7857142686843872
toy_06_drug-candidate,15,9.02695369720459,12.5946875,6400,3622,5192,1208,0.5057781201848999,0.4077426810477658,0.6540446841294297,0.6355605603516412,0.998497688751926,0.2440470884751412,0.6560051959596611,0.32389874670135865,toy_06_drug-candidate_15,212.64105224609375,0.24343834817409515,0.9285714030265808,0.3274640142917633,0.8928571343421936,0.4853692352771759,0.7857142686843872
toy_06_drug-candidate,16,9.0570650100708,12.4259375,6400,3518,5278,1122,0.510989010989011,0.4109511178476696,0.6576923076923077,0.5951055456092493,0.9982000757862827,0.24424729216517282,0.6546995335358865,0.33092484401896155,toy_06_drug-candidate_16,197.43270874023438,0.21523821353912354,0.9642857313156128,0.3702693283557892,0.8214285969734192,0.5111159086227417,0.6785714030265808
toy_06_drug-candidate,17,9.072978973388672,12.40515625,6400,3524,5282,1118,0.5058689890193109,0.40817872018174933,0.6541082923135175,0.609307679697049,0.9987126088602803,0.24455172719018503,0.6574611024638716,0.33133141341674555,toy_06_drug-candidate_17,196.1881103515625,0.45899754762649536,0.75,0.16656652092933655,0.8928571343421936,0.3819093108177185,0.7857142686843872
toy_06_drug-candidate,18,9.066642761230469,12.39359375,6400,3630,5240,1160,0.5257633587786259,0.4248091603053435,0.6680343511450382,0.6816505882832954,0.9984732824427481,0.24454237506255586,0.6527339453194272,0.3374266816487478,toy_06_drug-candidate_18,189.66770935058594,0.12760892510414124,0.9642857313156128,0.5124131441116333,0.7857142686843872,0.3201957941055298,0.8571428656578064
toy_06_drug-candidate,19,9.0800199508667,12.35640625,6400,3553,5260,1140,0.5055133079847909,0.4190114068441065,0.6538593155893535,0.5966194228546254,0.9986121673003804,0.2446319056490092,0.6449353606971753,0.34200598521729886,toy_06_drug-candidate_19,214.49537658691406,0.3321143686771393,0.8571428656578064,0.39297327399253845,0.7857142686843872,0.3046792149543762,0.8571428656578064
toy_06_drug-candidate,20,9.068476676940918,12.40596875,32000,10684,26414,5586,0.5139698644658136,0.42337396835011737,0.6597789051260695,0.6340416087305601,0.9983928977057619,0.2440193935822043,0.643367651069472,0.3406642311088319,toy_06_drug-candidate_20,193.287841796875,0.4854728579521179,0.75,0.4328782856464386,0.7142857313156128,0.46285855770111084,0.7857142686843872
toy_06_drug-candidate,21,9.06889533996582,12.3571875,6400,3509,5326,1074,0.5058205031918889,0.4153210664663913,0.6540743522343221,0.5884477939533516,0.9985636500187759,0.24401491686909124,0.6376825737212465,0.34275741426313555,toy_06_drug-candidate_21,208.17745971679688,0.29247337579727173,0.9642857313156128,0.35855013132095337,0.8214285969734192,0.4156598448753357,0.7857142686843872
toy_06_drug-candidate,22,9.0763521194458,12.31984375,6400,3497,5312,1088,0.4879518072289157,0.39213102409638556,0.641566265060241,0.545908278964188,0.9985222138554216,0.24585912720446199,0.630021948281655,0.3460280845889948,toy_06_drug-candidate_22,221.9322509765625,0.3821750283241272,0.7142857313156128,0.2660323679447174,0.9285714030265808,0.26483479142189026,0.8214285969734192
toy_06_drug-candidate,23,9.109515190124512,12.17203125,6400,3466,5364,1036,0.47706935123042504,0.3754660700969426,0.6339485458612975,0.5416585360512108,0.9982382550335569,0.24451447653308042,0.6320841900312334,0.35018707019215184,toy_06_drug-candidate_23,227.03036499023438,0.34007224440574646,0.8214285969734192,0.4286869764328003,0.7857142686843872,0.4295123517513275,0.7857142686843872
toy_06_drug-candidate,24,9.109813690185547,12.1478125,6400,3338,5392,1008,0.443620178041543,0.3460682492581602,0.6105341246290801,0.5582053323105569,0.9987295994065283,0.2426153496427153,0.6255365025695354,0.34970599829286664,toy_06_drug-candidate_24,214.15908813476562,0.4023725390434265,0.7857142686843872,0.19552473723888397,0.9642857313156128,0.4421524107456207,0.7857142686843872
toy_06_drug-candidate,25,9.128233909606934,12.06515625,6400,3374,5398,1002,0.4618377176732123,0.3584660985550204,0.6232864023712487,0.5608725270735434,0.998314190440904,0.24372498510102336,0.6248970126835239,0.3506396090526625,toy_06_drug-candidate_25,215.15530395507812,0.2996208667755127,0.8571428656578064,0.3869372010231018,0.7142857313156128,0.34844353795051575,0.8571428656578064
toy_06_drug-candidate,26,9.140169143676758,11.99109375,6400,3271,5321,1079,0.431121969554595,0.31854914489757563,0.6017853786882164,0.5451224029552892,0.9984213493704192,0.24818739894677885,0.6143499843165283,0.3530200971968489,toy_06_drug-candidate_26,179.67787170410156,0.39978939294815063,0.7142857313156128,0.532027006149292,0.7142857313156128,0.4829269349575043,0.75
toy_06_drug-candidate,27,9.166131019592285,11.795,6400,3158,5344,1056,0.4157934131736527,0.2969685628742515,0.5910553892215568,0.5437223435290987,0.9979509730538922,0.24759824636688554,0.6107091811474619,0.35626505766880945,toy_06_drug-candidate_27,198.411376953125,0.287735253572464,0.8928571343421936,0.3952099084854126,0.7857142686843872,0.27441027760505676,0.9285714030265808
toy_06_drug-candidate,28,9.173965454101562,11.7053125,6400,3158,5350,1050,0.4067289719626168,0.29158878504672897,0.5847102803738318,0.5189420822286324,0.9983738317757009,0.24696616320042997,0.6126717843579158,0.3553810454142259,toy_06_drug-candidate_28,191.47799682617188,0.3379402160644531,0.7857142686843872,0.4358011484146118,0.8214285969734192,0.3035687208175659,0.8928571343421936
toy_06_drug-candidate,29,9.19271469116211,11.645625,6400,3043,5411,989,0.38495656995010163,0.269451118092774,0.5694695989650711,0.5495009951886177,0.9985492515246721,0.24738931735101913,0.6153424778479594,0.35589440948142015,toy_06_drug-candidate_29,211.9405517578125,0.3332797884941101,0.8214285969734192,0.30510908365249634,0.8571428656578064,0.34203124046325684,0.8214285969734192
toy_06_drug-candidate,30,9.212706565856934,11.54878125,32000,8400,26879,5121,0.3739722459912943,0.25651995981993375,0.561780572193906,0.5784512971231746,0.9983146694445478,0.24780901820427384,0.6118627953106914,0.3522064378331744,toy_06_drug-candidate_30,204.00234985351562,0.2646998465061188,0.8571428656578064,0.3606371283531189,0.7857142686843872,0.33347347378730774,0.8214285969734192
toy_06_drug-candidate,31,9.221814155578613,11.4490625,6400,2898,5337,1063,0.35038411092373994,0.22578227468615328,0.5452688776466178,0.5497310315229318,0.9981356567359939,0.24698644941772593,0.6172611954288679,0.3519648750095451,toy_06_drug-candidate_31,213.609130859375,0.31387102603912354,0.8214285969734192,0.3889883756637573,0.75,0.41947007179260254,0.75
toy_06_drug-candidate,32,9.240639686584473,11.384375,6400,2888,5372,1028,0.35238272524199554,0.2282204020848846,0.5466679076693969,0.5613094878617754,0.9982129560685032,0.2480572531891731,0.6096962986572972,0.34531382587984694,toy_06_drug-candidate_32,199.81307983398438,0.3890909254550934,0.7857142686843872,0.3432362377643585,0.8928571343421936,0.6083303689956665,0.6071428656578064
toy_06_drug-candidate,33,9.258166313171387,11.31125,6400,2818,5451,949,0.36470372408732343,0.23555310952118877,0.5552926068611264,0.5294292681755853,0.9981654742249129,0.24892083005379076,0.6162544693984612,0.34516652489694377,toy_06_drug-candidate_33,190.30197143554688,0.35746148228645325,0.8214285969734192,0.4080007076263428,0.75,0.48199132084846497,0.7142857313156128
toy_06_drug-candidate,34,9.253928184509277,11.3465625,6400,2787,5455,945,0.3468377635197067,0.22603116406966087,0.5427864344637946,0.5694094063442711,0.9983226397800185,0.24717714427501306,0.614722263020201,0.3450256158340636,toy_06_drug-candidate_34,190.83349609375,0.260105162858963,0.8571428656578064,0.3519732654094696,0.7857142686843872,0.30705526471138,0.8571428656578064
toy_06_drug-candidate,35,9.24828052520752,11.38078125,6400,2819,5396,1004,0.3456263899184581,0.22739065974796147,0.5419384729429206,0.49948924817795415,0.9983042994810972,0.2481626200744845,0.6173434286259801,0.3383794128391744,toy_06_drug-candidate_35,193.63327026367188,0.3759521245956421,0.8214285969734192,0.27760159969329834,0.8928571343421936,0.5155550241470337,0.7142857313156128
toy_06_drug-candidate,36,9.260849952697754,11.29359375,6400,2831,5468,932,0.35296269202633507,0.23573518653986833,0.5470738844184344,0.5813582176755316,0.9988661302121435,0.24658482626471967,0.6188385100370636,0.3439097987610461,toy_06_drug-candidate_36,191.98838806152344,0.23936901986598969,0.8571428656578064,0.22749894857406616,0.9285714030265808,0.3429814279079437,0.8571428656578064
toy_06_drug-candidate,37,9.24797534942627,11.33390625,6400,2807,5474,926,0.34654731457800514,0.237120935330654,0.5425831202046035,0.5398664451765391,0.9985568140299599,0.2495757689652044,0.6256506029634188,0.34533728745318015,toy_06_drug-candidate_37,190.06239318847656,0.3682149648666382,0.8571428656578064,0.34790441393852234,0.8571428656578064,0.47049790620803833,0.75
toy_06_drug-candidate,38,9.247559547424316,11.32234375,6400,2918,5405,995,0.34190564292321923,0.23829787234042554,0.5393339500462534,0.49285016018470673,0.998677150786309,0.24931569042052126,0.6253229524655274,0.34839605107439797,toy_06_drug-candidate_38,200.56930541992188,0.42405226826667786,0.75,0.4832575023174286,0.7857142686843872,0.32356777787208557,0.8571428656578064
toy_06_drug-candidate,39,9.245159149169922,11.3675,6400,2930,5456,944,0.3531891495601173,0.2402859237536657,0.5472324046920821,0.5163440694764766,0.9990560850439884,0.25021363535608787,0.6303989558791897,0.35068027516752426,toy_06_drug-candidate_39,206.9698944091797,0.45082059502601624,0.7857142686843872,0.39099231362342834,0.8571428656578064,0.43629729747772217,0.8928571343421936
toy_06_drug-candidate,40,9.228507995605469,11.41234375,32000,8286,27194,4806,0.34518643818489375,0.24946679414576745,0.5416305067294256,0.567149461680475,0.9987534014856219,0.24866689482125853,0.6327626090855403,0.35426575244360725,toy_06_drug-candidate_40,205.71099853515625,0.44316187500953674,0.8571428656578064,0.24676376581192017,0.9285714030265808,0.42577847838401794,0.7857142686843872
toy_06_drug-candidate,41,9.211925506591797,11.511875,6400,3087,5433,967,0.37124976992453523,0.27774710104914413,0.5598748389471745,0.5239729316624284,0.9986563592858458,0.2519204083571156,0.6330694565843074,0.3614547408064,toy_06_drug-candidate_41,195.11843872070312,0.4153027832508087,0.75,0.5686254501342773,0.6428571343421936,0.35225722193717957,0.8214285969734192
toy_06_drug-candidate,42,9.206411361694336,11.5259375,6400,3050,5507,893,0.3780642818231342,0.2905393136008716,0.5646449972761939,0.5515087164185141,0.9990466678772472,0.25362810190527096,0.6279782451743959,0.3706002776364089,toy_06_drug-candidate_42,200.12461853027344,0.3222537338733673,0.8214285969734192,0.2860955595970154,0.8571428656578064,0.382158488035202,0.7857142686843872
toy_06_drug-candidate,43,9.201390266418457,11.5359375,6400,3063,5488,912,0.37809766763848396,0.29792274052478135,0.5646683673469387,0.5433217676839025,0.999116253644315,0.25435852239198387,0.626777260119732,0.3770084218578629,toy_06_drug-candidate_43,226.72238159179688,0.25983473658561707,0.9285714030265808,0.30174902081489563,0.8214285969734192,0.5112642049789429,0.75
toy_06_drug-candidate,44,9.19601058959961,11.50953125,6400,3165,5552,848,0.40579971181556196,0.3314121037463977,0.5840597982708934,0.5015414958906972,0.9984870317002883,0.25715434994954006,0.6251634241723742,0.3856264367347979,toy_06_drug-candidate_44,232.24127197265625,0.4774542450904846,0.7857142686843872,0.4438959062099457,0.75,0.348331093788147,0.8214285969734192
toy_06_drug-candidate,45,9.196165084838867,11.55984375,6400,3182,5539,861,0.432569055786243,0.34843834627189024,0.6027983390503701,0.5831820062247323,0.9989619064813143,0.2589573264568191,0.6180200661964671,0.393441227263118,toy_06_drug-candidate_45,214.42172241210938,0.3314650058746338,0.7857142686843872,0.2708120346069336,0.8928571343421936,0.2418883591890335,0.9285714030265808
toy_06_drug-candidate,46,9.220751762390137,11.51296875,6400,3184,5578,822,0.4277518823951237,0.342416636787379,0.5994263176765866,0.5387791565492407,0.9989333094299032,0.257745800568524,0.6164836570731287,0.3911514445883278,toy_06_drug-candidate_46,203.04345703125,0.3190385401248932,0.8214285969734192,0.3281523585319519,0.8571428656578064,0.24014773964881897,0.9285714030265808
toy_06_drug-candidate,47,9.196588516235352,11.5440625,6400,3198,5539,861,0.4352771258349883,0.3534934103628814,0.6046939880844917,0.5512506812610898,0.9984564000722154,0.2596127381524862,0.619616350394913,0.39536271679444884,toy_06_drug-candidate_47,175.68402099609375,0.3270288109779358,0.8214285969734192,0.3515438735485077,0.75,0.310838907957077,0.8928571343421936
toy_06_drug-candidate,48,9.227245330810547,11.4271875,6400,3130,5568,832,0.42834051724137934,0.34339080459770116,0.5998383620689655,0.5672110734274264,0.9988326149425287,0.2583396818890159,0.6172698395831442,0.3940549288027897,toy_06_drug-candidate_48,219.8960418701172,0.4804508090019226,0.7142857313156128,0.32708245515823364,0.8928571343421936,0.3538159728050232,0.8214285969734192
toy_06_drug-candidate,49,9.248204231262207,11.3096875,6400,3022,5662,738,0.4237018721299894,0.33027198869657365,0.5965913104909926,0.5783217504212301,0.9987371953373367,0.2581245863108022,0.6095221220033675,0.3936202987437453,toy_06_drug-candidate_49,186.46319580078125,0.48783448338508606,0.75,0.6026462316513062,0.6071428656578064,0.29954031109809875,0.8928571343421936
toy_06_drug-candidate,50,9.245047569274902,11.3385625,32000,8525,28034,3966,0.4204180637796961,0.33131197831204967,0.5942926446457873,0.5614868768762729,0.9989494899051153,0.2581443268407526,0.606260072433626,0.39914712381650297,toy_06_drug-candidate_50,200.01364135742188,0.2689484655857086,0.8928571343421936,0.3105609118938446,0.8571428656578064,0.40281474590301514,0.8214285969734192
toy_06_drug-candidate,51,9.254981994628906,11.2884375,6400,2997,5677,723,0.41800246609124536,0.3262286418883213,0.5926017262638718,0.4652095641694285,0.9989959485643825,0.25797043421146126,0.5970388287494691,0.4022034981027521,toy_06_drug-candidate_51,226.08670043945312,0.35330677032470703,0.8571428656578064,0.5210195779800415,0.7142857313156128,0.31975117325782776,0.8214285969734192
toy_06_drug-candidate,52,9.278729438781738,11.14640625,6400,2954,5681,719,0.42650941735609926,0.32441471571906355,0.5985565921492695,0.5444640641299274,0.9988558352402745,0.2597203716872252,0.5962100704761077,0.40230908082163624,toy_06_drug-candidate_52,212.73341369628906,0.4083327651023865,0.8571428656578064,0.35111019015312195,0.7857142686843872,0.40035080909729004,0.8571428656578064
toy_06_drug-candidate,53,9.256133079528809,11.22921875,6400,2988,5629,771,0.4208562799786818,0.3219044235210517,0.5945993959850772,0.514133063074692,0.9990406821815598,0.25469454050650325,0.5952376061523084,0.3960517211493958,toy_06_drug-candidate_53,179.29595947265625,0.43311208486557007,0.8214285969734192,0.2491997480392456,0.8928571343421936,0.26824384927749634,0.9285714030265808
toy_06_drug-candidate,54,9.262821197509766,11.1765625,6400,2934,5654,746,0.42111779271312344,0.32171913689423415,0.5947824548991864,0.5431843703356525,0.9988503714184648,0.25358282267899124,0.5894439166617049,0.3963393346656289,toy_06_drug-candidate_54,186.859130859375,0.2957969307899475,0.8214285969734192,0.22314931452274323,0.8928571343421936,0.32198366522789,0.8571428656578064
toy_06_drug-candidate,55,9.266487121582031,11.160625,6400,2925,5671,729,0.4135073179333451,0.32004937400811145,0.5894551225533414,0.5004053161674727,0.9988361840945159,0.25239121758907196,0.5858997390854296,0.39260341472273097,toy_06_drug-candidate_55,210.85467529296875,0.5430406928062439,0.5714285969734192,0.32564401626586914,0.8214285969734192,0.20925244688987732,0.9285714030265808
toy_06_drug-candidate,56,9.282049179077148,11.11890625,6400,2848,5695,705,0.3994732221246708,0.30430201931518874,0.5796312554872696,0.5267385891986993,0.9990869183494293,0.25182064702391066,0.5785532911480875,0.3881047175203434,toy_06_drug-candidate_56,213.55056762695312,0.3272021412849426,0.7857142686843872,0.29727572202682495,0.8928571343421936,0.34332072734832764,0.8214285969734192
toy_06_drug-candidate,57,9.274529457092285,11.1446875,6400,2842,5661,739,0.3976329270446918,0.29358770535241124,0.5783430489312842,0.5561251012164136,0.9989754460342697,0.24844376330956575,0.5777664404270423,0.38717789389962626,toy_06_drug-candidate_57,217.37403869628906,0.3279403746128082,0.8928571343421936,0.5397731065750122,0.6428571343421936,0.30314400792121887,0.8214285969734192
toy_06_drug-candidate,58,9.264579772949219,11.209375,6400,2917,5646,754,0.4103790294013461,0.3136733970952887,0.5872653205809422,0.5079588454435252,0.9991498405951117,0.24864316003901465,0.5803157079256461,0.38991502281350293,toy_06_drug-candidate_58,183.43341064453125,0.1932738721370697,0.9285714030265808,0.30480411648750305,0.8571428656578064,0.40417739748954773,0.75
toy_06_drug-candidate,59,9.256553649902344,11.239375,6400,2831,5658,742,0.3996111700247437,0.30151997172145634,0.5797278190173205,0.5312517404523682,0.9989307175680454,0.2502705714347623,0.5775143719933874,0.3870235400645325,toy_06_drug-candidate_59,215.5791778564453,0.4812565743923187,0.7857142686843872,0.4991791248321533,0.75,0.2798011898994446,0.8214285969734192
toy_06_drug-candidate,60,9.2374906539917,11.3368125,32000,8132,28219,3781,0.4090506396399589,0.31060632906906693,0.5863354477479712,0.5569721731776127,0.9990414259895816,0.24834220287414194,0.574015173179442,0.3883868830233103,toy_06_drug-candidate_60,216.1729278564453,0.3448679745197296,0.8214285969734192,0.371709942817688,0.7857142686843872,0.2445523738861084,0.8928571343421936
toy_06_drug-candidate,61,9.240910530090332,11.29984375,6400,2916,5567,833,0.4061433447098976,0.2990838871923837,0.5843003412969283,0.5204566670365174,0.9991647206754087,0.25037293826726265,0.5813743492383882,0.3860643288195348,toy_06_drug-candidate_61,196.4723358154297,0.4257853329181671,0.8214285969734192,0.516085684299469,0.6785714030265808,0.5614144802093506,0.7142857313156128
toy_06_drug-candidate,62,9.242530822753906,11.376875,6400,2954,5540,860,0.3951263537906137,0.303971119133574,0.5765884476534294,0.6208774945779605,0.9992057761732852,0.2471020759015612,0.5739772327091283,0.3776053343775233,toy_06_drug-candidate_62,198.250244140625,0.4227467179298401,0.8214285969734192,0.5958173274993896,0.6785714030265808,0.47750765085220337,0.7857142686843872
toy_06_drug-candidate,63,9.224275588989258,11.47171875,6400,2929,5540,860,0.39657039711191333,0.30270758122743685,0.5775992779783393,0.5618354931665057,0.9991155234657041,0.2485632093773284,0.5781213757043528,0.3703707896520093,toy_06_drug-candidate_63,207.73756408691406,0.32846570014953613,0.8571428656578064,0.3579077124595642,0.8571428656578064,0.41609036922454834,0.8571428656578064
toy_06_drug-candidate,64,9.202943801879883,11.58109375,6400,3055,5427,973,0.4051962410171365,0.3112216694306247,0.5836373687119956,0.4757568330498803,0.9990418278975494,0.24424802876612275,0.5745461190920222,0.3695952978318968,toy_06_drug-candidate_64,199.08612060546875,0.31534919142723083,0.8214285969734192,0.37579742074012756,0.75,0.31693968176841736,0.9285714030265808
toy_06_drug-candidate,65,9.21340560913086,11.47359375,6400,2982,5439,961,0.39492553778268064,0.302261445118588,0.5764478764478763,0.4583032648365935,0.999301342158485,0.24438012060326547,0.5800014656276176,0.36383612811901006,toy_06_drug-candidate_65,191.6258087158203,0.30003947019577026,0.8928571343421936,0.5094210505485535,0.75,0.39544081687927246,0.7857142686843872
toy_06_drug-candidate,66,9.221206665039062,11.48296875,6400,2929,5490,910,0.3644808743169399,0.26903460837887067,0.5551366120218579,0.4852138782127962,0.999207650273224,0.2458034247915414,0.5818238671772903,0.36052891392951725,toy_06_drug-candidate_66,195.44998168945312,0.29277047514915466,0.8928571343421936,0.3173079490661621,0.8214285969734192,0.25970637798309326,0.9285714030265808
toy_06_drug-candidate,67,9.233662605285645,11.43515625,6400,2910,5556,844,0.37724982001439883,0.2750179985601152,0.5640748740100792,0.478705580194219,0.9992170626349893,0.2480233533368929,0.5700611450510722,0.35895191809809235,toy_06_drug-candidate_67,196.52296447753906,0.3206496238708496,0.8571428656578064,0.5224408507347107,0.6785714030265808,0.28616562485694885,0.8214285969734192
toy_06_drug-candidate,68,9.24565601348877,11.33,6400,2804,5623,777,0.37133202916592567,0.26622799217499554,0.5599324204161479,0.5073577252291223,0.9992352836564113,0.24636451000438667,0.5771416186072081,0.3631484029916379,toy_06_drug-candidate_68,217.85513305664062,0.4522886276245117,0.75,0.3597855865955353,0.8214285969734192,0.378085732460022,0.8214285969734192
toy_06_drug-candidate,69,9.219537734985352,11.4653125,6400,2882,5586,814,0.39473684210526316,0.2790905836018618,0.5763157894736841,0.502386798256972,0.9989258861439313,0.2477043406667608,0.5794324370889876,0.3607404071688282,toy_06_drug-candidate_69,197.13844299316406,0.3001183271408081,0.8571428656578064,0.31096670031547546,0.8571428656578064,0.3929561674594879,0.7857142686843872
toy_06_drug-candidate,70,9.212454795837402,11.4119375,32000,8298,27221,4779,0.39598104404687556,0.2740898570956247,0.5771867308328128,0.6151786588513889,0.9989713823885972,0.24970637227474124,0.5854322789685575,0.3662625069814091,toy_06_drug-candidate_70,199.577392578125,0.3035600781440735,0.9285714030265808,0.41815662384033203,0.75,0.44781169295310974,0.75
toy_06_drug-candidate,71,9.198763847351074,11.47375,6400,3025,5248,1152,0.4089176829268293,0.27477134146341464,0.5862423780487804,0.469002385919618,0.9986471036585365,0.2512609666207661,0.5872651700405165,0.36564811034206807,toy_06_drug-candidate_71,186.03298950195312,0.3520638644695282,0.8214285969734192,0.3835064768791199,0.8214285969734192,0.5228685736656189,0.7142857313156128
toy_06_drug-candidate,72,9.178829193115234,11.5196875,6400,3007,5160,1240,0.4060077519379845,0.27325581395348836,0.5842054263565891,0.5815948434897612,0.9987693798449612,0.25243543156690806,0.5909383157959847,0.36779234531037913,toy_06_drug-candidate_72,171.75885009765625,0.2957613468170166,0.8571428656578064,0.2901749312877655,0.8571428656578064,0.3139951825141907,0.75
toy_06_drug-candidate,73,9.180697441101074,11.544375,6400,2963,5318,1082,0.41613388491914255,0.27585558480631817,0.5912937194433998,0.5987083190701632,0.9991914253478753,0.2520965057414078,0.5865646769460354,0.36946529199069406,toy_06_drug-candidate_73,195.93853759765625,0.2996153235435486,0.8571428656578064,0.3113294541835785,0.7857142686843872,0.250121533870697,0.8571428656578064
toy_06_drug-candidate,74,9.161149024963379,11.74421875,6400,2982,5442,958,0.3980154355016538,0.258912164645351,0.5786108048511576,0.47567714771165104,0.9991363469312753,0.2526732588698143,0.5896490458253208,0.3644440012127414,toy_06_drug-candidate_74,197.40780639648438,0.34317547082901,0.8571428656578064,0.3576970100402832,0.8571428656578064,0.3172511160373688,0.8214285969734192
toy_06_drug-candidate,75,9.170143127441406,11.7271875,6400,3027,5524,876,0.4040550325850833,0.2719044170890659,0.5828385228095582,0.45621386012268783,0.9986422881969588,0.2511182791252359,0.5887302203200585,0.363707402680332,toy_06_drug-candidate_75,211.12684631347656,0.3265394866466522,0.8571428656578064,0.3760080635547638,0.7857142686843872,0.2727876901626587,0.8571428656578064
toy_06_drug-candidate,76,9.186089515686035,11.6821875,6400,2919,5579,821,0.39075103065065425,0.25165800322638465,0.5735257214554579,0.5078946777559954,0.998852841010934,0.24789870522577823,0.5881029787789576,0.35406049221681324,toy_06_drug-candidate_76,191.28805541992188,0.28623855113983154,0.8214285969734192,0.36545056104660034,0.8214285969734192,0.3914848566055298,0.75
toy_06_drug-candidate,77,9.18185806274414,11.7021875,6400,2862,5581,819,0.366780146927074,0.2401003404407812,0.5567461028489518,0.47757564351154796,0.9988084572657231,0.24710813970671033,0.6001875339030672,0.3492317949685186,toy_06_drug-candidate_77,190.19168090820312,0.31150251626968384,0.8928571343421936,0.45280611515045166,0.8214285969734192,0.3583157956600189,0.7857142686843872
toy_06_drug-candidate,78,9.204339981079102,11.62015625,6400,2809,5575,825,0.36233183856502243,0.22493273542600897,0.5536322869955156,0.4692614237495569,0.9988520179372198,0.24741534167302698,0.5940519376424295,0.34514759933582295,toy_06_drug-candidate_78,188.5402374267578,0.30923721194267273,0.8928571343421936,0.3635309934616089,0.7857142686843872,0.28521040081977844,0.8928571343421936
toy_06_drug-candidate,79,9.213738441467285,11.56015625,6400,2796,5578,822,0.3519182502689136,0.2090354965937612,0.5463427751882395,0.5018277809959835,0.9990677662244533,0.24443337500187629,0.6043455482100585,0.34322940655313966,toy_06_drug-candidate_79,184.21450805664062,0.2966233789920807,0.8571428656578064,0.5697044134140015,0.6785714030265808,0.22935199737548828,0.8928571343421936
toy_06_drug-candidate,80,9.222390174865723,11.56521875,32000,7731,28014,3986,0.35153851645605766,0.20361247947454844,0.5460769615192403,0.43177465446846397,0.9989094738345113,0.2446015441004775,0.5994787193032328,0.3379528432514743,toy_06_drug-candidate_80,208.64727783203125,0.3946410119533539,0.7857142686843872,0.5220653414726257,0.6785714030265808,0.4146360456943512,0.8214285969734192
toy_06_drug-candidate,81,9.245414733886719,11.43,6400,2674,5663,737,0.3688857496026841,0.20289599152392726,0.5582200247218788,0.5394947103877633,0.9986138089351935,0.24261104723521065,0.596075375154112,0.3384496247259945,toy_06_drug-candidate_81,206.87118530273438,0.2926381528377533,0.8571428656578064,0.2910037934780121,0.8571428656578064,0.5102260112762451,0.7142857313156128
toy_06_drug-candidate,82,9.221938133239746,11.570625,6400,2686,5603,797,0.3565946814206675,0.19900053542744958,0.5496162769944672,0.47741910070180826,0.9988399071925754,0.24587131744746024,0.5968939048401155,0.33969102873650214,toy_06_drug-candidate_82,175.0518798828125,0.3322284519672394,0.8214285969734192,0.24829599261283875,0.8928571343421936,0.34032633900642395,0.8571428656578064
toy_06_drug-candidate,83,9.235143661499023,11.53109375,6400,2636,5643,757,0.35513024986709196,0.19634945950735425,0.5485911749069643,0.47589764513408844,0.998989898989899,0.2439858922361427,0.5990831236706173,0.33766480616824807,toy_06_drug-candidate_83,184.95065307617188,0.6230785250663757,0.6785714030265808,0.48550450801849365,0.8214285969734192,0.4847771227359772,0.75
toy_06_drug-candidate,84,9.261209487915039,11.50296875,6400,2648,5613,787,0.3570283270978087,0.19472652770354534,0.549919828968466,0.3939538652104086,0.9987885266345983,0.24497289738566286,0.5999160343659186,0.33851790400383047,toy_06_drug-candidate_84,189.803955078125,0.37986335158348083,0.7857142686843872,0.2990208864212036,0.75,0.2801135778427124,0.8928571343421936
toy_06_drug-candidate,85,9.244057655334473,11.53296875,6400,2685,5581,819,0.35871707579286866,0.19781401182583766,0.551101953055008,0.4574523194929593,0.9987009496506003,0.24726482931924829,0.6006821807124959,0.3435152246169419,toy_06_drug-candidate_85,188.83889770507812,0.3129495084285736,0.8928571343421936,0.2772686779499054,0.8571428656578064,0.2340691089630127,0.9285714030265808
toy_06_drug-candidate,86,9.234258651733398,11.61875,6400,2675,5619,781,0.3675031144331732,0.21017974728599395,0.5572521801032212,0.45086848447398653,0.9984783769353978,0.24830104646715148,0.5986955030050636,0.34385672987766464,toy_06_drug-candidate_86,188.93621826171875,0.2634292542934418,0.8928571343421936,0.5050730109214783,0.6785714030265808,0.23071375489234924,0.8928571343421936
toy_06_drug-candidate,87,9.246011734008789,11.57328125,6400,2719,5598,802,0.37048946052161486,0.20060735977134692,0.5593426223651303,0.4389370117608078,0.9987495534119328,0.25194428059764823,0.6042461569179679,0.3452716813542747,toy_06_drug-candidate_87,187.48294067382812,0.39402133226394653,0.7857142686843872,0.37397369742393494,0.8214285969734192,0.36686551570892334,0.8571428656578064
toy_06_drug-candidate,88,9.238566398620605,11.6796875,6400,2715,5554,846,0.3691033489377026,0.20471732084983796,0.5583723442563917,0.4445434456395659,0.9987756571840115,0.2514575947447538,0.5974595147225148,0.34635943121789203,toy_06_drug-candidate_88,180.02639770507812,0.40359601378440857,0.8214285969734192,0.23302848637104034,0.8928571343421936,0.20609475672245026,0.8571428656578064
toy_06_drug-candidate,89,9.265356063842773,11.4753125,6400,2613,5587,813,0.3701449794165026,0.19903347055664936,0.5591014855915517,0.4065727108924201,0.9987649901557187,0.253707201616771,0.6039492101084634,0.3506525342836378,toy_06_drug-candidate_89,177.6490936279297,0.3520506024360657,0.7857142686843872,0.37036949396133423,0.8571428656578064,0.4406501352787018,0.7857142686843872
toy_06_drug-candidate,90,9.279937744140625,11.459,32000,7106,27905,4095,0.36907364271635906,0.19512632144776923,0.5583515499014514,0.3776579042794636,0.9987009496506003,0.2536806566858377,0.5951878176526973,0.35077002833236615,toy_06_drug-candidate_90,184.73831176757812,0.2519820034503937,0.8214285969734192,0.09846704453229904,1.0,0.4446274936199188,0.7857142686843872
toy_06_drug-candidate,91,9.277952194213867,11.4084375,6400,2541,5545,855,0.36609558160504957,0.19549143372407574,0.5562669071235347,0.45976984923542585,0.9985482416591526,0.25283018523162304,0.5952748124910304,0.3536078529791258,toy_06_drug-candidate_91,157.1858367919922,0.3215214014053345,0.7857142686843872,0.3353644013404846,0.8214285969734192,0.27655118703842163,0.7857142686843872
toy_06_drug-candidate,92,9.297942161560059,11.3478125,6400,2468,5590,810,0.36779964221824685,0.1971377459749553,0.5574597495527728,0.4148515387701587,0.9988640429338103,0.2543405629023431,0.5925456153396331,0.34703481236902234,toy_06_drug-candidate_92,181.56881713867188,0.5127000212669373,0.8214285969734192,0.20777302980422974,0.9642857313156128,0.3157169818878174,0.8928571343421936
toy_06_drug-candidate,93,9.325663566589355,11.2584375,6400,2443,5620,780,0.3665480427046263,0.18576512455516014,0.5565836298932384,0.4342316205846429,0.998959074733096,0.2543273243567138,0.5894899589659024,0.3489192912127265,toy_06_drug-candidate_93,172.54864501953125,0.2467488944530487,0.7857142686843872,0.18479971587657928,0.8571428656578064,0.20753365755081177,0.8928571343421936
toy_06_drug-candidate,94,9.331472396850586,11.21671875,6400,2411,5602,798,0.3859335951445912,0.19903605855051767,0.5701535166012138,0.4832118765568888,0.9990628347018922,0.25066857445180735,0.5866693957316657,0.3434045755786736,toy_06_drug-candidate_94,175.81744384765625,0.25698474049568176,0.8571428656578064,0.2500409483909607,0.8214285969734192,0.1748148649930954,0.9285714030265808
toy_06_drug-candidate,95,9.365180969238281,11.01203125,6400,2271,5664,736,0.3792372881355932,0.19032485875706215,0.5654661016949152,0.4322970939773582,0.9989406779661016,0.24930588150981886,0.5865023933092214,0.3515716273588758,toy_06_drug-candidate_95,156.98492431640625,0.2570396959781647,0.8571428656578064,0.4198278784751892,0.6785714030265808,0.16108933091163635,1.0
toy_06_drug-candidate,96,9.361104965209961,11.0078125,6400,2333,5634,766,0.38800141995030174,0.19027334043308483,0.5716009939652111,0.40564795186507124,0.9989261625843097,0.25049671824464337,0.5874694332201541,0.3473699106817566,toy_06_drug-candidate_96,175.67987060546875,0.3066364824771881,0.8571428656578064,0.1892101913690567,0.9642857313156128,0.223467618227005,0.8928571343421936
toy_06_drug-candidate,97,9.367412567138672,10.9171875,6400,2258,5686,714,0.3863876187126275,0.18994020400984876,0.5704713330988392,0.420009110178786,0.9987864931410483,0.25243511897795284,0.5856670786501997,0.3545703660579473,toy_06_drug-candidate_97,173.037841796875,0.2762208878993988,0.8928571343421936,0.24434547126293182,0.9285714030265808,0.35596489906311035,0.7857142686843872
toy_06_drug-candidate,98,9.372167587280273,10.8909375,6400,2279,5637,763,0.39063331559340075,0.18396310094021642,0.5734433209153805,0.5113912166667902,0.9988735142806456,0.25177242299262126,0.5879166940837331,0.3562994201388741,toy_06_drug-candidate_98,160.4586181640625,0.34636569023132324,0.8571428656578064,0.1541755646467209,1.0,0.19100020825862885,0.8928571343421936
toy_06_drug-candidate,99,9.370477676391602,10.91515625,6400,2301,5626,774,0.39601848560255953,0.20103092783505155,0.5772129399217916,0.4780891905216349,0.9987913259864915,0.2514597356073581,0.5900436085975125,0.35798025436221703,toy_06_drug-candidate_99,167.6577606201172,0.34480977058410645,0.8214285969734192,0.26615893840789795,0.9285714030265808,0.31151169538497925,0.8214285969734192
toy_06_drug-candidate,100,9.368162155151367,10.92271875,32000,6097,28247,3753,0.38920947357241475,0.19665805218253266,0.5724466315006903,0.41085161211293014,0.9988706765320212,0.25081122330014205,0.5804177041615418,0.3564967370297189,toy_06_drug-candidate_100,171.29745483398438,0.22026939690113068,0.8928571343421936,0.5080657601356506,0.75,0.24717655777931213,0.8571428656578064
toy_06_drug-candidate,101,9.349102020263672,11.02859375,6400,2326,5622,778,0.3950551405193881,0.204019921736037,0.5765385983635716,0.4842933129671338,0.9990305940946281,0.24915836597609395,0.5813843837936123,0.35398821553666815,toy_06_drug-candidate_101,163.500244140625,0.19958584010601044,0.9285714030265808,0.3705599009990692,0.8214285969734192,0.32273662090301514,0.8928571343421936
toy_06_drug-candidate,102,9.350569725036621,11.00609375,6400,2401,5637,763,0.40766365087812667,0.21483058364378216,0.5853645556146886,0.5431926336891545,0.9986606350895868,0.2498892528604532,0.578621701188954,0.3602069571438018,toy_06_drug-candidate_102,181.15103149414062,0.33123111724853516,0.8214285969734192,0.17486520111560822,0.9642857313156128,0.4318661391735077,0.75
toy_06_drug-candidate,103,9.359134674072266,10.9625,6400,2388,5653,747,0.39890323721917564,0.2082080311339112,0.5792322660534229,0.5050368913646448,0.9991862727755174,0.2497733152622713,0.5890979327346455,0.35962387370059473,toy_06_drug-candidate_103,175.5528564453125,0.2888784408569336,0.8214285969734192,0.38909703493118286,0.7857142686843872,0.28264540433883667,0.8928571343421936
toy_06_drug-candidate,104,9.351643562316895,11.0390625,6400,2445,5701,699,0.4006314681634801,0.2220663041571654,0.580442027714436,0.5005873718613064,0.9988686195404317,0.2493967316375321,0.589820641481311,0.36071322142680545,toy_06_drug-candidate_104,157.155517578125,0.24190285801887512,0.8571428656578064,0.36329981684684753,0.8214285969734192,0.3711716830730438,0.8571428656578064
toy_06_drug-candidate,105,9.340499877929688,11.06171875,6400,2478,5682,718,0.416930658218937,0.23090461105244633,0.5918514607532558,0.5097278419086654,0.9990584301302358,0.25504662478242696,0.5884959083750148,0.36499228675479967,toy_06_drug-candidate_105,177.18539428710938,0.16608722507953644,0.9285714030265808,0.3269796371459961,0.9285714030265808,0.23044607043266296,0.9642857313156128
toy_06_drug-candidate,106,9.358617782592773,11.02234375,6400,2469,5717,683,0.411404582823159,0.23036557635123317,0.5879832079762113,0.5684101226896497,0.9992041280391815,0.25325605705430293,0.5916010476198695,0.36814960146294956,toy_06_drug-candidate_106,186.42001342773438,0.4727955758571625,0.7857142686843872,0.24705471098423004,0.9285714030265808,0.18018262088298798,0.9642857313156128
toy_06_drug-candidate,107,9.324838638305664,11.128125,6400,2560,5659,741,0.4283442304294045,0.26612475702420924,0.5998409613005831,0.5726830198964481,0.9994610355186428,0.2542436650671452,0.5910178710453413,0.3799805816733439,toy_06_drug-candidate_107,181.1664276123047,0.41335710883140564,0.8571428656578064,0.22565366327762604,0.8928571343421936,0.26720279455184937,0.75
toy_06_drug-candidate,108,9.314011573791504,11.12609375,6400,2564,5663,737,0.4342221437400671,0.2722938371887692,0.6039555006180469,0.5431203496421437,0.9991700512096062,0.2532840647010906,0.5886766834389527,0.386596744538016,toy_06_drug-candidate_108,190.15704345703125,0.2744450271129608,0.8571428656578064,0.45581603050231934,0.75,0.21209214627742767,0.9285714030265808
toy_06_drug-candidate,109,9.313336372375488,11.14328125,6400,2576,5638,762,0.4294075913444484,0.2798864845689961,0.6005853139411138,0.6060932173964793,0.999113160695282,0.2567410794977524,0.5929979069833731,0.39447150390036484,toy_06_drug-candidate_109,188.8044891357422,0.18408812582492828,0.8928571343421936,0.31070902943611145,0.8571428656578064,0.31097468733787537,0.8928571343421936
toy_06_drug-candidate,110,9.298908233642578,11.2034375,32000,7279,28474,3526,0.44749596122778673,0.3048395027042214,0.6132471728594506,0.5731099038936193,0.9992361452553207,0.2555178822560479,0.5898587442973107,0.40484913537521516,toy_06_drug-candidate_110,182.4756317138672,0.2614485025405884,0.8571428656578064,0.26016488671302795,0.8571428656578064,0.24906258285045624,0.8928571343421936
toy_06_drug-candidate,111,9.295804977416992,11.2146875,6400,2708,5674,726,0.4679238632358125,0.3154740923510751,0.6275467042650688,0.5477119762490271,0.9990923510750793,0.25665570273523686,0.5861027541805502,0.41333110754743796,toy_06_drug-candidate_111,188.0752716064453,0.18716949224472046,0.9285714030265808,0.3358379304409027,0.8571428656578064,0.312890887260437,0.8928571343421936
toy_06_drug-candidate,112,9.254398345947266,11.39875,6400,2745,5673,727,0.4718843645337564,0.33950290851401377,0.6303190551736294,0.597380047633897,0.9990569363652387,0.2541427195766086,0.5892605702688583,0.4208475998086257,toy_06_drug-candidate_112,189.09263610839844,0.3299522399902344,0.8928571343421936,0.44945743680000305,0.75,0.3303784728050232,0.8571428656578064
toy_06_drug-candidate,113,9.221478462219238,11.53046875,6400,2814,5695,705,0.49727831431079894,0.3652326602282704,0.6480948200175592,0.5624983142190262,0.9990517998244074,0.2562920285025787,0.5879207855420103,0.4329737250611601,toy_06_drug-candidate_113,198.75167846679688,0.31461670994758606,0.8571428656578064,0.32866135239601135,0.7857142686843872,0.23387037217617035,0.8928571343421936
toy_06_drug-candidate,114,9.199430465698242,11.5903125,6400,2812,5674,726,0.5100458230525202,0.38262248854423686,0.6570320761367642,0.5034003698286355,0.9992245329573494,0.25907043062864404,0.591130406005564,0.4419509384668553,toy_06_drug-candidate_114,192.65896606445312,0.1575680524110794,0.9285714030265808,0.2444263994693756,0.9285714030265808,0.1670786291360855,0.9285714030265808
toy_06_drug-candidate,115,9.214805603027344,11.5409375,6400,2801,5684,716,0.5068613652357494,0.38687543983110484,0.6548029556650246,0.552399095669513,0.999375439831105,0.26102789729379294,0.5842809761955347,0.44659402400934706,toy_06_drug-candidate_115,180.8072052001953,0.2656436860561371,0.8571428656578064,0.2609803080558777,0.8214285969734192,0.29225632548332214,0.8928571343421936
toy_06_drug-candidate,116,9.188223838806152,11.604375,6400,2780,5698,702,0.5108810108810109,0.3917163917163917,0.6576167076167077,0.5543604763178925,0.9988416988416988,0.2640519039830756,0.5845869251866421,0.4532757416263223,toy_06_drug-candidate_116,178.42434692382812,0.34241995215415955,0.8571428656578064,0.27673736214637756,0.8571428656578064,0.37674978375434875,0.75
toy_06_drug-candidate,117,9.212839126586914,11.51890625,6400,2768,5681,719,0.5081851786657279,0.382855131138884,0.6557296250660095,0.5348563067665254,0.9992342897377222,0.26262426285440466,0.5813083122524071,0.46012380843380574,toy_06_drug-candidate_117,187.77960205078125,0.24170070886611938,0.9285714030265808,0.20252126455307007,0.8928571343421936,0.20735777914524078,0.9285714030265808
toy_06_drug-candidate,118,9.192804336547852,11.59765625,6400,2725,5766,634,0.5065903572667361,0.3870967741935484,0.6546132500867151,0.50232686987984,0.9991068331599029,0.26272804271888545,0.5754729836077324,0.45817168063606883,toy_06_drug-candidate_118,219.08236694335938,0.3658418655395508,0.8214285969734192,0.18246358633041382,0.9642857313156128,0.21961061656475067,0.8928571343421936
toy_06_drug-candidate,119,9.210175514221191,11.50796875,6400,2680,5786,614,0.49982716902868995,0.3790183200829589,0.6498790183200829,0.5664441206408042,0.9992136190805392,0.26128031403030233,0.5697799771365789,0.45795190114488504,toy_06_drug-candidate_119,169.06570434570312,0.19567576050758362,0.9642857313156128,0.33342283964157104,0.8571428656578064,0.3113069236278534,0.8214285969734192
toy_06_drug-candidate,120,9.215346336364746,11.47859375,32000,7009,28892,3108,0.47244912086390695,0.3597535650006922,0.6307143846047348,0.5268001690959276,0.9990204901010661,0.2619669977802617,0.5694200094614695,0.45928620817215,toy_06_drug-candidate_120,187.98045349121094,0.2194318026304245,0.8571428656578064,0.2171069234609604,0.9285714030265808,0.2626607120037079,0.8928571343421936
toy_06_drug-candidate,121,9.224786758422852,11.39671875,6400,2586,5798,602,0.4622283546050362,0.3487409451535012,0.6235598482235253,0.5667157702232936,0.9992066229734391,0.2590399180352621,0.5758528322537118,0.4560581536559306,toy_06_drug-candidate_121,189.1616973876953,0.2773973047733307,0.8214285969734192,0.22078321874141693,0.8571428656578064,0.22826465964317322,0.8928571343421936
toy_06_drug-candidate,122,9.240375518798828,11.27765625,6400,2525,5802,598,0.44570837642192346,0.327817993795243,0.6119958634953464,0.5048544102190391,0.9989917269906928,0.25662882581504004,0.5716646984224442,0.4535273212730346,toy_06_drug-candidate_122,198.48416137695312,0.46481001377105713,0.7857142686843872,0.23881462216377258,0.9285714030265808,0.17355377972126007,0.9285714030265808
toy_06_drug-candidate,123,9.261933326721191,11.20296875,6400,2504,5786,614,0.4123746975458002,0.29726927065330105,0.58866228828206,0.4806341928674342,0.9988938817836155,0.25493522755271114,0.5743863221347711,0.44066324808142654,toy_06_drug-candidate_123,194.96823120117188,0.37058064341545105,0.7857142686843872,0.33405354619026184,0.8214285969734192,0.2891656458377838,0.8571428656578064
toy_06_drug-candidate,124,9.275995254516602,11.119375,6400,2416,5814,586,0.3928448572411421,0.2762297901616787,0.5749914000687993,0.6257399155351413,0.9989250085999312,0.2543664573587655,0.5751087210839498,0.43627191753130895,toy_06_drug-candidate_124,190.39491271972656,0.29375651478767395,0.8928571343421936,0.2896467447280884,0.8214285969734192,0.4296644926071167,0.7142857313156128
toy_06_drug-candidate,125,9.280710220336914,11.12640625,6400,2344,5838,562,0.37855429941760876,0.2581363480644056,0.5649880095923261,0.6291492063003777,0.9988266529633435,0.25188115655464877,0.5773566281785191,0.4366310909960598,toy_06_drug-candidate_125,185.60667419433594,0.3293268084526062,0.8571428656578064,0.29623711109161377,0.8571428656578064,0.3424879014492035,0.7857142686843872
toy_06_drug-candidate,126,9.292479515075684,11.06703125,6400,2359,5798,602,0.3580545015522594,0.24991376336667817,0.5506381510865815,0.5139067263105344,0.998922042083477,0.2490364048347815,0.5819668045214679,0.4293378692266304,toy_06_drug-candidate_126,188.3433380126953,0.16153915226459503,0.9642857313156128,0.2899373471736908,0.8571428656578064,0.18611009418964386,0.9285714030265808
toy_06_drug-candidate,127,9.294622421264648,11.00546875,6400,2301,5798,602,0.340979648154536,0.22956191790272507,0.5386857537081751,0.5511080751459483,0.998680579510176,0.24792855822798188,0.583823387119598,0.43193207128840183,toy_06_drug-candidate_127,195.86456298828125,0.30468714237213135,0.8214285969734192,0.2201879620552063,0.9285714030265808,0.23169931769371033,0.8928571343421936
toy_06_drug-candidate,128,9.32034969329834,10.9725,6400,2294,5781,619,0.33039266562878394,0.21795537104307214,0.5312748659401488,0.5642548262789095,0.9988150838955199,0.24741671204947974,0.580986094951459,0.42157774809198434,toy_06_drug-candidate_128,173.95968627929688,0.35447612404823303,0.7857142686843872,0.2748495042324066,0.9285714030265808,0.3118304908275604,0.8214285969734192
toy_06_drug-candidate,129,9.322461128234863,10.90859375,6400,2245,5842,558,0.3402944197192742,0.22560766860664155,0.5382060938034919,0.6485042257627117,0.9986733995207121,0.2440768759850926,0.5864907160322014,0.4185513780318915,toy_06_drug-candidate_129,171.42112731933594,0.3956051170825958,0.8214285969734192,0.2339475452899933,0.8928571343421936,0.658513605594635,0.6071428656578064
toy_06_drug-candidate,130,9.320812225341797,10.8740625,32000,5882,29132,2868,0.3327955512838116,0.2175271179459014,0.5329568858986681,0.5134008834805021,0.9988243169023754,0.2454178999818582,0.5885737379535508,0.41733788643534886,toy_06_drug-candidate_130,164.38784790039062,0.2941932678222656,0.9285714030265808,0.4435747265815735,0.75,0.318223237991333,0.8571428656578064
toy_06_drug-candidate,131,9.327895164489746,10.8125,6400,2208,5799,601,0.32660803586825315,0.21038110018968786,0.5286256251077771,0.5877074342030021,0.9987756509743059,0.24679006986960664,0.5854343400650355,0.4153837825710938,toy_06_drug-candidate_131,182.70120239257812,0.38184067606925964,0.8214285969734192,0.2316076159477234,0.9642857313156128,0.2221115231513977,0.9642857313156128
toy_06_drug-candidate,132,9.346833229064941,10.62171875,6400,2091,5855,545,0.30930828351836037,0.1909479077711358,0.5165157984628522,0.6131375222851217,0.9987873612297182,0.2464652589437658,0.593209477643704,0.41516045743830116,toy_06_drug-candidate_132,171.5066680908203,0.15879873931407928,0.9285714030265808,0.23216654360294342,0.9285714030265808,0.3004465699195862,0.8928571343421936
toy_06_drug-candidate,133,9.362430572509766,10.5684375,6400,2116,5866,534,0.3167405386975793,0.20030685305148313,0.5217183770883054,0.6570314901893582,0.9986276849642004,0.24525283169448467,0.593707361397822,0.41029939316743214,toy_06_drug-candidate_133,171.4102325439453,0.4118182957172394,0.8214285969734192,0.28072959184646606,0.8214285969734192,0.3698330521583557,0.8214285969734192
toy_06_drug-candidate,134,9.358901023864746,10.51609375,6400,2052,5897,503,0.31609292860776667,0.1948448363574699,0.5212650500254365,0.6544147250998612,0.9984398846871291,0.24664797492000606,0.5991304872936126,0.40618194615882636,toy_06_drug-candidate_134,190.95523071289062,0.22578836977481842,0.9285714030265808,0.3812476694583893,0.7857142686843872,0.3623310923576355,0.8214285969734192
toy_06_drug-candidate,135,9.387560844421387,10.4028125,6400,2048,5893,507,0.3156287120312235,0.19311047004921092,0.5209400984218564,0.6250979868725456,0.9992194128627184,0.2459051835389383,0.6115759783319079,0.40054777565923405,toy_06_drug-candidate_135,166.9832763671875,0.27624788880348206,0.8928571343421936,0.2999621331691742,0.8571428656578064,0.15351355075836182,0.8928571343421936
toy_06_drug-candidate,136,9.39989948272705,10.40640625,6400,2032,5895,505,0.31857506361323157,0.19270568278201866,0.5230025445292621,0.6103869564282984,0.9988973706530958,0.24861692830098336,0.6064616422121818,0.3971209756933458,toy_06_drug-candidate_136,175.356201171875,0.2869150638580322,0.8571428656578064,0.22001001238822937,0.9285714030265808,0.20787058770656586,0.9642857313156128
toy_06_drug-candidate,137,9.408777236938477,10.33390625,6400,2027,5925,475,0.3279324894514768,0.2021940928270042,0.5295527426160337,0.6462561722153902,0.9991729957805908,0.2491288698655718,0.6168135851889122,0.39538744064172404,toy_06_drug-candidate_137,162.59512329101562,0.45519497990608215,0.8214285969734192,0.3569595515727997,0.7857142686843872,0.3015958070755005,0.8571428656578064
toy_06_drug-candidate,138,9.398153305053711,10.38171875,6400,2053,5882,518,0.3340700442026522,0.2028221693301598,0.5338490309418564,0.6580486509740694,0.9991924515470928,0.2523978626167617,0.6127355610470471,0.39794017377420116,toy_06_drug-candidate_138,167.38031005859375,0.07443506270647049,1.0,0.32751691341400146,0.8571428656578064,0.16039590537548065,0.9642857313156128
toy_06_drug-candidate,139,9.409064292907715,10.29125,6400,2044,5918,482,0.3403176748901656,0.20784048665089558,0.5382223724231158,0.6713859075148065,0.9991720175735046,0.2530250832748609,0.619549547025499,0.3968792709930865,toy_06_drug-candidate_139,174.88363647460938,0.25685495138168335,0.8571428656578064,0.23405233025550842,0.8571428656578064,0.3001387417316437,0.8928571343421936
toy_06_drug-candidate,140,9.392583847045898,10.40753125,32000,5416,29758,2242,0.3479736541434236,0.2147657772699778,0.5435815579003965,0.6599849325481506,0.9991699711002084,0.25431878828570154,0.620443895209102,0.40209866141401596,toy_06_drug-candidate_140,182.20384216308594,0.1802499145269394,0.9285714030265808,0.2669365704059601,0.8214285969734192,0.23169544339179993,0.8214285969734192
toy_06_drug-candidate,141,9.3915376663208,10.39875,6400,2131,5963,437,0.36793560288445415,0.23310414221029682,0.5575549220191178,0.694549948584542,0.9991111856448096,0.25573504084070336,0.620373630378767,0.4029226149291108,toy_06_drug-candidate_141,184.56982421875,0.30125656723976135,0.8571428656578064,0.254983514547348,0.9285714030265808,0.30095019936561584,0.8571428656578064
toy_06_drug-candidate,142,9.379800796508789,10.47640625,6400,2217,5952,448,0.3761760752688172,0.23571908602150538,0.563323252688172,0.6569481368382777,0.999277553763441,0.2554166747291233,0.6273118877516257,0.4048488667679311,toy_06_drug-candidate_142,184.06350708007812,0.3951951265335083,0.75,0.2022905796766281,0.8928571343421936,0.21368005871772766,0.8928571343421936
toy_06_drug-candidate,143,9.366954803466797,10.54875,6400,2210,5945,455,0.383515559293524,0.23549201009251472,0.5684608915054667,0.661361251412782,0.9991084945332214,0.2552446870069702,0.6288188935264746,0.4006812978052641,toy_06_drug-candidate_143,180.0436248779297,0.2811722159385681,0.8214285969734192,0.23091243207454681,0.8214285969734192,0.2703085243701935,0.9285714030265808
toy_06_drug-candidate,144,9.34713363647461,10.66390625,6400,2325,5888,512,0.3921535326086957,0.24490489130434784,0.5745074728260869,0.6373376396383231,0.9994395380434784,0.254803851061305,0.6305992583020034,0.3991116323515474,toy_06_drug-candidate_144,175.1613006591797,0.21716175973415375,0.9285714030265808,0.5466617941856384,0.7857142686843872,0.1783052384853363,0.9285714030265808
toy_06_drug-candidate,145,9.34602165222168,10.6875,6400,2300,5833,567,0.3809360534887708,0.23127035830618892,0.5666552374421394,0.6576156788575288,0.9991170924052803,0.255156678693921,0.6388766512760554,0.3977924336798583,toy_06_drug-candidate_145,177.63526916503906,0.37064075469970703,0.7142857313156128,0.3638879656791687,0.7857142686843872,0.15450477600097656,0.9285714030265808
toy_06_drug-candidate,146,9.332252502441406,10.87265625,6400,2335,5840,560,0.3863013698630137,0.23835616438356164,0.5704109589041095,0.6677127474739576,0.9994006849315068,0.2529378626764552,0.6440107395415979,0.3799748083034639,toy_06_drug-candidate_146,182.0255126953125,0.3408099412918091,0.8571428656578064,0.3416941463947296,0.8214285969734192,0.27020952105522156,0.8928571343421936
toy_06_drug-candidate,147,9.32921028137207,10.9153125,6400,2344,5850,550,0.38666666666666666,0.2358974358974359,0.5706666666666667,0.6144545393088905,0.9993247863247864,0.25334001993962574,0.6443916615019462,0.3777294064558617,toy_06_drug-candidate_147,179.1524200439453,0.26375389099121094,0.9285714030265808,0.3111870586872101,0.8928571343421936,0.38385093212127686,0.8214285969734192
toy_06_drug-candidate,148,9.323627471923828,10.97703125,6400,2271,5889,511,0.391407709288504,0.228391917133639,0.5739853965019528,0.6520747104525506,0.9994990660553574,0.25249811330990973,0.6451961999093658,0.36869845341234997,toy_06_drug-candidate_148,176.8589630126953,0.33288729190826416,0.75,0.2509700357913971,0.8571428656578064,0.14371688663959503,0.9642857313156128
toy_06_drug-candidate,149,9.324295997619629,11.05890625,6400,2298,5916,484,0.3843813387423935,0.22751859364435428,0.5690669371196754,0.6131847586217393,0.9995267072346181,0.253193759201427,0.6399748372433445,0.3678717079607711,toy_06_drug-candidate_149,173.1221160888672,0.21569249033927917,0.9285714030265808,0.17752774059772491,0.9642857313156128,0.4293181300163269,0.8214285969734192
toy_06_drug-candidate,150,9.329917907714844,11.04284375,32000,6182,29236,2764,0.38798057189766044,0.22123409495142973,0.5715864003283624,0.5724371413782133,0.9995074565604051,0.2528901155623945,0.6405481062178702,0.3610617886696935,toy_06_drug-candidate_150,194.80885314941406,0.194950670003891,0.9642857313156128,0.3293739855289459,0.8214285969734192,0.38141363859176636,0.8571428656578064
toy_06_drug-candidate,151,9.321416854858398,11.18140625,6400,2395,5801,599,0.394069987933115,0.22306498879503533,0.5758489915531805,0.5643866475186284,0.9993449405274953,0.25138274150024326,0.6362891947433154,0.35869861692619437,toy_06_drug-candidate_151,169.52040100097656,0.5809788107872009,0.8571428656578064,0.15095888078212738,0.9642857313156128,0.39318612217903137,0.8214285969734192
toy_06_drug-candidate,152,9.311251640319824,11.23546875,6400,2414,5842,558,0.40482711400205407,0.23450872988702498,0.5833789798014378,0.5977061845287353,0.9993752139678193,0.25307285107017335,0.6317750857284375,0.35779487633507123,toy_06_drug-candidate_152,179.47698974609375,0.27251800894737244,0.8571428656578064,0.23030929267406464,0.9285714030265808,0.20352768898010254,0.9285714030265808
toy_06_drug-candidate,153,9.310735702514648,11.3240625,6400,2439,5733,667,0.3936856793999651,0.22693179836036978,0.5755799755799755,0.552970311817201,0.9996162567591139,0.2506443032661007,0.6278229703730609,0.3548184502775798,toy_06_drug-candidate_153,181.8844451904297,0.24657005071640015,0.8928571343421936,0.3716196119785309,0.75,0.2399379312992096,0.8571428656578064
toy_06_drug-candidate,154,9.303296089172363,11.41265625,6400,2472,5818,582,0.40701271914747333,0.24321072533516672,0.5849089034032313,0.5749973646930938,0.999570299071846,0.24608126286125837,0.6126739992906364,0.3469371885454088,toy_06_drug-candidate_154,186.34912109375,0.2973368763923645,0.8214285969734192,0.33190664649009705,0.8571428656578064,0.3534013330936432,0.8214285969734192
toy_06_drug-candidate,155,9.318016052246094,11.33421875,6400,2415,5845,555,0.42053036783575704,0.2504704875962361,0.59437125748503,0.5955823238049373,0.9992899914456801,0.2493060909408954,0.6190216760926283,0.354003635546619,toy_06_drug-candidate_155,179.4261016845703,0.27571016550064087,0.8928571343421936,0.8217072486877441,0.75,0.4916503131389618,0.75
toy_06_drug-candidate,156,9.311991691589355,11.3334375,6400,2396,5860,540,0.4061433447098976,0.24112627986348123,0.5843003412969282,0.484860651583011,0.9995648464163822,0.24855544392904338,0.6176199004323166,0.3480859521100774,toy_06_drug-candidate_156,190.11044311523438,0.3492372930049896,0.7857142686843872,0.30374854803085327,0.8928571343421936,0.2136647254228592,0.8928571343421936
toy_06_drug-candidate,157,9.319745063781738,11.3065625,6400,2375,5901,499,0.4033214709371293,0.23487544483985764,0.5823250296559904,0.5716997595207398,0.9993645144890696,0.24762032396508657,0.6188574980456569,0.3449101909169372,toy_06_drug-candidate_157,181.6624298095703,0.4101065397262573,0.7857142686843872,0.23986709117889404,0.8571428656578064,0.2022879421710968,0.9285714030265808
toy_06_drug-candidate,158,9.311755180358887,11.3721875,6400,2418,5903,497,0.4062341182449602,0.2368287311536507,0.5843638827714721,0.5072245287203239,0.9994070811451804,0.24620568986899333,0.614551566079846,0.3439320437506183,toy_06_drug-candidate_158,177.51034545898438,0.222416952252388,0.8928571343421936,0.34722909331321716,0.8214285969734192,0.3734651207923889,0.8214285969734192
toy_06_drug-candidate,159,9.350140571594238,11.176875,6400,2290,5876,524,0.3922736555479918,0.21732471068754255,0.5745915588835943,0.5776965164415383,0.999353301565691,0.2461490577163145,0.6072512853059137,0.34393608610839527,toy_06_drug-candidate_159,182.35577392578125,0.22152207791805267,0.8928571343421936,0.27225035429000854,0.8214285969734192,0.3218882381916046,0.8571428656578064
toy_06_drug-candidate,160,9.34427547454834,11.1710625,32000,5777,29395,2605,0.3777513182514033,0.20847082837217215,0.5644259227759822,0.4964473935677522,0.9993162102398366,0.24525298848953275,0.6063998290635262,0.34441836460892267,toy_06_drug-candidate_160,183.93756103515625,0.3774614930152893,0.75,0.23305469751358032,0.9285714030265808,0.32968753576278687,0.8214285969734192
toy_06_drug-candidate,161,9.370559692382812,11.02203125,6400,2119,5950,450,0.3581512605042017,0.18789915966386556,0.5507058823529412,0.48796900037535695,0.999252100840336,0.24626029626964002,0.6072047197543915,0.34191590047229153,toy_06_drug-candidate_161,165.9055938720703,0.23427307605743408,0.8571428656578064,0.3918624818325043,0.8214285969734192,0.21670861542224884,0.9285714030265808
toy_06_drug-candidate,162,9.376797676086426,10.9884375,6400,2159,5862,538,0.35636301603548276,0.17775503241214602,0.5494541112248379,0.5061778543572442,0.9992067553735927,0.2468329076103175,0.6017143654153354,0.3402001439202431,toy_06_drug-candidate_162,192.6745147705078,0.1803780347108841,0.8928571343421936,0.25458160042762756,0.9285714030265808,0.3212459981441498,0.8571428656578064
toy_06_drug-candidate,163,9.408356666564941,10.828125,6400,2082,5878,522,0.3525008506294658,0.1762504253147329,0.546750595440626,0.5013961733139128,0.9992344334807758,0.24417755150227002,0.6034863816663543,0.3319334360572063,toy_06_drug-candidate_163,175.8880615234375,0.2578791081905365,0.8571428656578064,0.2369684875011444,0.9642857313156128,0.24243991076946259,0.9285714030265808
toy_06_drug-candidate,164,9.417447090148926,10.75296875,6400,1982,5887,513,0.3395617462204858,0.16307117377271954,0.53769322235434,0.5900034170875473,0.9995243757431629,0.24227977383134597,0.6027073040076057,0.33090080957359974,toy_06_drug-candidate_164,168.74810791015625,0.28045138716697693,0.8928571343421936,0.14569266140460968,0.9642857313156128,0.25929516553878784,0.9285714030265808
toy_06_drug-candidate,165,9.423937797546387,10.6965625,6400,2014,5886,514,0.34794427454977916,0.17516139993204213,0.5435609921848453,0.5564878001675385,0.9992354740061162,0.24167465037955393,0.5984822948269091,0.330442330853267,toy_06_drug-candidate_165,175.19012451171875,0.3971751928329468,0.75,0.19869165122509003,0.9285714030265808,0.24722443521022797,0.8571428656578064
toy_06_drug-candidate,166,9.424644470214844,10.63,6400,1970,5855,545,0.3514944491887276,0.17250213492741248,0.5460461144321093,0.4957612450934796,0.9993766011955593,0.24570380238886885,0.5998589595513458,0.3374174063592899,toy_06_drug-candidate_166,158.574462890625,0.3525052070617676,0.7857142686843872,0.2697405517101288,0.8214285969734192,0.1801285594701767,0.9642857313156128
toy_06_drug-candidate,167,9.428823471069336,10.53484375,6400,1970,5887,513,0.3444878545948701,0.17275352471547478,0.5411414982164089,0.5227683686674949,0.9995073891625617,0.24415075860047153,0.6001197823925696,0.34433330393755135,toy_06_drug-candidate_167,170.18267822265625,0.3177701532840729,0.8571428656578064,0.3191494941711426,0.8571428656578064,0.333845853805542,0.8571428656578064
toy_06_drug-candidate,168,9.428016662597656,10.54984375,6400,1992,5869,531,0.343499744419833,0.1753279945476231,0.5404498210938831,0.5529295162149495,0.9987220991651048,0.24383261233435524,0.6039701693404287,0.34288968195873326,toy_06_drug-candidate_168,165.7747802734375,0.2534538507461548,0.8571428656578064,0.25811630487442017,0.8571428656578064,0.2669825553894043,0.8571428656578064
toy_06_drug-candidate,169,9.42982292175293,10.44421875,6400,1946,5877,523,0.34830695933299305,0.17321762804151777,0.543814871533095,0.5818176970674749,0.9994640122511486,0.24430767988168361,0.6112255057280488,0.34377433521045614,toy_06_drug-candidate_169,169.81661987304688,0.32936567068099976,0.7857142686843872,0.4034963548183441,0.8214285969734192,0.20426639914512634,0.8571428656578064
toy_06_drug-candidate,170,9.43636417388916,10.3688125,32000,4829,29486,2514,0.34304415654887066,0.1724208098758733,0.5401309095842094,0.5122584982641846,0.9992233602387575,0.2451388321541766,0.6026315358475736,0.35310487494896414,toy_06_drug-candidate_170,174.79010009765625,0.32861006259918213,0.8571428656578064,0.32967761158943176,0.8571428656578064,0.27172017097473145,0.8571428656578064
toy_06_drug-candidate,171,9.43776798248291,10.28625,6400,1960,5881,519,0.33735759224621664,0.16595817037918723,0.5361503145723515,0.6059843273784934,0.9993453494303689,0.24456149780645117,0.6058766898277088,0.3618827291447637,toy_06_drug-candidate_171,167.6601104736328,0.29033568501472473,0.8928571343421936,0.225735604763031,0.8928571343421936,0.23226186633110046,0.8571428656578064
toy_06_drug-candidate,172,9.42729663848877,10.21765625,6400,1986,5838,562,0.3501199040767386,0.18465227817745802,0.545083932853717,0.5997680513421855,0.9992977046933881,0.24750434368127736,0.6083705672146337,0.3639667570120431,toy_06_drug-candidate_172,174.59779357910156,0.532395601272583,0.7142857313156128,0.47215062379837036,0.7142857313156128,0.2383071929216385,0.8571428656578064
toy_06_drug-candidate,173,9.434028625488281,10.13296875,6400,1987,5814,586,0.3520811833505332,0.18249054007567939,0.5464568283453731,0.6417942981643274,0.9989852081183351,0.250046606054974,0.6068200437011478,0.37615113187524607,toy_06_drug-candidate_173,169.48016357421875,0.2682129740715027,0.8928571343421936,0.09857558459043503,1.0,0.176158607006073,0.8928571343421936
toy_06_drug-candidate,174,9.42733097076416,10.076875,6400,2017,5780,620,0.35363321799307956,0.18892733564013842,0.5475432525951557,0.5856100883363567,0.999143598615917,0.2522683004988672,0.6084520350120306,0.38573043642174565,toy_06_drug-candidate_174,156.8507080078125,0.4250684976577759,0.8571428656578064,0.3047228753566742,0.8928571343421936,0.2649711072444916,0.8571428656578064
toy_06_drug-candidate,175,9.454549789428711,9.9359375,6400,1988,5897,503,0.35882652196031883,0.19009665931829745,0.5511785653722231,0.6407095789045137,0.9992708156689843,0.2524141671535854,0.6081218728905103,0.3954787256508464,toy_06_drug-candidate_175,167.2484130859375,0.536046028137207,0.8214285969734192,0.2289263904094696,0.8928571343421936,0.3754235804080963,0.7857142686843872
toy_06_drug-candidate,176,9.455794334411621,9.8990625,6400,1990,5922,478,0.3579871664978048,0.2016210739614995,0.5505910165484633,0.6244892124217647,0.9995187436676798,0.25634802234663273,0.6053569686290549,0.4005934293086504,toy_06_drug-candidate_176,180.19305419921875,0.2580502927303314,0.8571428656578064,0.1910816729068756,0.9285714030265808,0.35540980100631714,0.7857142686843872
toy_06_drug-candidate,177,9.460575103759766,9.90015625,6400,1975,5942,458,0.34853584651632447,0.20464490070683272,0.543975092561427,0.6761307100311974,0.9994614607876134,0.25671766741121355,0.6079348970011879,0.3971760630201263,toy_06_drug-candidate_177,174.53524780273438,0.4660172760486603,0.6785714030265808,0.34922417998313904,0.8571428656578064,0.23012098670005798,0.8571428656578064
toy_06_drug-candidate,178,9.465126991271973,9.8940625,6400,1971,5923,477,0.35151105858517645,0.20091170015195003,0.5460577410096235,0.6390107894299449,0.9995694749282458,0.2607082503139096,0.607698623572469,0.4041188824284327,toy_06_drug-candidate_178,159.794677734375,0.16037951409816742,0.8928571343421936,0.3373195230960846,0.75,0.28726476430892944,0.8928571343421936
toy_06_drug-candidate,179,9.45101547241211,9.95484375,6400,2055,5916,484,0.3561528059499662,0.21839080459770116,0.5493069641649763,0.5598995636417965,0.9993745774171738,0.26214883670439176,0.6085377213812595,0.4092607882215271,toy_06_drug-candidate_179,168.93572998046875,0.24821984767913818,0.8214285969734192,0.28181666135787964,0.8928571343421936,0.2342734932899475,0.8928571343421936
toy_06_drug-candidate,180,9.443398475646973,10.0114375,32000,5418,29196,2804,0.35590491848198386,0.22506507740786408,0.5491334429373886,0.6220792321685054,0.9995855596657077,0.26458486615358706,0.6044002153454844,0.4191444718516466,toy_06_drug-candidate_180,160.4095458984375,0.20220142602920532,0.8571428656578064,0.293208509683609,0.8571428656578064,0.2445644587278366,0.8571428656578064
toy_06_drug-candidate,181,9.454383850097656,9.9903125,6400,2152,5820,580,0.36683848797250856,0.2345360824742268,0.5567869415807558,0.6122363874597644,0.999458762886598,0.2672069190824539,0.6042624459348237,0.42592136122090773,toy_06_drug-candidate_181,168.36578369140625,0.21874061226844788,0.8928571343421936,0.19837069511413574,0.8928571343421936,0.5649550557136536,0.7142857313156128
toy_06_drug-candidate,182,9.435684204101562,10.05078125,6400,2176,5795,605,0.36928386540120794,0.24434857635893012,0.5584987057808455,0.6218837145022229,0.9994823123382226,0.2689094046970243,0.5938209410248513,0.432026334952505,toy_06_drug-candidate_182,179.49192810058594,0.32148969173431396,0.8214285969734192,0.3549557626247406,0.8571428656578064,0.4285086393356323,0.7857142686843872
toy_06_drug-candidate,183,9.444650650024414,10.090625,6400,2167,5810,590,0.35903614457831323,0.2452667814113597,0.5513253012048192,0.5038048424335746,0.9994664371772805,0.26933597974206325,0.5962759091719644,0.43138542773567645,toy_06_drug-candidate_183,186.08651733398438,0.5730524063110352,0.6785714030265808,0.6104986667633057,0.7142857313156128,0.35913804173469543,0.7857142686843872
toy_06_drug-candidate,184,9.419676780700684,10.2509375,6400,2261,5743,657,0.37907017238377155,0.25979453247431655,0.56534912066864,0.5799669917955248,0.9995733936966742,0.27065984474445876,0.6013856142965164,0.43012879015543526,toy_06_drug-candidate_184,179.96543884277344,0.5224905610084534,0.8214285969734192,0.17042437195777893,0.8928571343421936,0.385420024394989,0.8571428656578064
toy_06_drug-candidate,185,9.420319557189941,10.2040625,6400,2304,5643,757,0.36062378167641324,0.2578415736310473,0.5524366471734892,0.6377356330073128,0.9995658337763601,0.27184299971503634,0.6044389157549191,0.42625975202642963,toy_06_drug-candidate_185,183.5792694091797,0.28855618834495544,0.8571428656578064,0.2930048704147339,0.8571428656578064,0.2523638904094696,0.8928571343421936
toy_06_drug-candidate,186,9.413993835449219,10.264375,6400,2362,5611,789,0.36713598289075033,0.25842095883086796,0.5569951880235252,0.6095414066237886,0.9995633576902513,0.2721845866582478,0.6061313522616919,0.43333136116272597,toy_06_drug-candidate_186,182.73934936523438,0.29910701513290405,0.8214285969734192,0.19998975098133087,0.9285714030265808,0.2488924264907837,0.8928571343421936
toy_06_drug-candidate,187,9.401532173156738,10.37828125,6400,2413,5641,759,0.37776989895408614,0.27335578798085447,0.5644389292678602,0.6379962153889754,0.9995213614607339,0.27279103437488444,0.6064214423309869,0.42559651229778267,toy_06_drug-candidate_187,171.2365264892578,0.20092836022377014,0.8928571343421936,0.2960491478443146,0.9285714030265808,0.37391138076782227,0.8571428656578064
toy_06_drug-candidate,188,9.396468162536621,10.42921875,6400,2349,5748,652,0.38987473903966596,0.2837508698677801,0.572912317327766,0.5353187121424567,0.99964335421016,0.27302438066806456,0.6039536618154713,0.431334385933591,toy_06_drug-candidate_188,163.74417114257812,0.23883475363254547,0.9285714030265808,0.27024272084236145,0.8571428656578064,0.41090908646583557,0.75
toy_06_drug-candidate,189,9.392441749572754,10.44171875,6400,2314,5784,616,0.38053250345781464,0.269536652835408,0.5663727524204702,0.5088940627526295,0.9993430152143845,0.2737042087175258,0.5993129262003445,0.4373513714222301,toy_06_drug-candidate_189,180.6533203125,0.3210538625717163,0.9285714030265808,0.26173362135887146,0.8928571343421936,0.31509822607040405,0.8214285969734192
toy_06_drug-candidate,190,9.380599021911621,10.516125,32000,6109,28967,3033,0.3918942244623192,0.29050298615666104,0.5743259571236234,0.5697079422443591,0.9995684744709497,0.27391153058708717,0.5969833765695571,0.44157788679876064,toy_06_drug-candidate_190,189.3361358642578,0.27142876386642456,0.9285714030265808,0.2620672583580017,0.8928571343421936,0.4479755163192749,0.7857142686843872
toy_06_drug-candidate,191,9.35971450805664,10.6078125,6400,2364,5703,697,0.3989128528844468,0.3014203051025776,0.5792389970191126,0.5891134019707113,0.9995090303349116,0.27296311802156387,0.5942138904634321,0.44362235370754294,toy_06_drug-candidate_191,188.86642456054688,0.36367782950401306,0.8214285969734192,0.31235355138778687,0.8928571343421936,0.16344572603702545,0.9285714030265808
toy_06_drug-candidate,192,9.35739803314209,10.67515625,6400,2373,5690,710,0.3868189806678383,0.29261862917398945,0.5707732864674868,0.4862110039766694,0.9993145869947276,0.2724879293269262,0.5953298989338321,0.4397795227703184,toy_06_drug-candidate_192,195.94546508789062,0.16175031661987305,0.9642857313156128,0.23480886220932007,0.9642857313156128,0.3063472509384155,0.8214285969734192
toy_06_drug-candidate,193,9.366580963134766,10.624375,6400,2368,5622,778,0.3795802205620776,0.2854855923159018,0.5657061543934542,0.5476697602003958,0.9996086801849876,0.27168365881264755,0.589646490584837,0.43821191228198697,toy_06_drug-candidate_193,193.4939727783203,0.26611220836639404,0.8928571343421936,0.2434270679950714,0.8571428656578064,0.2672952115535736,0.8214285969734192
toy_06_drug-candidate,194,9.353912353515625,10.66328125,6400,2381,5624,776,0.3881578947368421,0.2892958748221906,0.5717105263157894,0.6441082044558942,0.9996088193456615,0.27082883973765653,0.5876127582122573,0.44490222573530164,toy_06_drug-candidate_194,188.05776977539062,0.2658349573612213,0.8928571343421936,0.4444892406463623,0.7857142686843872,0.295332133769989,0.8928571343421936
toy_06_drug-candidate,195,9.356159210205078,10.70703125,6400,2394,5686,714,0.3837495603236018,0.2859655293703834,0.5686246922265212,0.506300904090514,0.9994899753781218,0.2711598478313342,0.5903857484897481,0.43887852453812226,toy_06_drug-candidate_195,186.20437622070312,0.28622275590896606,0.8928571343421936,0.2417910099029541,0.8928571343421936,0.41863569617271423,0.7857142686843872
toy_06_drug-candidate,196,9.384215354919434,10.63953125,6400,2335,5778,622,0.37348563516787814,0.27587400484596747,0.5614399446175147,0.482097197268275,0.9995413637937003,0.27217143478365696,0.5907425350488265,0.4376938063979365,toy_06_drug-candidate_196,190.457763671875,0.42998647689819336,0.7857142686843872,0.2805894613265991,0.8928571343421936,0.21329504251480103,0.9285714030265808
toy_06_drug-candidate,197,9.381991386413574,10.68078125,6400,2398,5780,620,0.3941176470588235,0.2916955017301038,0.5758823529411764,0.5560514243287652,0.9994550173010381,0.2723167387130233,0.5891667972053509,0.43959328840372636,toy_06_drug-candidate_197,187.499267578125,0.2762291133403778,0.8928571343421936,0.2661598324775696,0.8571428656578064,0.47000938653945923,0.7142857313156128
toy_06_drug-candidate,198,9.376781463623047,10.72578125,6400,2319,5869,531,0.373317430567388,0.2693814959959107,0.5613222013971715,0.5628703108033538,0.9995995910717328,0.27188193261312793,0.5923395474945072,0.43966755167269506,toy_06_drug-candidate_198,179.9587860107422,0.32443171739578247,0.7857142686843872,0.2452148199081421,0.8571428656578064,0.26413238048553467,0.8571428656578064
toy_06_drug-candidate,199,9.367500305175781,10.7303125,6400,2325,5859,541,0.3789042498719918,0.27991124765318315,0.5652329749103943,0.5331779243804395,0.9994196961938898,0.2679303357973685,0.595580656666694,0.4411514475934789,toy_06_drug-candidate_199,194.39947509765625,0.23668664693832397,0.8928571343421936,0.36228352785110474,0.8571428656578064,0.3287593126296997,0.8571428656578064
toy_06_drug-candidate,200,9.358243942260742,10.76790625,32000,6044,29284,2716,0.38795929517825434,0.28711924600464417,0.571571506624778,0.5345059796210512,0.9995629012429995,0.26855842444767103,0.5950926569707181,0.4443638729495878,toy_06_drug-candidate_200,191.89492797851562,0.19987712800502777,0.9285714030265808,0.3548012971878052,0.8214285969734192,0.37482184171676636,0.8214285969734192
toy_06_drug-candidate,201,9.359395980834961,10.7609375,6400,2365,5884,516,0.3956492182188987,0.29554724677090416,0.5769544527532291,0.6081622239665223,0.9994051665533651,0.2662190292428999,0.5971699082627627,0.44640554273149474,toy_06_drug-candidate_201,185.30093383789062,0.30185791850090027,0.8928571343421936,0.1939408779144287,0.8928571343421936,0.17299330234527588,0.9642857313156128
toy_06_drug-candidate,202,9.349236488342285,10.81171875,6400,2299,5896,504,0.3777137042062415,0.28426051560379917,0.564399592944369,0.5307752498379362,0.9994657394843961,0.2655535274106065,0.5946173376422492,0.44385184690607665,toy_06_drug-candidate_202,182.55999755859375,0.26368004083633423,0.8214285969734192,0.24010038375854492,0.8571428656578064,0.2009328156709671,0.9642857313156128
toy_06_drug-candidate,203,9.329904556274414,10.843125,6400,2288,5870,530,0.3826235093696763,0.2863713798977853,0.5678364565587734,0.615284915260121,0.999412265758092,0.26610358724568905,0.5989799413261332,0.4460656703023925,toy_06_drug-candidate_203,204.62538146972656,0.19998584687709808,0.8928571343421936,0.28318366408348083,0.8571428656578064,0.3314990997314453,0.8214285969734192
toy_06_drug-candidate,204,9.336307525634766,10.82734375,6400,2343,5901,499,0.40772750381291306,0.2997796983562108,0.5854092526690391,0.5085812181213276,0.9992458905270294,0.2632717377445413,0.5957836354531344,0.4442096740383044,toy_06_drug-candidate_204,180.63668823242188,0.1803223341703415,0.9285714030265808,0.3937317728996277,0.8214285969734192,0.3326725959777832,0.8571428656578064
toy_06_drug-candidate,205,9.350937843322754,10.78265625,6400,2277,5892,508,0.3985064494229464,0.29175152749490835,0.5789545145960624,0.5640191647123967,0.9994823489477258,0.26171478343550236,0.5982186600171282,0.44283907880083495,toy_06_drug-candidate_205,197.3778839111328,0.22945722937583923,0.9285714030265808,0.22670085728168488,0.8571428656578064,0.2649829387664795,0.8214285969734192
toy_06_drug-candidate,206,9.338778495788574,10.79859375,6400,2271,5863,537,0.3968957871396896,0.2950707828756609,0.5778270509977825,0.5963186282817011,0.999309227358008,0.26022591301686127,0.5965073488267038,0.4411111421448679,toy_06_drug-candidate_206,179.57113647460938,0.42667266726493835,0.8214285969734192,0.1379270851612091,0.9642857313156128,0.21908819675445557,0.9285714030265808
toy_06_drug-candidate,207,9.337010383605957,10.8075,6400,2280,5868,532,0.39843217450579416,0.28408316291751873,0.5789025221540558,0.5194397354083217,0.9992842535787322,0.2583944140824231,0.5925198814119357,0.4368514466389894,toy_06_drug-candidate_207,175.31605529785156,0.3497714400291443,0.75,0.2934539020061493,0.8214285969734192,0.25310707092285156,0.8928571343421936
toy_06_drug-candidate,208,9.33173656463623,10.86578125,6400,2268,5813,587,0.3934285222776535,0.2840185790469637,0.5753999655943574,0.5882916684636743,0.9992860829175986,0.2560549751190114,0.5904446138734403,0.436576731139656,toy_06_drug-candidate_208,186.80569458007812,0.17377085983753204,0.9642857313156128,0.3181481659412384,0.8571428656578064,0.24458903074264526,0.9285714030265808
toy_06_drug-candidate,209,9.3629789352417,10.7375,6400,2144,5898,502,0.3731773482536453,0.2555103424889793,0.5612241437775516,0.5556775828644631,0.99941505595117,0.25423869719775705,0.5927477866946402,0.42552572731198707,toy_06_drug-candidate_209,194.60662841796875,0.3182097375392914,0.7857142686843872,0.44844797253608704,0.75,0.2652554512023926,0.8928571343421936
toy_06_drug-candidate,210,9.363760948181152,10.68909375,32000,5615,29387,2613,0.36995950590397114,0.2518460543777861,0.5589716541327797,0.6629044701086987,0.9992615782488855,0.25271107210866356,0.5913878503251347,0.4229443636036273,toy_06_drug-candidate_210,187.46826171875,0.19360126554965973,0.9285714030265808,0.37476012110710144,0.8214285969734192,0.3484552204608917,0.7857142686843872
toy_06_drug-candidate,211,9.348426818847656,10.7225,6400,2167,5862,538,0.3681337427499147,0.2553735926305015,0.5576936199249403,0.5659978691617318,0.9990873422040258,0.25176696471536975,0.5934940881387442,0.419506886243996,toy_06_drug-candidate_211,179.8702392578125,0.2908032238483429,0.8928571343421936,0.4741176664829254,0.75,0.28093409538269043,0.8571428656578064
toy_06_drug-candidate,212,9.362268447875977,10.71390625,6400,2178,5904,496,0.35941734417344173,0.24745934959349594,0.5515921409214091,0.5931934770544357,0.9992886178861787,0.25161390396110495,0.5919900153576653,0.4164541106927894,toy_06_drug-candidate_212,181.79824829101562,0.35611191391944885,0.8214285969734192,0.33709511160850525,0.8571428656578064,0.31831178069114685,0.8928571343421936
toy_06_drug-candidate,213,9.349324226379395,10.765,6400,2138,5933,467,0.3574919939322434,0.25012641159615706,0.5502443957525702,0.5543319974863473,0.9992668127422888,0.24978636907894414,0.5888158299273096,0.4189313035218806,toy_06_drug-candidate_213,183.15745544433594,0.1883179247379303,0.8928571343421936,0.3954053521156311,0.7857142686843872,0.21552321314811707,0.8928571343421936
toy_06_drug-candidate,214,9.351556777954102,10.77671875,6400,2154,5903,497,0.3520243943757411,0.2373369473149246,0.5464170760630187,0.6567021699742268,0.9994833135693715,0.25091768597756064,0.5899403612064703,0.4096625032480904,toy_06_drug-candidate_214,173.3946533203125,0.13397276401519775,0.9642857313156128,0.19464237987995148,0.9285714030265808,0.14417941868305206,1.0
toy_06_drug-candidate,215,9.345478057861328,10.76125,6400,2119,5902,498,0.341240257539817,0.23263300576075907,0.5388681802778719,0.609798365866241,0.9992375465943748,0.2521805862854866,0.5922364350194462,0.41445692101272896,toy_06_drug-candidate_215,173.67459106445312,0.41171374917030334,0.75,0.2405686229467392,0.8928571343421936,0.1678004115819931,0.9285714030265808
toy_06_drug-candidate,216,9.344749450683594,10.74046875,6400,2135,5884,516,0.3417743031951054,0.22926580557443915,0.5392420122365736,0.5955804263255148,0.9994901427600272,0.24970289416010413,0.5904537094581099,0.41267408732106525,toy_06_drug-candidate_216,183.90615844726562,0.2717078924179077,0.8928571343421936,0.4044874906539917,0.8571428656578064,0.35970911383628845,0.8214285969734192
toy_06_drug-candidate,217,9.345473289489746,10.83578125,6400,2198,5835,565,0.3698371893744644,0.255012853470437,0.558886032562125,0.6074970076584133,0.9991945158526135,0.25272316381391524,0.5916636863098975,0.41425670401056747,toy_06_drug-candidate_217,176.0293731689453,0.3168412446975708,0.8571428656578064,0.43794065713882446,0.7857142686843872,0.24219577014446259,0.8928571343421936
toy_06_drug-candidate,218,9.34622573852539,10.885625,6400,2167,5928,472,0.3642037786774629,0.2526990553306343,0.554942645074224,0.5654615511845994,0.9991734143049933,0.2520583606232089,0.5810684585510769,0.41330045422046907,toy_06_drug-candidate_218,179.4361572265625,0.5126870274543762,0.75,0.23413093388080597,0.8928571343421936,0.4193527102470398,0.7142857313156128
toy_06_drug-candidate,219,9.339151382446289,10.9559375,6400,2251,5837,563,0.35651875963679974,0.24567414767860202,0.5495631317457598,0.5696710511438887,0.9991690937125235,0.25422621558645897,0.583238711028044,0.41483237467805906,toy_06_drug-candidate_219,177.8246612548828,0.1883360743522644,0.9285714030265808,0.41480517387390137,0.7857142686843872,0.22558005154132843,0.8571428656578064
toy_06_drug-candidate,220,9.332232475280762,11.03521875,32000,6082,29162,2838,0.36996776627117484,0.2604416706673068,0.5589774363898223,0.5202740405995521,0.9991101433372195,0.2551563650824903,0.5790277564939788,0.41660895570299783,toy_06_drug-candidate_220,174.9493408203125,0.37320172786712646,0.8571428656578064,0.2790078818798065,0.7857142686843872,0.19600872695446014,0.9285714030265808
toy_06_drug-candidate,221,9.337074279785156,11.0696875,6400,2348,5792,608,0.36101519337016574,0.2553522099447514,0.552710635359116,0.5211514210511923,0.9994388812154696,0.25681668430966503,0.5788401541278295,0.4147764145628363,toy_06_drug-candidate_221,182.41656494140625,0.21016289293766022,0.8928571343421936,0.32545724511146545,0.8571428656578064,0.25665467977523804,0.8571428656578064
toy_06_drug-candidate,222,9.327999114990234,11.14703125,6400,2333,5764,636,0.3710964607911173,0.263705759888966,0.5597675225537821,0.5422280265521155,0.9990718251214433,0.258788501866414,0.5768031349632721,0.42418691940420344,toy_06_drug-candidate_222,178.07501220703125,0.23299424350261688,0.8928571343421936,0.4124993085861206,0.7857142686843872,0.2037842571735382,0.8928571343421936
toy_06_drug-candidate,223,9.324230194091797,11.18984375,6400,2339,5757,643,0.3757165190203231,0.2687163453187424,0.5630015633142261,0.4937059027068266,0.99888830988362,0.26037655977033003,0.5741563203167268,0.42861377157360736,toy_06_drug-candidate_223,178.67269897460938,0.21345703303813934,0.8571428656578064,0.220955953001976,0.8928571343421936,0.26702675223350525,0.8214285969734192
toy_06_drug-candidate,224,9.307692527770996,11.27671875,6400,2438,5706,694,0.3845075359270943,0.2842621801612338,0.5691552751489659,0.5483315066425086,0.9990886785839469,0.26264490796009626,0.574790632628633,0.4281729332688753,toy_06_drug-candidate_224,178.78396606445312,0.30615878105163574,0.8571428656578064,0.24058808386325836,0.9285714030265808,0.12757477164268494,0.9642857313156128
toy_06_drug-candidate,225,9.311166763305664,11.321875,6400,2451,5783,617,0.3904547812554038,0.28168770534324744,0.5733183468787827,0.6627851025559162,0.9992218571675601,0.2619864037227834,0.5729000227263886,0.42587511906538894,toy_06_drug-candidate_225,185.64820861816406,0.21066127717494965,0.9285714030265808,0.4271354079246521,0.7857142686843872,0.2446594089269638,0.8214285969734192
toy_06_drug-candidate,226,9.325963020324707,11.25734375,6400,2412,5822,578,0.38045345242184814,0.2746478873239437,0.5663174166952937,0.472928667781068,0.9991326004809346,0.26228021333812795,0.5734023097345053,0.4249202661383376,toy_06_drug-candidate_226,184.40142822265625,0.22572435438632965,0.8928571343421936,0.43368619680404663,0.75,0.214239239692688,0.9285714030265808
toy_06_drug-candidate,227,9.319354057312012,11.25375,6400,2388,5831,569,0.38947007374378323,0.2797118847539016,0.5726290516206481,0.5572370393401832,0.9991167895729721,0.263669272452342,0.5695356315182522,0.4256373918906312,toy_06_drug-candidate_227,188.18356323242188,0.3186371326446533,0.8571428656578064,0.19541189074516296,0.9285714030265808,0.392549991607666,0.7857142686843872
toy_06_drug-candidate,228,9.321701049804688,11.2384375,6400,2364,5866,534,0.3879986362086601,0.2744630071599045,0.571599045346062,0.5057567304205266,0.9992328673712922,0.26252401634050565,0.5731031618003694,0.42142696559441334,toy_06_drug-candidate_228,180.43606567382812,0.2897593379020691,0.7857142686843872,0.5197888612747192,0.7142857313156128,0.298348605632782,0.8571428656578064
toy_06_drug-candidate,229,9.335479736328125,11.18484375,6400,2361,5825,575,0.36978540772532187,0.24875536480686694,0.5588497854077252,0.45268882202765287,0.9992446351931331,0.26238708459923205,0.581997371307636,0.42049183499990506,toy_06_drug-candidate_229,174.79251098632812,0.29806411266326904,0.8571428656578064,0.1763160526752472,0.9642857313156128,0.19852080941200256,0.9642857313156128
toy_06_drug-candidate,230,9.331226348876953,11.18178125,32000,6217,28916,3084,0.3739106377092267,0.25331996126711853,0.5617374463964587,0.5882546265430911,0.999131968460368,0.261146401563969,0.5821840991824537,0.4169488453253737,toy_06_drug-candidate_230,181.54640197753906,0.23833878338336945,0.8928571343421936,0.29737478494644165,0.8571428656578064,0.5071844458580017,0.7142857313156128
toy_06_drug-candidate,231,9.339042663574219,11.08265625,6400,2281,5731,669,0.35403943465363813,0.22421915896004188,0.5478276042575466,0.5439112464713963,0.9993020415285291,0.25999195345541076,0.588503553182207,0.41396687779431673,toy_06_drug-candidate_231,173.07965087890625,0.2396801859140396,0.9285714030265808,0.5447066426277161,0.7142857313156128,0.18895605206489563,0.9285714030265808
toy_06_drug-candidate,232,9.337559700012207,11.09515625,6400,2342,5747,653,0.36227597007134155,0.23246911432051506,0.5535931790499391,0.5256708148814003,0.9991386810509831,0.2593633266938368,0.592472632615222,0.4037404624055803,toy_06_drug-candidate_232,193.7897186279297,0.18576817214488983,0.8928571343421936,0.320345401763916,0.8571428656578064,0.18390318751335144,0.9642857313156128
toy_06_drug-candidate,233,9.356082916259766,11.09140625,6400,2286,5751,649,0.34220135628586335,0.21752738654147105,0.5395409494001042,0.5395447014049455,0.9991045035645976,0.25470664065804494,0.592247789444669,0.39060158673258943,toy_06_drug-candidate_233,175.20245361328125,0.32364463806152344,0.8214285969734192,0.24908682703971863,0.8928571343421936,0.2616637051105499,0.8928571343421936
toy_06_drug-candidate,234,9.36581802368164,10.941875,6400,2241,5832,568,0.33933470507544583,0.20970507544581618,0.537534293552812,0.6893423545432485,0.9991512345679011,0.25282861279359853,0.6010593083310041,0.3940978591337384,toy_06_drug-candidate_234,182.5909423828125,0.24364322423934937,0.9285714030265808,0.42960554361343384,0.75,0.24380798637866974,0.9285714030265808
toy_06_drug-candidate,235,9.381437301635742,10.8978125,6400,2220,5900,500,0.3333898305084746,0.20661016949152541,0.5333728813559322,0.664182491783758,0.9991101694915254,0.25319842674112875,0.5984525344482903,0.39498679818917537,toy_06_drug-candidate_235,185.86927795410156,0.3595397174358368,0.8214285969734192,0.2341175079345703,0.9642857313156128,0.3886443078517914,0.8928571343421936
toy_06_drug-candidate,236,9.363478660583496,10.966875,6400,2292,5828,572,0.3400823610157859,0.21156485929993138,0.5380576527110501,0.5022002032663856,0.9990905971173644,0.25182345024039443,0.601067008264989,0.39355228571515816,toy_06_drug-candidate_236,169.601806640625,0.28992554545402527,0.8928571343421936,0.30730190873146057,0.8571428656578064,0.2607535123825073,0.9642857313156128
toy_06_drug-candidate,237,9.373665809631348,10.88890625,6400,2229,5880,520,0.3413265306122449,0.20595238095238094,0.5389285714285713,0.5797878582749897,0.9991156462585035,0.24938222476134897,0.6049640039732077,0.39490313482054085,toy_06_drug-candidate_237,186.07131958007812,0.2777361571788788,0.8571428656578064,0.426792711019516,0.8571428656578064,0.11926665902137756,0.9642857313156128
toy_06_drug-candidate,238,9.381246566772461,10.85484375,6400,2236,5888,512,0.35105298913043476,0.21263586956521738,0.5457370923913044,0.5557442201251245,0.9990319293478261,0.250966095869951,0.6116396022116942,0.39108751415580634,toy_06_drug-candidate_238,182.751708984375,0.1925482302904129,0.9642857313156128,0.28721123933792114,0.8571428656578064,0.44692131876945496,0.7857142686843872
toy_06_drug-candidate,239,9.394286155700684,10.81046875,6400,2272,5833,567,0.3361906394651123,0.21035487742156694,0.5353334476255786,0.5899879017480733,0.999159951997257,0.24836230009730634,0.6132688131691736,0.39151586298473945,toy_06_drug-candidate_239,174.04241943359375,0.32209229469299316,0.7857142686843872,0.3459088206291199,0.8928571343421936,0.28700047731399536,0.8214285969734192
toy_06_drug-candidate,240,9.39439582824707,10.742875,32000,5953,29400,2600,0.345578231292517,0.21268707482993196,0.5419047619047619,0.5880551237757788,0.9992431972789115,0.24764646277470584,0.6153437084051873,0.39509736480593216,toy_06_drug-candidate_240,176.68505859375,0.24344897270202637,0.8928571343421936,0.4328048825263977,0.7142857313156128,0.15361979603767395,1.0
toy_06_drug-candidate,241,9.38677978515625,10.73359375,6400,2233,5884,516,0.33973487423521415,0.21397008837525494,0.5378144119646499,0.5840676716833966,0.9995836165873554,0.24577609051225807,0.6173576016750415,0.3973716793620904,toy_06_drug-candidate_241,150.74929809570312,0.36252129077911377,0.8214285969734192,0.09457019716501236,1.0,0.2546128034591675,0.8571428656578064
toy_06_drug-candidate,242,9.380305290222168,10.761875,6400,2248,5874,526,0.3445692883895131,0.22284644194756553,0.541198501872659,0.5895155417439936,0.9993105209397345,0.24677288952506354,0.6221884256327512,0.40159776909472195,toy_06_drug-candidate_242,186.51553344726562,0.3448454439640045,0.8214285969734192,0.2640744149684906,0.8571428656578064,0.24205923080444336,0.8571428656578064
toy_06_drug-candidate,243,9.39222526550293,10.62203125,6400,2197,5937,463,0.3351861209364999,0.22385042950985345,0.53463028465555,0.5613240733976561,0.9992673067205659,0.24717163204604006,0.6244990192598976,0.4087899238638546,toy_06_drug-candidate_243,177.22421264648438,0.24687840044498444,0.8928571343421936,0.23023325204849243,0.9285714030265808,0.43279242515563965,0.75
toy_06_drug-candidate,244,9.355463027954102,10.71578125,6400,2251,5935,465,0.36613310867733784,0.24498736310025274,0.5562931760741364,0.648388038804101,0.9994776748104465,0.24527255807040416,0.6297246017284635,0.4105067446693431,toy_06_drug-candidate_244,176.19570922851562,0.3353409767150879,0.8214285969734192,0.4475543797016144,0.8214285969734192,0.42174431681632996,0.7857142686843872
toy_06_drug-candidate,245,9.37710952758789,10.54234375,6400,2132,5978,422,0.34292405486784877,0.24121779859484777,0.5400468384074941,0.6422301596966533,0.9994563399130144,0.24764020023439454,0.6413716509838719,0.42419507407924045,toy_06_drug-candidate_245,168.43832397460938,0.19080914556980133,0.8928571343421936,0.1678892970085144,0.9285714030265808,0.17917822301387787,0.8928571343421936
toy_06_drug-candidate,246,9.386902809143066,10.4759375,6400,2146,5970,430,0.34338358458961477,0.24874371859296482,0.5403685092127303,0.6505640668252073,0.9992713567839195,0.24960839681070263,0.6383193620961849,0.4265043480498783,toy_06_drug-candidate_246,178.44317626953125,0.35989508032798767,0.7142857313156128,0.25923916697502136,0.8571428656578064,0.5084251165390015,0.7142857313156128
toy_06_drug-candidate,247,9.392264366149902,10.3425,6400,2214,5958,442,0.35532057737495804,0.2620006713662303,0.5487244041624706,0.6386240030266668,0.9994712990936556,0.24753516614458904,0.651447055997151,0.4320099313751162,toy_06_drug-candidate_247,152.865234375,0.40287652611732483,0.7142857313156128,0.37649089097976685,0.7857142686843872,0.40779629349708557,0.7857142686843872
toy_06_drug-candidate,248,9.391775131225586,10.3315625,6400,2158,5961,439,0.35497399765140075,0.26891461164234187,0.5484817983559805,0.65286495507643,0.9993289716490522,0.2482596184819954,0.643319213264601,0.43491505389301616,toy_06_drug-candidate_248,182.21588134765625,0.33319082856178284,0.8571428656578064,0.3874233067035675,0.8214285969734192,0.4556179344654083,0.7857142686843872
toy_06_drug-candidate,249,9.394240379333496,10.308125,6400,2176,5954,446,0.37907289217332885,0.2966073228081962,0.5653510245213302,0.6687644426929346,0.9993785690292241,0.24895659877776416,0.6510674526940337,0.4395357451922574,toy_06_drug-candidate_249,171.75668334960938,0.25047600269317627,0.8214285969734192,0.2921909689903259,0.7857142686843872,0.41703227162361145,0.8571428656578064
