exp_name,Batch,test_loss,mean_length,n_samples,uniq_samples,good_samples,bad_samples,novelty,hard_novelty,soft_novelty,diversity,conciseness,solubility,naturalness,synthesizability,model_samples,neg-loglike,D_loss_0,Accuracy_0,D_loss_1,Accuracy_1,D_loss_2,Accuracy_2,D_loss_3,Accuracy_3,D_loss_4,Accuracy_4
drugs_10_novelty,0,5.649281024932861,43.9431875,32000,31929,9428,22572,1.0,1.0,1.0,0.3835518148221195,0.683994484514213,0.5302697264669844,0.4970221012847344,0.5332762909284388,drugs_10_novelty_0,383.3612060546875,2.5665178298950195,0.4920635521411896,1.4425241947174072,0.730158805847168,0.9069331884384155,0.7619048357009888,0.5926663279533386,0.80952388048172,0.5118595957756042,0.8730159401893616
drugs_10_novelty,1,5.671697616577148,46.44953125,6400,6397,1521,4879,1.0,1.0,1.0,0.3547024260883056,0.6689020381328072,0.5516037415614196,0.5057993302709812,0.5325244839573116,drugs_10_novelty_1,502.1370849609375,0.23211972415447235,0.9523810148239136,0.21517890691757202,0.9523810148239136,0.122825488448143,0.9841270446777344,0.21651136875152588,0.9047619700431824,0.2513654828071594,0.9206349849700928
drugs_10_novelty,2,5.703453540802002,46.266875,6400,6398,1377,5023,1.0,1.0,1.0,0.3718072197635495,0.6704429920116195,0.568116154718704,0.5177202621146046,0.5383506626883885,drugs_10_novelty_2,239.5056915283203,0.07165210694074631,0.9841270446777344,0.07750250399112701,0.9841270446777344,0.059856727719306946,1.0,0.06520721316337585,0.9841270446777344,0.07457626610994339,0.9841270446777344
drugs_10_novelty,3,5.725879669189453,45.57140625,6400,6398,1189,5211,1.0,1.0,1.0,0.40593424993547744,0.6772077375946174,0.5854029493474557,0.5302939134048712,0.5305782766597134,drugs_10_novelty_3,71.33698272705078,0.03903457522392273,1.0,0.048676736652851105,1.0,0.07677337527275085,0.9841270446777344,0.040928278118371964,1.0,0.018840182572603226,1.0
drugs_10_novelty,4,5.754453659057617,43.98015625,6400,6397,1214,5186,1.0,1.0,1.0,0.39747229053779554,0.7021416803953872,0.5791508366608813,0.5261031161001037,0.5439075973738261,drugs_10_novelty_4,84.52534484863281,0.02375665493309498,1.0,0.021476440131664276,1.0,0.014742042869329453,1.0,0.015634842216968536,1.0,0.015263795852661133,1.0
drugs_10_novelty,5,5.774716377258301,42.683125,6400,6388,1118,5282,1.0,1.0,1.0,0.38353308945615594,0.6940071556350625,0.5719185786193294,0.5448785422928727,0.5475321536214702,drugs_10_novelty_5,74.43052673339844,0.016205333173274994,1.0,0.0143508929759264,1.0,0.008907165378332138,1.0,0.029745958745479584,1.0,0.01267803180962801,1.0
drugs_10_novelty,6,5.730583667755127,41.051875,6400,6395,1145,5255,1.0,1.0,1.0,0.4562358646463095,0.6948471615720523,0.5467332137961166,0.5369740316869308,0.539104679953972,drugs_10_novelty_6,49.53431701660156,0.01014774665236473,1.0,0.012003835290670395,1.0,0.029862243682146072,1.0,0.05304943397641182,0.9841270446777344,0.08986304700374603,0.968254029750824
drugs_10_novelty,7,5.708343029022217,40.5134375,6400,6396,1300,5100,1.0,1.0,1.0,0.4020005483722761,0.6967692307692307,0.5380194266686176,0.5397729756552011,0.5364364590242972,drugs_10_novelty_7,44.688358306884766,0.009297676384449005,1.0,0.02831575646996498,1.0,0.07731130719184875,0.968254029750824,0.016281871125102043,1.0,0.014806756749749184,1.0
drugs_10_novelty,8,5.680218696594238,40.70625,6400,6394,1437,4963,1.0,1.0,1.0,0.44416716463767947,0.6641614474599861,0.5291224492225112,0.5426675216379847,0.5262636068758477,drugs_10_novelty_8,37.661155700683594,0.03328961879014969,0.9841270446777344,0.010218358598649502,1.0,0.007563668303191662,1.0,0.011402223259210587,1.0,0.007971768267452717,1.0
drugs_10_novelty,9,5.642283916473389,40.2590625,6400,6396,1601,4799,1.0,1.0,1.0,0.379343457755663,0.657151780137414,0.514775181343734,0.5362587845504179,0.5282446074095979,drugs_10_novelty_9,72.050537109375,0.013874980621039867,1.0,0.014970356598496437,1.0,0.058744173496961594,0.9841270446777344,0.024430667981505394,1.0,0.01588408276438713,1.0
drugs_10_novelty,10,5.6045732498168945,40.2266875,32000,31894,8361,23639,1.0,1.0,1.0,0.42263595030581963,0.6693218514531754,0.5078818239008009,0.5335808632207881,0.5296092536251943,drugs_10_novelty_10,56.8450927734375,0.008359801024198532,1.0,0.005986511241644621,1.0,0.012718157842755318,1.0,0.006139250472187996,1.0,0.03829874470829964,0.9841270446777344
drugs_10_novelty,11,5.570411205291748,39.9890625,6400,6396,1766,4634,1.0,1.0,1.0,0.46351981271575343,0.6669875424688563,0.5062161976817239,0.531801631734796,0.5231335251056289,drugs_10_novelty_11,36.9364013671875,0.007694475818425417,1.0,0.009370232932269573,1.0,0.01595057174563408,1.0,0.0069298287853598595,1.0,0.03891073539853096,0.9841270446777344
drugs_10_novelty,12,5.511520862579346,40.23984375,6400,6393,1800,4600,1.0,1.0,1.0,0.4374710744445173,0.672611111111111,0.502870829691066,0.5305446270356589,0.5238442618521206,drugs_10_novelty_12,28.59969139099121,0.005156802944839001,1.0,0.03738539293408394,0.9841270446777344,0.004959971643984318,1.0,0.008998055011034012,1.0,0.004634341225028038,1.0
drugs_10_novelty,13,5.482614040374756,40.74734375,6400,6394,1807,4593,1.0,1.0,1.0,0.4802738642464322,0.6762589928057554,0.499899212738382,0.5278129519910243,0.5172386497619598,drugs_10_novelty_13,59.43346405029297,0.018147554248571396,0.9841270446777344,0.009047997184097767,1.0,0.005783328786492348,1.0,0.026473606005311012,0.9841270446777344,0.05299568548798561,0.9841270446777344
drugs_10_novelty,14,5.464161396026611,40.87171875,6400,6392,1839,4561,1.0,1.0,1.0,0.4371003489363846,0.6726481783578031,0.5024730425151737,0.5319962522245558,0.5132852640959923,drugs_10_novelty_14,29.511571884155273,0.004436534829437733,1.0,0.015050474554300308,1.0,0.0076328846625983715,1.0,0.006962311454117298,1.0,0.01680258847773075,1.0
drugs_10_novelty,15,5.44556999206543,40.57875,6400,6388,1855,4545,1.0,1.0,1.0,0.4561686259419781,0.6690026954177898,0.49805958132566513,0.5299118087298003,0.5016148299597148,drugs_10_novelty_15,57.9965934753418,0.005429724231362343,1.0,0.004703698679804802,1.0,0.007296164985746145,1.0,0.023425539955496788,0.9841270446777344,0.005427496507763863,1.0
drugs_10_novelty,16,5.451622486114502,40.31296875,6400,6383,1901,4499,1.0,1.0,1.0,0.48841010111145367,0.6881641241451868,0.4906476410985159,0.5324583569356203,0.5027644705649822,drugs_10_novelty_16,16.99036407470703,0.012246355414390564,1.0,0.0067340536043047905,1.0,0.00649953493848443,1.0,0.0052087027579545975,1.0,0.004170483443886042,1.0
drugs_10_novelty,17,5.465015888214111,40.086875,6400,6383,1915,4485,1.0,1.0,1.0,0.4852393167435177,0.6908093994778068,0.49550774691601457,0.5314432281998601,0.5091094814501131,drugs_10_novelty_17,23.462982177734375,0.004384573549032211,1.0,0.004342870786786079,1.0,0.003572482382878661,1.0,0.0035319027956575155,1.0,0.06548631191253662,0.9523810148239136
drugs_10_novelty,18,5.471270561218262,40.29421875,6400,6375,1870,4530,1.0,1.0,1.0,0.42881109823460256,0.6958823529411763,0.4967251725063529,0.5233777766541446,0.5072017231711631,drugs_10_novelty_18,183.20326232910156,0.009236144833266735,1.0,0.0047822389751672745,1.0,0.005011930130422115,1.0,0.003852653317153454,1.0,0.0037638451904058456,1.0
drugs_10_novelty,19,5.46612548828125,41.60765625,6400,6384,1734,4666,1.0,1.0,1.0,0.45475038182961897,0.7020761245674738,0.5031947899348509,0.5170736765066468,0.5070260963853489,drugs_10_novelty_19,27.680015563964844,0.008567198179662228,1.0,0.0032898997887969017,1.0,0.004691340960562229,1.0,0.004130115732550621,1.0,0.017781244590878487,1.0
drugs_10_novelty,20,5.4916887283325195,42.14471875,32000,31798,8696,23304,1.0,1.0,1.0,0.4856237393419544,0.6965961361545537,0.5105135489302444,0.5181917798090686,0.5048978838510056,drugs_10_novelty_20,26.079439163208008,0.0031852603424340487,1.0,0.004086678847670555,1.0,0.05060158669948578,0.9841270446777344,0.007080180570483208,1.0,0.029922649264335632,0.9841270446777344
drugs_10_novelty,21,5.503641128540039,42.605625,6400,6382,1697,4703,1.0,1.0,1.0,0.4550945978851242,0.7126694166175603,0.5191999114772544,0.5161682366686117,0.5100288697074702,drugs_10_novelty_21,64.58470916748047,0.002434845780953765,1.0,0.011712136678397655,1.0,0.007351935841143131,1.0,0.006652336101979017,1.0,0.00427615363150835,1.0
drugs_10_novelty,22,5.5259809494018555,42.5621875,6400,6389,1805,4595,1.0,1.0,1.0,0.4591739827919889,0.6925207756232687,0.5199440045912462,0.5163681457297645,0.5043780071754078,drugs_10_novelty_22,55.910396575927734,0.0036884187720716,1.0,0.0031199585646390915,1.0,0.0027541336603462696,1.0,0.0038967146538197994,1.0,0.0026073791086673737,1.0
drugs_10_novelty,23,5.5401482582092285,42.34875,6400,6383,1764,4636,1.0,1.0,1.0,0.46797705943496654,0.7138321995464851,0.5292287920774181,0.5006000654803414,0.5296001358765582,drugs_10_novelty_23,23.96428871154785,0.016270112246274948,1.0,0.0037876665592193604,1.0,0.006129673216491938,1.0,0.003333603497594595,1.0,0.0022438063751906157,1.0
drugs_10_novelty,24,5.583799362182617,42.1996875,6400,6376,1813,4587,1.0,1.0,1.0,0.4714002016337068,0.7157198014340871,0.5341978152496174,0.5063296846014569,0.53511320874101,drugs_10_novelty_24,28.96988296508789,0.004571565426886082,1.0,0.003605332225561142,1.0,0.003006523009389639,1.0,0.005793794058263302,1.0,0.0024376078508794308,1.0
drugs_10_novelty,25,5.584747791290283,41.66640625,6400,6390,1873,4527,1.0,1.0,1.0,0.4475352768622295,0.7263747997864388,0.5503990188436853,0.5044508117145667,0.5547074403234794,drugs_10_novelty_25,54.06294250488281,0.003424690803512931,1.0,0.04191971197724342,0.9841270446777344,0.003536056261509657,1.0,0.0028706169687211514,1.0,0.0028865146450698376,1.0
drugs_10_novelty,26,5.603562831878662,41.70015625,6400,6376,1926,4474,1.0,0.9994807892004154,1.0,0.42880238173681157,0.7318276220145379,0.5478887065247429,0.4957784246643638,0.5580489009744295,drugs_10_novelty_26,39.2626953125,0.0023435172624886036,1.0,0.013066483661532402,1.0,0.002780342474579811,1.0,0.0031650480814278126,1.0,0.00436666514724493,1.0
drugs_10_novelty,27,5.613610744476318,42.246875,6400,6383,1846,4554,1.0,1.0,1.0,0.4267615916041254,0.7384615384615384,0.5647457073344421,0.489353442558584,0.5724379595062475,drugs_10_novelty_27,34.75205612182617,0.00448781019076705,1.0,0.0029809586703777313,1.0,0.0024231707211583853,1.0,0.002383756684139371,1.0,0.0042968327179551125,1.0
drugs_10_novelty,28,5.6596903800964355,42.96015625,6400,6376,1842,4558,1.0,1.0,1.0,0.45473580414547554,0.7435939196525516,0.5664469557524763,0.4836947285467001,0.5852810589832125,drugs_10_novelty_28,14.542649269104004,0.002417965792119503,1.0,0.0036323582753539085,1.0,0.002698990050703287,1.0,0.0025583708193153143,1.0,0.0020946746226400137,1.0
drugs_10_novelty,29,5.673831939697266,43.3390625,6400,6387,1938,4462,1.0,1.0,1.0,0.37980651982171487,0.749484004127967,0.5725967101277584,0.48360540852516953,0.5932767833346572,drugs_10_novelty_29,37.651580810546875,0.0021237328182905912,1.0,0.008695883676409721,1.0,0.002178326016291976,1.0,0.004035246558487415,1.0,0.0023334722500294447,1.0
drugs_10_novelty,30,5.725471496582031,43.2909375,32000,31796,10291,21709,0.9998056554270722,0.9998056554270722,0.9998639587989506,0.42969038579584423,0.7477796132542999,0.5685683294137432,0.48594758196829246,0.5933106955763655,drugs_10_novelty_30,20.53501319885254,0.002522926777601242,1.0,0.004215585999190807,1.0,0.004404679872095585,1.0,0.00212686276063323,1.0,0.0022839915473014116,1.0
drugs_10_novelty,31,5.730414390563965,43.3471875,6400,6388,2102,4298,1.0,1.0,1.0,0.381779803070643,0.735442435775452,0.5759251664254346,0.4891157004463979,0.5918923739198104,drugs_10_novelty_31,51.56409454345703,0.002168281003832817,1.0,0.0024971740785986185,1.0,0.0023881015367805958,1.0,0.0024536780547350645,1.0,0.0765877291560173,0.9841270446777344
drugs_10_novelty,32,5.767819881439209,43.1603125,6400,6371,2131,4269,1.0,1.0,1.0,0.45137100054217305,0.7444392304082591,0.5688972570642628,0.48367863085735624,0.602711419796444,drugs_10_novelty_32,9.07369613647461,0.00228540925309062,1.0,0.003366747172549367,1.0,0.005657016299664974,1.0,0.0017424746183678508,1.0,0.0023956054355949163,1.0
drugs_10_novelty,33,5.788082122802734,42.621875,6400,6373,2217,4183,1.0,0.9995489400090212,1.0,0.41529120111305884,0.7502931889941362,0.5630882913353852,0.4917593302206557,0.6088124460723947,drugs_10_novelty_33,8.883466720581055,0.0025082905776798725,1.0,0.05832316353917122,0.9841270446777344,0.0017218459397554398,1.0,0.002257690532132983,1.0,0.004711301531642675,1.0
drugs_10_novelty,34,5.800638198852539,42.82046875,6400,6383,2123,4277,0.9995289684408856,0.9995289684408856,0.99967027790862,0.4358564000189021,0.7545454545454545,0.5606989065507526,0.48487359802004754,0.6082616738146078,drugs_10_novelty_34,5.452906608581543,0.0019974566530436277,1.0,0.004456197842955589,1.0,0.005228586960583925,1.0,0.0015851442003622651,1.0,0.0018940716981887817,1.0
drugs_10_novelty,35,5.8059163093566895,42.97234375,6400,6370,2136,4264,1.0,1.0,1.0,0.3687537412686826,0.7397003745318352,0.5512351983707083,0.4893260192424363,0.6015675338684647,drugs_10_novelty_35,25.441110610961914,0.0069365729577839375,1.0,0.0018339998787268996,1.0,0.0029996000230312347,1.0,0.0019194060005247593,1.0,0.0021526971831917763,1.0
drugs_10_novelty,36,5.8438262939453125,43.38890625,6400,6351,2091,4309,1.0,1.0,1.0,0.3997621467680992,0.7496413199426112,0.5435852840264331,0.4997806030711739,0.5967627177018304,drugs_10_novelty_36,18.372173309326172,0.0037120841443538666,1.0,0.001522538368590176,1.0,0.0015788546297699213,1.0,0.008583653718233109,1.0,0.0021199684124439955,1.0
drugs_10_novelty,37,5.871304512023926,43.27234375,6400,6362,2084,4316,1.0,1.0,1.0,0.3703324399900809,0.7403071017274471,0.5495403146579878,0.4917370310346387,0.6046222181760582,drugs_10_novelty_37,7.099133491516113,0.002168131060898304,1.0,0.0019102918449789286,1.0,0.0014145908644422889,1.0,0.005358257796615362,1.0,0.001265052706003189,1.0
drugs_10_novelty,38,5.869189262390137,43.40484375,6400,6359,2031,4369,1.0,1.0,1.0,0.40126722558299643,0.7167897587395371,0.5426392307855636,0.5085355945600754,0.5739931574229039,drugs_10_novelty_38,11.512904167175293,0.0015083609614521265,1.0,0.0014936248771846294,1.0,0.0014958063839003444,1.0,0.0017043596599251032,1.0,0.00158287538215518,1.0
drugs_10_novelty,39,5.928769111633301,42.9584375,6400,6356,2015,4385,1.0,1.0,1.0,0.3571844125033179,0.7133002481389578,0.5456119201339751,0.5093399778609019,0.5699384406427442,drugs_10_novelty_39,7.780899524688721,0.0016752599040046334,1.0,0.0013388169463723898,1.0,0.010403458029031754,1.0,0.0014608058845624328,1.0,0.0014058154774829745,1.0
drugs_10_novelty,40,5.954960823059082,42.76359375,32000,31571,10104,21896,1.0,1.0,1.0,0.4090775205013328,0.7159639746634996,0.5375187818640248,0.511746287545554,0.5727991467800162,drugs_10_novelty_40,12.85793685913086,0.0014236862771213055,1.0,0.001661586808040738,1.0,0.00142259756103158,1.0,0.001844888785853982,1.0,0.0014987136237323284,1.0
drugs_10_novelty,41,5.967799663543701,42.7903125,6400,6355,2028,4372,1.0,1.0,1.0,0.4335975531702528,0.7227810650887574,0.5319204266663982,0.5029982976082168,0.5754572545473019,drugs_10_novelty_41,5.882224082946777,0.006432997994124889,1.0,0.0015893066301941872,1.0,0.0016040666960179806,1.0,0.0013280365383252501,1.0,0.0015273487661033869,1.0
drugs_10_novelty,42,5.997063159942627,42.17234375,6400,6359,2042,4358,1.0,1.0,1.0,0.36911749775324926,0.720617042115573,0.5443848116682877,0.5026994678571294,0.5889401011842008,drugs_10_novelty_42,6.060194969177246,0.0023716073483228683,1.0,0.0015345928259193897,1.0,0.0019090783316642046,1.0,0.0036109101492911577,1.0,0.0015781042166054249,1.0
drugs_10_novelty,43,5.96884298324585,42.2946875,6400,6358,2083,4317,1.0,1.0,1.0,0.3884649979817581,0.6839654344695151,0.5266075015084724,0.5092242807647568,0.5644345342633417,drugs_10_novelty_43,10.174030303955078,0.0014406993286684155,1.0,0.0015681895893067122,1.0,0.0016999548533931375,1.0,0.001684456830844283,1.0,0.0016390387900173664,1.0
drugs_10_novelty,44,5.969189643859863,42.25625,6400,6352,2025,4375,1.0,1.0,1.0,0.42133093492418827,0.7122962962962963,0.5280526350470663,0.4974232839452573,0.5818278798072024,drugs_10_novelty_44,5.979936599731445,0.0018024437595158815,1.0,0.003866535611450672,1.0,0.0014785720268264413,1.0,0.001748320646584034,1.0,0.001260454417206347,1.0
drugs_10_novelty,45,5.929936408996582,41.728125,6400,6370,2103,4297,1.0,1.0,1.0,0.3799536763702935,0.7005706134094151,0.5223336302661971,0.49778581391069077,0.5668287359416805,drugs_10_novelty_45,10.81113338470459,0.001422818866558373,1.0,0.0015271332813426852,1.0,0.0014117368264123797,1.0,0.0014262668555602431,1.0,0.0019900971092283726,1.0
drugs_10_novelty,46,5.866411209106445,41.61703125,6400,6352,2091,4309,1.0,1.0,1.0,0.3871954299698544,0.7056432329029173,0.5192457438758439,0.4951130299604383,0.5775646083554457,drugs_10_novelty_46,5.697603702545166,0.0014694991987198591,1.0,0.0028035694267600775,1.0,0.00148113165050745,1.0,0.0014689050149172544,1.0,0.004931543953716755,1.0
drugs_10_novelty,47,5.839311599731445,41.5240625,6400,6363,2037,4363,1.0,1.0,1.0,0.4000158735247197,0.6989690721649483,0.5123833669005543,0.4949179833359464,0.5701874228606034,drugs_10_novelty_47,4.060118198394775,0.0014182088198140264,1.0,0.0015239776112139225,1.0,0.0032850380521267653,1.0,0.0015262223314493895,1.0,0.0014355130260810256,1.0
drugs_10_novelty,48,5.7942376136779785,41.59703125,6400,6359,1971,4429,1.0,1.0,1.0,0.36762216580234086,0.7062404870624048,0.4999363496342444,0.4960038560985084,0.5615205394260016,drugs_10_novelty_48,18.915096282958984,0.0014346451498568058,1.0,0.0018974917475134134,1.0,0.001398586668074131,1.0,0.0014886134304106236,1.0,0.0017925824504345655,1.0
drugs_10_novelty,49,5.765138149261475,41.39328125,6400,6371,1862,4538,1.0,1.0,1.0,0.33615521739773346,0.7087003222341568,0.5026983965577564,0.4935414588615232,0.5602173356724257,drugs_10_novelty_49,13.640284538269043,0.0030428748577833176,1.0,0.0014393528690561652,1.0,0.004952470306307077,1.0,0.0015385090373456478,1.0,0.011926794424653053,1.0
drugs_10_novelty,50,5.7072882652282715,41.3603125,32000,31724,9327,22673,1.0,1.0,1.0,0.4640626761733989,0.704063471641471,0.49651704536773467,0.4952376127258997,0.5489616541108462,drugs_10_novelty_50,4.043201923370361,0.002502092393115163,1.0,0.001673679449595511,1.0,0.0030928156338632107,1.0,0.0013388796942308545,1.0,0.0019029057584702969,1.0
drugs_10_novelty,51,5.666377067565918,41.67328125,6400,6376,1734,4666,1.0,1.0,1.0,0.3442485380717299,0.7050173010380623,0.48866229317960386,0.5006507410695145,0.5402914000468702,drugs_10_novelty_51,19.1373233795166,0.001588249928317964,1.0,0.010691971518099308,1.0,0.005684577394276857,1.0,0.0015037588309496641,1.0,0.0013409721432253718,1.0
drugs_10_novelty,52,5.624478816986084,41.8153125,6400,6383,1625,4775,1.0,1.0,1.0,0.38094743017875926,0.7060307692307692,0.4880949563812641,0.4952963062309521,0.5363366682855834,drugs_10_novelty_52,9.275856018066406,0.001547474879771471,1.0,0.0014581253053620458,1.0,0.001612371183000505,1.0,0.0020206072367727757,1.0,0.0014853153843432665,1.0
drugs_10_novelty,53,5.627808094024658,41.88875,6400,6387,1490,4910,1.0,1.0,1.0,0.38742349397326703,0.701476510067114,0.48399159919184354,0.5078591311072769,0.518874211112956,drugs_10_novelty_53,10.548619270324707,0.017172012478113174,0.9841270446777344,0.001968368887901306,1.0,0.002454691333696246,1.0,0.0013808271614834666,1.0,0.0014123551081866026,1.0
drugs_10_novelty,54,5.603060245513916,41.97890625,6400,6381,1502,4898,1.0,1.0,1.0,0.3928647968750959,0.6879494007989347,0.4910334268736457,0.5085934607602876,0.5206048983149233,drugs_10_novelty_54,24.809860229492188,0.001361828064545989,1.0,0.0013321840669959784,1.0,0.0013664821162819862,1.0,0.0015482914168387651,1.0,0.0013363537145778537,1.0
drugs_10_novelty,55,5.609549522399902,42.02328125,6400,6384,1481,4919,1.0,1.0,1.0,0.40661960956845544,0.7054017555705603,0.4830172066346024,0.5031172563719826,0.5130198915189373,drugs_10_novelty_55,5.9706130027771,0.0017890611197799444,1.0,0.001302732271142304,1.0,0.0013760491274297237,1.0,0.0013216010993346572,1.0,0.002552851103246212,1.0
drugs_10_novelty,56,5.608525276184082,41.13359375,6400,6370,1464,4936,1.0,1.0,1.0,0.3866756769975251,0.7108606557377047,0.49943853321543624,0.5152204768212418,0.527983830380725,drugs_10_novelty_56,5.399136066436768,0.0012858660193160176,1.0,0.001973938662558794,1.0,0.0016282345168292522,1.0,0.0013922550715506077,1.0,0.0012252749875187874,1.0
drugs_10_novelty,57,5.613115310668945,40.6115625,6400,6384,1503,4897,1.0,1.0,1.0,0.4583641399103109,0.7029940119760478,0.49920685504600726,0.5156615342890911,0.5300950241463787,drugs_10_novelty_57,5.769184589385986,0.001571059343405068,1.0,0.0013144895201548934,1.0,0.0015335585922002792,1.0,0.0016631076578050852,1.0,0.0012633200967684388,1.0
drugs_10_novelty,58,5.638079643249512,40.508125,6400,6364,1512,4888,1.0,1.0,1.0,0.4136830851360643,0.7173280423280423,0.5088777029721924,0.5134717626018376,0.5408996157900637,drugs_10_novelty_58,13.304290771484375,0.0015638701152056456,1.0,0.0012740211095660925,1.0,0.004156213253736496,1.0,0.0012879740679636598,1.0,0.0013523567467927933,1.0
drugs_10_novelty,59,5.658358573913574,40.82171875,6400,6379,1470,4930,1.0,1.0,1.0,0.3886744378918945,0.7185714285714285,0.5214490945490158,0.5092895880973869,0.5454171071072189,drugs_10_novelty_59,12.564373016357422,0.0012937289429828525,1.0,0.00129673071205616,1.0,0.0023198837880045176,1.0,0.001599687384441495,1.0,0.020381098613142967,1.0
drugs_10_novelty,60,5.6736159324646,40.66290625,32000,31751,7582,24418,1.0,1.0,1.0,0.3827642659038756,0.7132155104194144,0.5234325564970603,0.509994726223548,0.5378622602651418,drugs_10_novelty_60,1.9915093183517456,0.0014951061457395554,1.0,0.0016563081881031394,1.0,0.0014147439505904913,1.0,0.001680899877101183,1.0,0.001202274113893509,1.0
drugs_10_novelty,61,5.694696426391602,40.44546875,6400,6387,1577,4823,1.0,1.0,1.0,0.3470892331772917,0.7088776157260622,0.5323606224839604,0.507578374449542,0.542450650199561,drugs_10_novelty_61,4.912452697753906,0.018834060057997704,1.0,0.0013226630399003625,1.0,0.0014744552318006754,1.0,0.0013527397532016039,1.0,0.0014075306244194508,1.0
drugs_10_novelty,62,5.74238395690918,41.44234375,6400,6374,1526,4874,1.0,1.0,1.0,0.37497897873549163,0.7007863695937091,0.5522294048479646,0.5175297710647885,0.5511403826206944,drugs_10_novelty_62,9.047977447509766,0.001546017243526876,1.0,0.001353464787825942,1.0,0.0016778046265244484,1.0,0.2333085685968399,0.9365079998970032,0.0014909591991454363,1.0
drugs_10_novelty,63,5.760857105255127,40.83546875,6400,6386,1621,4779,1.0,1.0,1.0,0.3674365232428172,0.7097470697100555,0.5602551668450629,0.5014714286920684,0.5590194804981878,drugs_10_novelty_63,9.907347679138184,0.001501713995821774,1.0,0.0014558732509613037,1.0,0.0016848789528012276,1.0,0.0014838643837720156,1.0,0.00946299359202385,1.0
drugs_10_novelty,64,5.776252269744873,40.6296875,6400,6386,1567,4833,1.0,1.0,1.0,0.3765162433044624,0.7029355456285896,0.5575378699064631,0.5143224002472445,0.5559846298928086,drugs_10_novelty_64,21.172426223754883,0.004668343346565962,1.0,0.0036963121965527534,1.0,0.0014140664134174585,1.0,0.002426397055387497,1.0,0.0014874131884425879,1.0
drugs_10_novelty,65,5.769105434417725,40.70828125,6400,6389,1558,4842,1.0,1.0,1.0,0.3409360364705709,0.7202824133504492,0.5631435960215756,0.5015538445305235,0.5590399593121501,drugs_10_novelty_65,5.799361228942871,0.001412715413607657,1.0,0.002509037498384714,1.0,0.0014423065586015582,1.0,0.002579562598839402,1.0,0.0016138238133862615,1.0
drugs_10_novelty,66,5.7804741859436035,40.89640625,6400,6389,1481,4919,1.0,1.0,1.0,0.3811039374083985,0.7095881161377449,0.5628693142931694,0.5026324149789653,0.5611156903445118,drugs_10_novelty_66,10.471636772155762,0.001896040397696197,1.0,0.004353171214461327,1.0,0.004088444635272026,1.0,0.0015290111768990755,1.0,0.0013992254389449954,1.0
drugs_10_novelty,67,5.766976356506348,40.858125,6400,6383,1482,4918,1.0,1.0,1.0,0.3825047313581376,0.7113360323886638,0.5624535536945179,0.4987681514982297,0.5705420359368343,drugs_10_novelty_67,14.290900230407715,0.0014684468042105436,1.0,0.001388588105328381,1.0,0.0015466184122487903,1.0,0.001644190982915461,1.0,0.0013220178661867976,1.0
drugs_10_novelty,68,5.771054267883301,41.1821875,6400,6392,1596,4804,0.9993734335839599,0.9993734335839599,0.9995614035087719,0.3705831294366767,0.6959273182957393,0.5677532646135895,0.49815796532991313,0.5726548271155844,drugs_10_novelty_68,7.402694225311279,0.00154339789878577,1.0,0.001804085448384285,1.0,0.004670268390327692,1.0,0.0014529001200571656,1.0,0.0013393874978646636,1.0
drugs_10_novelty,69,5.780187606811523,40.24390625,6400,6389,1630,4770,1.0,1.0,1.0,0.3758219560933489,0.7094478527607361,0.561105112040782,0.4997016581952893,0.5781235684847786,drugs_10_novelty_69,16.464550018310547,0.005521742627024651,1.0,0.0012103061890229583,1.0,0.004796658642590046,1.0,0.0015444278251379728,1.0,0.001485647400841117,1.0
drugs_10_novelty,70,5.795822620391846,40.08109375,32000,31826,8595,23405,0.9998836532867946,0.9998836532867946,0.9999185573007562,0.3650647605266255,0.7234089586969169,0.5634387444763856,0.49315735633616437,0.5860020611926483,drugs_10_novelty_70,6.989326000213623,0.001301137963309884,1.0,0.0013409676030278206,1.0,0.0016378907021135092,1.0,0.0014022862305864692,1.0,0.01869061216711998,0.9841270446777344
drugs_10_novelty,71,5.817844390869141,39.61265625,6400,6392,1838,4562,1.0,1.0,1.0,0.371276693181944,0.7156692056583244,0.5727695144894897,0.49848841525027066,0.5853889705434899,drugs_10_novelty_71,4.051657199859619,0.0014872197061777115,1.0,0.002686007646843791,1.0,0.001938878558576107,1.0,0.003196129109710455,1.0,0.001826974330469966,1.0
drugs_10_novelty,72,5.824791431427002,39.39296875,6400,6377,1866,4534,1.0,1.0,1.0,0.3708350036173169,0.7277599142550911,0.5617028708217303,0.4927370865561111,0.5961849863051613,drugs_10_novelty_72,10.730792999267578,0.0012849941849708557,1.0,0.0014865444973111153,1.0,0.0011926941806450486,1.0,0.0013145239790901542,1.0,0.0013652404304593801,1.0
drugs_10_novelty,73,5.83098030090332,39.58015625,6400,6381,1947,4453,1.0,1.0,1.0,0.3613020419819018,0.7345659989727785,0.5726101130709339,0.4953400076829141,0.6149599076562967,drugs_10_novelty_73,11.364764213562012,0.001371974591165781,1.0,0.0019056731835007668,1.0,0.001283334451727569,1.0,0.0026850018184632063,1.0,0.0014388409908860922,1.0
drugs_10_novelty,74,5.829047679901123,39.60578125,6400,6386,1841,4559,1.0,1.0,1.0,0.3342334572623572,0.7264530146659425,0.5715308933197318,0.49789153472022296,0.6011567309853013,drugs_10_novelty_74,3.176595449447632,0.005618614610284567,1.0,0.002669887151569128,1.0,0.002178665716201067,1.0,0.001384961185976863,1.0,0.0013502610381692648,1.0
drugs_10_novelty,75,5.79808235168457,39.570625,6400,6376,1933,4467,1.0,1.0,1.0,0.37914543956830826,0.7365235385411277,0.5538656897757853,0.490147921355781,0.6119780455982777,drugs_10_novelty_75,8.70197868347168,0.001202343381009996,1.0,0.006457901559770107,1.0,0.0019560419023036957,1.0,0.0014158820267766714,1.0,0.0012953747063875198,1.0
drugs_10_novelty,76,5.771129608154297,40.22578125,6400,6384,1907,4493,1.0,1.0,1.0,0.4046161201275348,0.721604614577871,0.5567226498463876,0.4953112100110647,0.5979966907446443,drugs_10_novelty_76,5.637716770172119,0.001260143588297069,1.0,0.002209221012890339,1.0,0.0015166288940235972,1.0,0.0012171103153377771,1.0,0.001231216243468225,1.0
drugs_10_novelty,77,5.762742519378662,40.5040625,6400,6382,1836,4564,1.0,1.0,1.0,0.4179787088786475,0.7299564270152504,0.559088670023383,0.4946330783621765,0.6036005193736792,drugs_10_novelty_77,7.776146411895752,0.0012972400290891528,1.0,0.0022567780688405037,1.0,0.001607970567420125,1.0,0.0015086943749338388,1.0,0.001167074078693986,1.0
drugs_10_novelty,78,5.732670783996582,41.39078125,6400,6384,1738,4662,1.0,1.0,1.0,0.36217414286460053,0.7111622554660529,0.548697779725383,0.4937256933142791,0.5926461973136682,drugs_10_novelty_78,13.628173828125,0.0026432224549353123,1.0,0.0015614967560395598,1.0,0.0013855021679773927,1.0,0.0014365119859576225,1.0,0.0013727267505601048,1.0
drugs_10_novelty,79,5.734123706817627,42.30703125,6400,6386,1666,4734,1.0,1.0,1.0,0.31265536913277225,0.7337935174069627,0.5556797736159699,0.4861884439178535,0.6049061109734335,drugs_10_novelty_79,6.296756744384766,0.001792294904589653,1.0,0.001957959495484829,1.0,0.0025292709469795227,1.0,0.0011899216333404183,1.0,0.0014694564742967486,1.0
drugs_10_novelty,80,5.713837146759033,43.3254375,32000,31828,8146,23854,1.0,0.9998772403633686,1.0,0.37566061594358013,0.7130002455192732,0.5477431217855168,0.49022616235553995,0.5790302740175569,drugs_10_novelty_80,4.842447280883789,0.004937257617712021,1.0,0.003636470530182123,1.0,0.0012213402660563588,1.0,0.0015384609578177333,1.0,0.002806223463267088,1.0
drugs_10_novelty,81,5.7016191482543945,44.32734375,6400,6385,1538,4862,1.0,1.0,1.0,0.3830892040022837,0.7012353706111834,0.545816559902015,0.4904735582153978,0.570532174216167,drugs_10_novelty_81,34.13570022583008,0.001745750429108739,1.0,0.0015225406968966126,1.0,0.0015296090859919786,1.0,0.0026395295280963182,1.0,0.0016120437067002058,1.0
drugs_10_novelty,82,5.688505172729492,45.3234375,6400,6385,1500,4900,1.0,1.0,1.0,0.3851345094782973,0.6925999999999999,0.5357139872956811,0.4992716730136582,0.5546919845762169,drugs_10_novelty_82,5.330748081207275,0.001208747737109661,1.0,0.023667706176638603,0.9841270446777344,0.0014855311019346118,1.0,0.0012470325455069542,1.0,0.001486854045651853,1.0
drugs_10_novelty,83,5.679844856262207,45.85734375,6400,6388,1522,4878,1.0,1.0,1.0,0.41142056000084043,0.6984888304862023,0.5351771746644974,0.49196841355726595,0.5637867385229716,drugs_10_novelty_83,8.479052543640137,0.0013991412706673145,1.0,0.0013784831389784813,1.0,0.0030411258339881897,1.0,0.001774204894900322,1.0,0.0016547568375244737,1.0
drugs_10_novelty,84,5.670927047729492,46.71359375,6400,6388,1425,4975,1.0,1.0,1.0,0.3784538178143779,0.6938947368421052,0.5227164871676929,0.49414580857218954,0.5442015236384723,drugs_10_novelty_84,7.800896644592285,0.0014966924209147692,1.0,0.0011752286227419972,1.0,0.001620372524484992,1.0,0.0024086609482765198,1.0,0.001425363589078188,1.0
drugs_10_novelty,85,5.665305137634277,47.985,6400,6378,1308,5092,1.0,1.0,1.0,0.43035480134609155,0.6650611620795107,0.5199995419393751,0.502249359061005,0.5305255945696882,drugs_10_novelty_85,6.089355945587158,0.007685292977839708,1.0,0.002500796690583229,1.0,0.001218039309605956,1.0,0.001223603030666709,1.0,0.001246099709533155,1.0
drugs_10_novelty,86,5.658879280090332,49.34328125,6400,6387,1254,5146,1.0,1.0,1.0,0.4257558753933132,0.6661084529505582,0.5234453912886157,0.5047313723282498,0.5133547371470293,drugs_10_novelty_86,8.587175369262695,0.001937804277986288,1.0,0.001304915640503168,1.0,0.009901798330247402,1.0,0.0015356321819126606,1.0,0.0012577372835949063,1.0
drugs_10_novelty,87,5.651384353637695,51.095,6400,6386,1183,5217,1.0,1.0,1.0,0.4475743318514798,0.6437869822485207,0.5047399874149581,0.5165313896251263,0.48357505109050886,drugs_10_novelty_87,10.99400520324707,0.0011331865098327398,1.0,0.0012635340681299567,1.0,0.0011815084144473076,1.0,0.0015973395202308893,1.0,0.0013151428429409862,1.0
drugs_10_novelty,88,5.627779006958008,52.0165625,6400,6392,1098,5302,1.0,1.0,1.0,0.4561220154898051,0.6346083788706739,0.522231824054595,0.5157680304467467,0.48145617919793604,drugs_10_novelty_88,9.684791564941406,0.0010933867888525128,1.0,0.001216268166899681,1.0,0.0009588781977072358,1.0,0.0010768426582217216,1.0,0.0010485012317076325,1.0
drugs_10_novelty,89,5.646082878112793,52.7625,6400,6395,995,5405,1.0,1.0,1.0,0.4270483004111919,0.6208040201005025,0.5180811040486358,0.5209652099760401,0.46606996745371465,drugs_10_novelty_89,2.634807586669922,0.0010178526863455772,1.0,0.0010207740124315023,1.0,0.0010576725471764803,1.0,0.0010487418621778488,1.0,0.001211358467116952,1.0
drugs_10_novelty,90,5.642845630645752,53.0616875,32000,31905,4928,27072,1.0,1.0,1.0,0.4524998020182194,0.6152597402597403,0.512476738292482,0.5159392839351619,0.4597699762538241,drugs_10_novelty_90,5.400249004364014,0.0009765111608430743,1.0,0.00113988621160388,1.0,0.0017991014756262302,1.0,0.005441226530820131,1.0,0.0010386575013399124,1.0
drugs_10_novelty,91,5.630892276763916,53.56484375,6400,6396,938,5462,1.0,1.0,1.0,0.47292416145571414,0.6075692963752665,0.521249978549213,0.5120217323008501,0.45988955519791536,drugs_10_novelty_91,1.9757440090179443,0.0013450675178319216,1.0,0.02104860171675682,0.9841270446777344,0.001616433379240334,1.0,0.0009629285195842385,1.0,0.0009630788117647171,1.0
drugs_10_novelty,92,5.638375282287598,53.59890625,6400,6395,967,5433,1.0,1.0,1.0,0.46204642275762015,0.6072388831437434,0.5223666864048503,0.5237174689497833,0.4534646822718901,drugs_10_novelty_92,8.400018692016602,0.001384079921990633,1.0,0.0011427521239966154,1.0,0.0010557800997048616,1.0,0.0015437219990417361,1.0,0.0016209775349125266,1.0
drugs_10_novelty,93,5.643075466156006,53.74515625,6400,6395,929,5471,1.0,1.0,1.0,0.46936868116155667,0.6276641550053821,0.5075813970329773,0.5217209606838972,0.45283161130675453,drugs_10_novelty_93,3.1245570182800293,0.0010837464360520244,1.0,0.0017046603607013822,1.0,0.001440377440303564,1.0,0.0011095041409134865,1.0,0.0010162172839045525,1.0
drugs_10_novelty,94,5.606943130493164,53.5428125,6400,6393,990,5410,1.0,1.0,1.0,0.3644214678601921,0.5885858585858587,0.5254528204285697,0.5284253303428544,0.45668000480084864,drugs_10_novelty_94,3.1702585220336914,0.0010322572197765112,1.0,0.0010285634780302644,1.0,0.001114918035455048,1.0,0.0010657395469024777,1.0,0.0010134089970961213,1.0
drugs_10_novelty,95,5.621122360229492,54.0428125,6400,6390,936,5464,1.0,1.0,1.0,0.43425834020598136,0.5928418803418802,0.5411446878837323,0.5334948662776601,0.46258831839610276,drugs_10_novelty_95,3.709993839263916,0.0010882220230996609,1.0,0.0010887846583500504,1.0,0.0011045667342841625,1.0,0.0009261054219678044,1.0,0.0011684974888339639,1.0
drugs_10_novelty,96,5.625093936920166,53.49265625,6400,6390,996,5404,1.0,1.0,1.0,0.43827344858860395,0.6008032128514056,0.5284395459545732,0.5243450771881203,0.471438453018392,drugs_10_novelty_96,4.492118835449219,0.0013434768188744783,1.0,0.001132897101342678,1.0,0.0009869899367913604,1.0,0.00257750041782856,1.0,0.001171291689388454,1.0
drugs_10_novelty,97,5.61751651763916,53.12671875,6400,6390,1084,5316,1.0,1.0,1.0,0.4287597545499965,0.6075645756457565,0.5534140680668589,0.5180492875293727,0.4943309365962937,drugs_10_novelty_97,1.364992380142212,0.0014494528295472264,1.0,0.0028212990146130323,1.0,0.0016558980569243431,1.0,0.0019856176804751158,1.0,0.001195957651361823,1.0
drugs_10_novelty,98,5.62244987487793,52.73828125,6400,6381,1169,5231,1.0,1.0,1.0,0.4304933400139986,0.6201026518391789,0.5479851486191132,0.5228678400152477,0.5047504491809265,drugs_10_novelty_98,2.095552921295166,0.0010099613573402166,1.0,0.0010576876811683178,1.0,0.0010293483501300216,1.0,0.0009877061238512397,1.0,0.0010431704577058554,1.0
drugs_10_novelty,99,5.628396034240723,52.41234375,6400,6382,1243,5157,1.0,1.0,1.0,0.42539754910231686,0.6144810941271118,0.5588704445498819,0.5115354807416832,0.5162239513551443,drugs_10_novelty_99,7.586755275726318,0.0027737682685256004,1.0,0.00469976756721735,1.0,0.0011652375105768442,1.0,0.001592913526110351,1.0,0.0013764016330242157,1.0
drugs_10_novelty,100,5.648139476776123,52.08665625,32000,31878,6325,25675,1.0,1.0,1.0,0.3780971506260277,0.6136126482213438,0.568854953695356,0.509197973664051,0.5331649457742346,drugs_10_novelty_100,4.595166206359863,0.0014381405198946595,1.0,0.0012299844529479742,1.0,0.0013058315962553024,1.0,0.00128739548381418,1.0,0.0017860960215330124,1.0
drugs_10_novelty,101,5.656008720397949,51.83453125,6400,6389,1305,5095,1.0,1.0,1.0,0.3374229335418697,0.6190804597701149,0.5784076014417268,0.5089116883731198,0.5495298199711083,drugs_10_novelty_101,9.769237518310547,0.001127386698499322,1.0,0.001471146591939032,1.0,0.0023500481620430946,1.0,0.0012636404717341065,1.0,0.0011875089257955551,1.0
drugs_10_novelty,102,5.6742963790893555,51.2521875,6400,6384,1429,4971,1.0,1.0,1.0,0.3764192872556023,0.625962211336599,0.5883740986736261,0.506312809601695,0.5622881035658012,drugs_10_novelty_102,5.975767135620117,0.002604990964755416,1.0,0.0012591603444889188,1.0,0.0014317231252789497,1.0,0.001371741876937449,1.0,0.001505348365753889,1.0
drugs_10_novelty,103,5.682559013366699,51.0171875,6400,6397,1509,4891,1.0,1.0,1.0,0.373320976416985,0.642677269715043,0.5939607622965134,0.49527981187275455,0.5743836941189884,drugs_10_novelty_103,7.321619987487793,0.002962603233754635,1.0,0.0011573637602850795,1.0,0.001631751423701644,1.0,0.00981217436492443,1.0,0.002487070858478546,1.0
drugs_10_novelty,104,5.688663482666016,50.0525,6400,6387,1497,4903,1.0,1.0,1.0,0.3370196871306496,0.657247828991316,0.589037862711054,0.49317743573910167,0.5905263332050528,drugs_10_novelty_104,3.8937437534332275,0.0015220696805045009,1.0,0.0016329692443832755,1.0,0.0017741891788318753,1.0,0.0019409102387726307,1.0,0.0018499440047889948,1.0
drugs_10_novelty,105,5.683321475982666,49.696875,6400,6391,1416,4984,1.0,1.0,1.0,0.3766116913039475,0.6435734463276835,0.5807439739767248,0.4944902297364756,0.5829203667516316,drugs_10_novelty_105,4.819647312164307,0.0011833637254312634,1.0,0.001935674692504108,1.0,0.0014908018056303263,1.0,0.0011846049455925822,1.0,0.0012354266364127398,1.0
drugs_10_novelty,106,5.687349319458008,49.4028125,6400,6399,1359,5041,1.0,1.0,1.0,0.31704517712513525,0.6449595290654894,0.5740045392602372,0.4949230493860462,0.584459355552396,drugs_10_novelty_106,4.309239387512207,0.0019636175129562616,1.0,0.0011247973889112473,1.0,0.0018270614091306925,1.0,0.0023529822938144207,1.0,0.0013837706064805388,1.0
drugs_10_novelty,107,5.692392349243164,48.92890625,6400,6396,1250,5150,1.0,1.0,1.0,0.3754819825133628,0.65056,0.5635760485352972,0.4945067674736866,0.5812250969872003,drugs_10_novelty_107,6.381967544555664,0.00285936682485044,1.0,0.001509014517068863,1.0,0.002197468187659979,1.0,0.001558446092531085,1.0,0.0022550816647708416,1.0
drugs_10_novelty,108,5.706427097320557,48.26359375,6400,6392,1255,5145,1.0,1.0,1.0,0.3322138657822372,0.6686852589641433,0.5507837426715158,0.4937037516932562,0.5796683183240645,drugs_10_novelty_108,4.945076942443848,0.0013664071448147297,1.0,0.0015109488740563393,1.0,0.0017294867429882288,1.0,0.001987566938623786,1.0,0.0011555871460586786,1.0
drugs_10_novelty,109,5.712434768676758,48.07125,6400,6394,1180,5220,1.0,1.0,1.0,0.3768721938594412,0.6555932203389829,0.5428267671085629,0.5028017046018423,0.5563693156695255,drugs_10_novelty_109,11.25279712677002,0.002108718268573284,1.0,0.0015090242959558964,1.0,0.0013746920740231872,1.0,0.0014792399015277624,1.0,0.0013183729024603963,1.0
drugs_10_novelty,110,5.712825298309326,47.19990625,32000,31922,6256,25744,1.0,1.0,1.0,0.3872798100369931,0.641863810741688,0.5430078956044821,0.5060338633704453,0.5624625992361858,drugs_10_novelty_110,13.279112815856934,0.001304150209762156,1.0,0.0014837086200714111,1.0,0.001488763839006424,1.0,0.001453415141440928,1.0,0.0030170739628374577,1.0
drugs_10_novelty,111,5.714461803436279,46.69421875,6400,6397,1181,5219,1.0,1.0,1.0,0.3513798205181349,0.6449618966977139,0.5300851055275971,0.507202829500419,0.5555017978712349,drugs_10_novelty_111,5.712680816650391,0.0014619666617363691,1.0,0.0012137056328356266,1.0,0.0011962985154241323,1.0,0.001630889717489481,1.0,0.0016345229232683778,1.0
drugs_10_novelty,112,5.694456100463867,46.02234375,6400,6394,1223,5177,1.0,1.0,1.0,0.3589875935089644,0.6467702371218316,0.5124019892032466,0.51015201876291,0.5468650679381255,drugs_10_novelty_112,1.8272780179977417,0.00144560681656003,1.0,0.0013079862110316753,1.0,0.0023161591961979866,1.0,0.003526080632582307,1.0,0.0016487850807607174,1.0
drugs_10_novelty,113,5.6773881912231445,45.04671875,6400,6397,1266,5134,1.0,1.0,1.0,0.3440426501444289,0.6480252764612953,0.5156640458757116,0.5146296297961291,0.5569882523350577,drugs_10_novelty_113,3.672095775604248,0.0014288609381765127,1.0,0.00518137589097023,1.0,0.0013229016913101077,1.0,0.0013772370293736458,1.0,0.0017232813406735659,1.0
drugs_10_novelty,114,5.719254970550537,43.999375,6400,6392,1491,4909,1.0,1.0,1.0,0.36552114980494943,0.6584171696847753,0.5071429480870729,0.5073930677522511,0.5559789114687163,drugs_10_novelty_114,5.958449363708496,0.0015837328974157572,1.0,0.0014494095230475068,1.0,0.001432598102837801,1.0,0.0018555456772446632,1.0,0.007367982529103756,1.0
drugs_10_novelty,115,5.703979969024658,43.9159375,6400,6393,1471,4929,1.0,1.0,1.0,0.33565777662774465,0.6524813052345343,0.507517757702842,0.5150365140885829,0.5445527919034739,drugs_10_novelty_115,6.2865214347839355,0.001433375640772283,1.0,0.001464418601244688,1.0,0.001629379577934742,1.0,0.0014868106227368116,1.0,0.002653480274602771,1.0
drugs_10_novelty,116,5.715268135070801,43.98875,6400,6389,1538,4862,1.0,1.0,1.0,0.4164790467378357,0.6527958387516255,0.4984729703148951,0.5087930635391277,0.5290599262580212,drugs_10_novelty_116,6.534114360809326,0.0016024248907342553,1.0,0.002396652940660715,1.0,0.0019357209093868732,1.0,0.0015461442526429892,1.0,0.001500577898696065,1.0
drugs_10_novelty,117,5.700836181640625,44.09375,6400,6396,1651,4749,1.0,1.0,1.0,0.3696052144759548,0.6503937007874016,0.5235822620265147,0.5091375379633176,0.5327134809635699,drugs_10_novelty_117,15.674934387207031,0.0014384046662598848,1.0,0.0013812152901664376,1.0,0.00983524788171053,1.0,0.0015652093570679426,1.0,0.005775223020464182,1.0
drugs_10_novelty,118,5.7029194831848145,44.42328125,6400,6395,1538,4862,1.0,1.0,1.0,0.36310851393181637,0.6547464239271781,0.5197660498695496,0.5089443206255152,0.5256580511594195,drugs_10_novelty_118,9.525430679321289,0.002464784774929285,1.0,0.0016372380778193474,1.0,0.002392963506281376,1.0,0.0014458594378083944,1.0,0.001485488610342145,1.0
drugs_10_novelty,119,5.684825897216797,43.88484375,6400,6397,1613,4787,1.0,1.0,1.0,0.41308551589953424,0.6483570985740855,0.5199240930538711,0.507489572366672,0.528964820634226,drugs_10_novelty_119,7.885242462158203,0.001488149631768465,1.0,0.00232807919383049,1.0,0.008148695342242718,1.0,0.001518277800641954,1.0,0.0015709263971075416,1.0
drugs_10_novelty,120,5.663482189178467,43.38940625,32000,31948,7711,24289,1.0,1.0,1.0,0.40925277072074956,0.6517701984178446,0.5161332796876743,0.5060984642667175,0.525079540424778,drugs_10_novelty_120,6.205955505371094,0.0017537754029035568,1.0,0.002838835585862398,1.0,0.0014196226838976145,1.0,0.0015303459949791431,1.0,0.0014307666569948196,1.0
drugs_10_novelty,121,5.6365180015563965,42.75375,6400,6400,1486,4914,1.0,1.0,1.0,0.3986318310283239,0.6537685060565276,0.5044122583280034,0.5030203855128681,0.5218213102798629,drugs_10_novelty_121,4.119334697723389,0.0015464649768546224,1.0,0.001890616025775671,1.0,0.001314734574407339,1.0,0.0014904092531651258,1.0,0.001575099304318428,1.0
drugs_10_novelty,122,5.630914211273193,42.36,6400,6396,1399,5001,1.0,1.0,1.0,0.36423456844972957,0.6490350250178699,0.5080267185768054,0.5038480476066116,0.5241684084386045,drugs_10_novelty_122,7.448484897613525,0.0013962460216134787,1.0,0.0016625241842120886,1.0,0.0017092524794861674,1.0,0.0014764786465093493,1.0,0.0013997814385220408,1.0
drugs_10_novelty,123,5.606983661651611,42.19734375,6400,6397,1402,4998,1.0,1.0,1.0,0.3810631628678066,0.6515691868758916,0.5034188582514711,0.5028565146142748,0.5057787988245885,drugs_10_novelty_123,4.993354320526123,0.0017721594776958227,1.0,0.003281427314504981,1.0,0.0015196347376331687,1.0,0.0021990572568029165,1.0,0.001527488580904901,1.0
drugs_10_novelty,124,5.607232570648193,41.65046875,6400,6400,1449,4951,1.0,1.0,1.0,0.3707608833274483,0.6536922015182886,0.5110483955666223,0.5027322142103978,0.5169166808478965,drugs_10_novelty_124,6.725725173950195,0.007932722568511963,1.0,0.001530428184196353,1.0,0.0015972098335623741,1.0,0.0019729326013475657,1.0,0.001261035562492907,1.0
drugs_10_novelty,125,5.609335422515869,41.19953125,6400,6399,1512,4888,1.0,1.0,1.0,0.3741142266322367,0.6369708994708995,0.50489982695323,0.5084015009344296,0.49618951330064576,drugs_10_novelty_125,10.143733024597168,0.0014589827042073011,1.0,0.00700962170958519,1.0,0.002849698532372713,1.0,0.0019995986949652433,1.0,0.001612957683391869,1.0
drugs_10_novelty,126,5.590356826782227,40.9521875,6400,6396,1530,4870,1.0,1.0,1.0,0.4212567833806028,0.6231372549019607,0.49367756623498465,0.5167419595356493,0.5019366448285902,drugs_10_novelty_126,9.056734085083008,0.0018702622037380934,1.0,0.0016521828947588801,1.0,0.0018944331677630544,1.0,0.0016939332708716393,1.0,0.0014053845079615712,1.0
drugs_10_novelty,127,5.614138603210449,40.9884375,6400,6399,1563,4837,1.0,1.0,1.0,0.42289368218437356,0.6352527191298785,0.5016636701645407,0.5058397842487404,0.5136277851854152,drugs_10_novelty_127,5.891165256500244,0.0014936120714992285,1.0,0.0015675440663471818,1.0,0.0016519337659701705,1.0,0.0016532199224457145,1.0,0.0017871177988126874,1.0
drugs_10_novelty,128,5.649850845336914,40.89125,6400,6396,1678,4722,1.0,1.0,1.0,0.3603369531323008,0.6327175208581644,0.49950194098399153,0.5072216778268986,0.5193747067196957,drugs_10_novelty_128,10.665224075317383,0.0019341977313160896,1.0,0.001680909190326929,1.0,0.006782215088605881,1.0,0.002337177749723196,1.0,0.0018039627466350794,1.0
drugs_10_novelty,129,5.684762001037598,40.41796875,6400,6398,1714,4686,1.0,1.0,1.0,0.37879479815553546,0.6362310385064177,0.513016877716639,0.5035029504016904,0.543028147300182,drugs_10_novelty_129,15.632691383361816,0.0014710627729073167,1.0,0.0027045721653848886,1.0,0.0016112697776407003,1.0,0.0015048753703013062,1.0,0.0014750612899661064,1.0
drugs_10_novelty,130,5.714155673980713,39.96453125,32000,31910,9187,22813,1.0,1.0,1.0,0.35784718204143373,0.6393599651681723,0.5071977490017413,0.5035048751190038,0.5425719132561155,drugs_10_novelty_130,5.418071269989014,0.001969828037545085,1.0,0.001313915359787643,1.0,0.0014002086827531457,1.0,0.0015828594332560897,1.0,0.0016169582959264517,1.0
drugs_10_novelty,131,5.718506336212158,39.45921875,6400,6393,1912,4488,1.0,1.0,1.0,0.38075720245009015,0.6248430962343096,0.5034557548640974,0.5056681300442963,0.5461677045756665,drugs_10_novelty_131,8.961804389953613,0.001815934432670474,1.0,0.0015567331574857235,1.0,0.001986695919185877,1.0,0.002686271909624338,1.0,0.0013259549159556627,1.0
drugs_10_novelty,132,5.763433456420898,39.16953125,6400,6390,1802,4598,1.0,1.0,1.0,0.3984336949985458,0.6389567147613763,0.5024576530475415,0.5083050345624498,0.5447130664818995,drugs_10_novelty_132,6.146389961242676,0.001209496520459652,1.0,0.0026595480740070343,1.0,0.0031938040629029274,1.0,0.0011903465492650867,1.0,0.0014807641273364425,1.0
drugs_10_novelty,133,5.760751724243164,38.715625,6400,6387,1663,4737,1.0,0.9993986770895971,1.0,0.4111061248062026,0.6209861695730606,0.487938999823381,0.5119788320171871,0.5317864628165926,drugs_10_novelty_133,2.881112575531006,0.001193989417515695,1.0,0.0016475003212690353,1.0,0.0012361158151179552,1.0,0.0011788675328716636,1.0,0.0011422907700762153,1.0
drugs_10_novelty,134,5.812465190887451,38.1765625,6400,6372,1475,4925,1.0,1.0,1.0,0.4445483958496684,0.631728813559322,0.4834993849574476,0.51822057876405,0.5376630074708386,drugs_10_novelty_134,5.24930477142334,0.0013545530382543802,1.0,0.0011136954417452216,1.0,0.0010402745101600885,1.0,0.001231349422596395,1.0,0.0011498924577608705,1.0
drugs_10_novelty,135,5.81936502456665,38.36828125,6400,6377,1371,5029,1.0,1.0,1.0,0.3942807254923769,0.612910284463895,0.4660496796836442,0.5294864310264732,0.5088872819438738,drugs_10_novelty_135,3.9440033435821533,0.0012062648311257362,1.0,0.0018047199118882418,1.0,0.0010399898746982217,1.0,0.001064765965566039,1.0,0.001056985929608345,1.0
drugs_10_novelty,136,5.82240104675293,37.87203125,6400,6361,1367,5033,1.0,1.0,1.0,0.41751559252858783,0.6138258961228968,0.4699568969449937,0.526395608154721,0.5155708918004022,drugs_10_novelty_136,3.4885315895080566,0.0011289875255897641,1.0,0.0011508342577144504,1.0,0.001059943693690002,1.0,0.00101541168987751,1.0,0.0013335500843822956,1.0
drugs_10_novelty,137,5.820554733276367,37.9509375,6400,6369,1409,4991,1.0,1.0,1.0,0.46592621713936605,0.6144073811213626,0.461599914084139,0.5237293018871576,0.5165193665949439,drugs_10_novelty_137,1.9852137565612793,0.0011662635952234268,1.0,0.0010832292027771473,1.0,0.0015239655040204525,1.0,0.00117984670214355,1.0,0.0010202701669186354,1.0
drugs_10_novelty,138,5.843832969665527,37.8975,6400,6355,1423,4977,1.0,1.0,1.0,0.39950021919996054,0.5848910751932537,0.44700887276387075,0.5395704896895616,0.49436793553887,drugs_10_novelty_138,10.095626831054688,0.0037808152846992016,1.0,0.0012891548685729504,1.0,0.009747382253408432,1.0,0.001017171423882246,1.0,0.001037461101077497,1.0
drugs_10_novelty,139,5.814038276672363,38.04234375,6400,6369,1291,5109,1.0,1.0,1.0,0.40910519319193744,0.5840433772269559,0.44096459138132726,0.5417382555898108,0.4865509267751777,drugs_10_novelty_139,3.4239931106567383,0.0010820530587807298,1.0,0.0010184281272813678,1.0,0.0010110527509823442,1.0,0.0008957048994489014,1.0,0.0008881429675966501,1.0
drugs_10_novelty,140,5.800658702850342,38.3529375,32000,31547,6543,25457,1.0,1.0,1.0,0.41142228175729195,0.5849457435427173,0.44565500635510635,0.5414792051139987,0.486310460548029,drugs_10_novelty_140,5.490753173828125,0.0010719706770032644,1.0,0.001104056602343917,1.0,0.0010537090711295605,1.0,0.0009445881587453187,1.0,0.000982650206424296,1.0
drugs_10_novelty,141,5.793879508972168,38.55515625,6400,6351,1351,5049,0.999259807549963,0.999259807549963,0.9994818652849741,0.3893629155505984,0.5794966691339748,0.4514028553705392,0.5407247381066361,0.4942459247045318,drugs_10_novelty_141,8.393879890441895,0.0011713975109159946,1.0,0.001123424037359655,1.0,0.0011305882362648845,1.0,0.0009630104759708047,1.0,0.000970443885307759,1.0
drugs_10_novelty,142,5.737146377563477,39.081875,6400,6383,1402,4998,1.0,1.0,1.0,0.4468219414357975,0.5865192582025677,0.4551933963155053,0.5341554776674251,0.5006606874825145,drugs_10_novelty_142,7.775979518890381,0.0010581820970401168,1.0,0.0009419612470082939,1.0,0.001269600004889071,1.0,0.001438109902665019,1.0,0.002307890448719263,1.0
drugs_10_novelty,143,5.706818103790283,39.29953125,6400,6368,1312,5088,1.0,1.0,1.0,0.4055904717150203,0.5917682926829267,0.44168201914741356,0.5433551597175807,0.47889503840468967,drugs_10_novelty_143,3.381760597229004,0.0010969475843012333,1.0,0.0010375254787504673,1.0,0.000958529650233686,1.0,0.0013098138151690364,1.0,0.001513756811618805,1.0
drugs_10_novelty,144,5.69883918762207,40.36984375,6400,6382,1414,4986,1.0,1.0,1.0,0.37347375433251034,0.5721357850070722,0.44627185973161604,0.5496206447186246,0.47792143946719995,drugs_10_novelty_144,2.916966438293457,0.001076792716048658,1.0,0.0009110217215493321,1.0,0.001030720304697752,1.0,0.000958423363044858,1.0,0.0013021198101341724,1.0
drugs_10_novelty,145,5.660254955291748,40.7625,6400,6372,1378,5022,1.0,1.0,1.0,0.4653234482222041,0.5947750362844701,0.43958135740771864,0.5440281399265888,0.4733346805446618,drugs_10_novelty_145,6.22694730758667,0.0010161844547837973,1.0,0.0010075322352349758,1.0,0.0018487407360225916,1.0,0.0014966914895921946,1.0,0.0014605964533984661,1.0
drugs_10_novelty,146,5.624965190887451,41.93171875,6400,6392,1360,5040,0.9992647058823529,1.0,0.999485294117647,0.4645355192718376,0.5653676470588235,0.43717309775367075,0.5538211323658072,0.4442588826128282,drugs_10_novelty_146,4.482288837432861,0.0011169190984219313,1.0,0.0010747765190899372,1.0,0.0015966304345056415,1.0,0.0013208360178396106,1.0,0.001096369349397719,1.0
drugs_10_novelty,147,5.599977493286133,42.468125,6400,6384,1403,4997,1.0,1.0,1.0,0.4066777874481815,0.5905203136136848,0.4487892048460683,0.5483058340988224,0.4607029021693529,drugs_10_novelty_147,12.420557022094727,0.0012381889391690493,1.0,0.0009754961938597262,1.0,0.0014135055243968964,1.0,0.0011103979777544737,1.0,0.0012576362350955606,1.0
drugs_10_novelty,148,5.598398208618164,43.50015625,6400,6385,1259,5141,1.0,1.0,1.0,0.44376850694091124,0.5774424146147736,0.45674481164196556,0.547982126767981,0.45178564237300917,drugs_10_novelty_148,3.4229846000671387,0.001141885994002223,1.0,0.0027087009511888027,1.0,0.0010257005924358964,1.0,0.0012021780712530017,1.0,0.0011619147844612598,1.0
drugs_10_novelty,149,5.5719733238220215,44.911875,6400,6391,1206,5194,1.0,1.0,1.0,0.46031415384162966,0.5718076285240463,0.44187236108079775,0.5542504190712925,0.42287843683640874,drugs_10_novelty_149,7.392460346221924,0.001069160527549684,1.0,0.0011143989395350218,1.0,0.0011034319177269936,1.0,0.001487107714638114,1.0,0.001118702464736998,1.0
drugs_10_novelty,150,5.5641584396362305,46.12984375,32000,31920,5883,26117,1.0,1.0,1.0,0.44029269944938326,0.5736359000509944,0.4560280434865442,0.552876364715374,0.4281668929955171,drugs_10_novelty_150,5.902674674987793,0.0010494773741811514,1.0,0.0011019347002729774,1.0,0.0014098793035373092,1.0,0.0010007964447140694,1.0,0.0010774589609354734,1.0
drugs_10_novelty,151,5.540520191192627,47.42890625,6400,6393,1078,5322,1.0,1.0,1.0,0.3977181832568309,0.5868274582560296,0.4632788765390623,0.558346797357648,0.42950088704583267,drugs_10_novelty_151,13.855672836303711,0.0010593514889478683,1.0,0.0009671053849160671,1.0,0.0013410369865596294,1.0,0.00107689225114882,1.0,0.0010109040886163712,1.0
drugs_10_novelty,152,5.53276252746582,48.10734375,6400,6390,1142,5258,1.0,1.0,1.0,0.4397700615854679,0.5644483362521892,0.4671108107281094,0.5513576714353823,0.4379986130874673,drugs_10_novelty_152,6.834613800048828,0.0009910357184708118,1.0,0.0010673044016584754,1.0,0.0011273142881691456,1.0,0.0012798982206732035,1.0,0.0010134382173418999,1.0
drugs_10_novelty,153,5.512387275695801,48.83109375,6400,6392,1112,5288,1.0,1.0,1.0,0.4342271164844888,0.5901079136690648,0.4855160909751671,0.5660044281424093,0.4211620123926666,drugs_10_novelty_153,4.822636604309082,0.0009458732092753053,1.0,0.000953732174821198,1.0,0.0009595690644346178,1.0,0.0009345138678327203,1.0,0.0009144262876361609,1.0
drugs_10_novelty,154,5.501367092132568,49.84609375,6400,6395,982,5418,1.0,1.0,1.0,0.45577903917597395,0.5719959266802443,0.4638032558108007,0.5586175989035618,0.4085500658823214,drugs_10_novelty_154,2.3732497692108154,0.0010027686366811395,1.0,0.0010581136448308825,1.0,0.0009176376042887568,1.0,0.0010112382005900145,1.0,0.0013433655258268118,1.0
drugs_10_novelty,155,5.489309787750244,50.7965625,6400,6394,981,5419,1.0,1.0,1.0,0.4464792268183639,0.5762487257900102,0.4705806653539399,0.5639808797337683,0.4076585729742894,drugs_10_novelty_155,7.607799053192139,0.0008536308887414634,1.0,0.001203601830638945,1.0,0.0011334309820085764,1.0,0.0009314336930401623,1.0,0.0008497634553350508,1.0
drugs_10_novelty,156,5.484288215637207,51.66515625,6400,6395,889,5511,1.0,1.0,1.0,0.4815645163569091,0.549718785151856,0.4667205819991286,0.5772654840100125,0.3900920811996807,drugs_10_novelty_156,5.266574859619141,0.0010757261188700795,1.0,0.0008292263955809176,1.0,0.0009463213500566781,1.0,0.0013365151826292276,1.0,0.0012711846502497792,1.0
drugs_10_novelty,157,5.460693359375,52.1396875,6400,6396,822,5578,1.0,1.0,1.0,0.5121604730918884,0.5551094890510948,0.43191172110215775,0.5931861223679977,0.3663588214053376,drugs_10_novelty_157,2.556025981903076,0.000793858605902642,1.0,0.0008488193852826953,1.0,0.000849720265250653,1.0,0.000784447998739779,1.0,0.0012600854970514774,1.0
drugs_10_novelty,158,5.46543025970459,52.37578125,6400,6393,753,5647,1.0,1.0,1.0,0.5101663201769555,0.5204515272244356,0.43044501961861253,0.6152485976995535,0.34956760585157953,drugs_10_novelty_158,4.6932291984558105,0.000862576300278306,1.0,0.0011531313648447394,1.0,0.0008172872476279736,1.0,0.0011056031798943877,1.0,0.0008389730355702341,1.0
drugs_10_novelty,159,5.45310115814209,52.54078125,6400,6396,732,5668,1.0,0.9986338797814208,1.0,0.472524083181204,0.5370218579234972,0.4249477022057392,0.6132461770593075,0.34545866718827994,drugs_10_novelty_159,2.8679590225219727,0.001164751360192895,1.0,0.0008426146814599633,1.0,0.0008086843299679458,1.0,0.0010590603342279792,1.0,0.0008497977396473289,1.0
drugs_10_novelty,160,5.452419757843018,52.43125,32000,31927,3229,28771,0.9996903065964695,0.9996903065964695,0.9997832146175287,0.47069881495909277,0.5505419634561783,0.4280625820344225,0.6197169751441348,0.3382581355068632,drugs_10_novelty_160,3.1763930320739746,0.0008411275921389461,1.0,0.0007266533793881536,1.0,0.000748933875001967,1.0,0.0018566902726888657,1.0,0.0008260434842668474,1.0
drugs_10_novelty,161,5.446046352386475,52.68671875,6400,6395,548,5852,1.0,1.0,1.0,0.5602044963103898,0.5105839416058394,0.41030487701294327,0.6460792193614545,0.31054151216569775,drugs_10_novelty_161,3.717832565307617,0.0008607544004917145,1.0,0.0007080989889800549,1.0,0.000719130621291697,1.0,0.0008636260172352195,1.0,0.0007615209906361997,1.0
drugs_10_novelty,162,5.4567551612854,52.0290625,6400,6396,523,5877,1.0,1.0,1.0,0.5751020202023562,0.5449330783938815,0.4240160091582122,0.6620546980135977,0.2968153470367948,drugs_10_novelty_162,5.943813323974609,0.000727982260286808,1.0,0.0008498458773829043,1.0,0.0007285340107046068,1.0,0.03612593188881874,0.9841270446777344,0.0008642316097393632,1.0
drugs_10_novelty,163,5.452512264251709,52.0078125,6400,6394,583,5817,1.0,1.0,1.0,0.6203585276288446,0.5430531732418525,0.4102803303042303,0.6761660299198713,0.28830412872742683,drugs_10_novelty_163,3.503192901611328,0.0007119664805941284,1.0,0.0006524986820295453,1.0,0.0006599879707209766,1.0,0.0007438680622726679,1.0,0.001292465953156352,1.0
drugs_10_novelty,164,5.428518295288086,51.354375,6400,6395,571,5829,1.0,1.0,1.0,0.5581995220556735,0.5619964973730297,0.4178495687569679,0.6721068642410937,0.31167729732902283,drugs_10_novelty_164,3.55680775642395,0.0006471780361607671,1.0,0.0006117047742009163,1.0,0.0006290746969170868,1.0,0.0006558256573043764,1.0,0.0006373350042849779,1.0
drugs_10_novelty,165,5.428224086761475,50.5540625,6400,6392,560,5840,1.0,1.0,1.0,0.569253498306424,0.6082142857142857,0.4293442260385868,0.6679114751866378,0.3471108902220489,drugs_10_novelty_165,3.6328418254852295,0.0006737104267813265,1.0,0.0006965120555832982,1.0,0.0005704630166292191,1.0,0.0005885915015824139,1.0,0.0006550740799866617,1.0
drugs_10_novelty,166,5.436110019683838,50.0621875,6400,6394,573,5827,1.0,1.0,1.0,0.6188820515403562,0.6020942408376964,0.44320400035184027,0.6772955341013576,0.32796569209131843,drugs_10_novelty_166,3.375509738922119,0.0008250134414993227,1.0,0.0005177470738999546,1.0,0.000613240001257509,1.0,0.0005932425265200436,1.0,0.0009266568813472986,1.0
drugs_10_novelty,167,5.409443378448486,49.3209375,6400,6389,639,5761,1.0,1.0,1.0,0.6039657297337174,0.602034428794992,0.43883122641306593,0.6763416303271488,0.35946915743400665,drugs_10_novelty_167,0.8629549741744995,0.0005979588022455573,1.0,0.0006789622129872441,1.0,0.0005359335918910801,1.0,0.0005189652438275516,1.0,0.0005648546502925456,1.0
drugs_10_novelty,168,5.4014787673950195,49.09984375,6400,6390,644,5756,1.0,1.0,1.0,0.6185859356088625,0.6192546583850932,0.4516698777185852,0.6714391698336398,0.3878460107552091,drugs_10_novelty_168,2.5035409927368164,0.0005220120074227452,1.0,0.0005628902581520379,1.0,0.0005003397818654776,1.0,0.0005657401634380221,1.0,0.0004938799538649619,1.0
drugs_10_novelty,169,5.402548313140869,48.04578125,6400,6387,685,5715,1.0,1.0,1.0,0.6476766106895222,0.6211678832116788,0.4443574863916903,0.6700344636874555,0.3967406385752445,drugs_10_novelty_169,2.0584871768951416,0.0004632247146219015,1.0,0.0006087984656915069,1.0,0.00048265617806464434,1.0,0.0007037951145321131,1.0,0.0006384956650435925,1.0
drugs_10_novelty,170,5.43546724319458,47.799625,32000,31840,3353,28647,1.0,1.0,1.0,0.6330713768731497,0.6438115120787354,0.46160616224937645,0.6710111982258387,0.39549118546521567,drugs_10_novelty_170,3.941812515258789,0.00045743188820779324,1.0,0.0005795154138468206,1.0,0.0004745313781313598,1.0,0.0004549281729850918,1.0,0.00052924471674487,1.0
drugs_10_novelty,171,5.432196617126465,46.66078125,6400,6383,702,5698,1.0,1.0,1.0,0.6078235093630481,0.6715099715099715,0.4543360161356682,0.6598308784750859,0.4153226885538717,drugs_10_novelty_171,1.4559829235076904,0.0004102638631593436,1.0,0.0004512433661147952,1.0,0.0004425163788255304,1.0,0.00046169222332537174,1.0,0.0004679257399402559,1.0
drugs_10_novelty,172,5.412486553192139,46.035625,6400,6385,713,5687,1.0,1.0,1.0,0.6466271158213516,0.6633941093969145,0.44856912869490245,0.6694464504297687,0.4184197224185323,drugs_10_novelty_172,2.2528834342956543,0.0004903208464384079,1.0,0.0004847303207498044,1.0,0.00042626584763638675,1.0,0.0004590428143274039,1.0,0.0004937374033033848,1.0
drugs_10_novelty,173,5.435164928436279,45.73390625,6400,6383,702,5698,1.0,1.0,1.0,0.6280210724741703,0.6673789173789174,0.4608628765422662,0.6689244493810677,0.4211361596142383,drugs_10_novelty_173,2.4199576377868652,0.00045392499305307865,1.0,0.000450853374786675,1.0,0.0005623023025691509,1.0,0.000538491178303957,1.0,0.0005427784635685384,1.0
drugs_10_novelty,174,5.446347236633301,45.3065625,6400,6390,720,5680,1.0,1.0,1.0,0.6450667413430636,0.6918055555555556,0.4639654862945062,0.6525805670269152,0.4398514343523677,drugs_10_novelty_174,0.41991496086120605,0.0004405753861647099,1.0,0.004974842071533203,1.0,0.0019781345035880804,1.0,0.000499736110214144,1.0,0.0009072099928744137,1.0
drugs_10_novelty,175,5.457158088684082,44.723125,6400,6370,739,5661,1.0,1.0,1.0,0.5575776057567143,0.674424898511502,0.4617392765255754,0.6473879094500267,0.44798034521382907,drugs_10_novelty_175,5.45678186416626,0.000473912077723071,1.0,0.0004436081799212843,1.0,0.00046206117258407176,1.0,0.0004932076553814113,1.0,0.00043403194285929203,1.0
drugs_10_novelty,176,5.4382805824279785,45.12109375,6400,6377,785,5615,1.0,0.9987261146496815,1.0,0.6436290880117089,0.6935031847133758,0.4674111078671878,0.6521222428353975,0.4492135248762104,drugs_10_novelty_176,1.3504853248596191,0.00048643932677805424,1.0,0.00041778016020543873,1.0,0.0004782246833201498,1.0,0.00042759269126690924,1.0,0.0005085074808448553,1.0
drugs_10_novelty,177,5.47264289855957,46.099375,6400,6380,740,5660,1.0,1.0,1.0,0.6157347197788671,0.7072972972972973,0.46556975157572744,0.6459440590677854,0.4296300634425688,drugs_10_novelty_177,1.832824468612671,0.0004044634406454861,1.0,0.0004626812878996134,1.0,0.00036804884439334273,1.0,0.00040376081597059965,1.0,0.00042141115409322083,1.0
drugs_10_novelty,178,5.483206272125244,46.864375,6400,6390,678,5722,1.0,1.0,1.0,0.6299020420213641,0.6747787610619468,0.47341329488538586,0.6638664866612954,0.4113782402776195,drugs_10_novelty_178,2.2575607299804688,0.0005013109766878188,1.0,0.0003659981011878699,1.0,0.00048713601427152753,1.0,0.00038275925908237696,1.0,0.0005949971964582801,1.0
drugs_10_novelty,179,5.501319408416748,47.7003125,6400,6383,643,5757,0.9984447900466563,0.9984447900466563,0.9989113530326593,0.6214169648151661,0.7115085536547434,0.4702742208114945,0.6454578228279989,0.42714177223691807,drugs_10_novelty_179,1.1722508668899536,0.00043304922292008996,1.0,0.0003950391837861389,1.0,0.00043076512520201504,1.0,0.0004319195286370814,1.0,0.00042553094681352377,1.0
drugs_10_novelty,180,5.524346828460693,48.203125,32000,31786,3356,28644,1.0,1.0,1.0,0.6482576710568065,0.6793504171632897,0.46546902942304885,0.639734339949848,0.4199674556830541,drugs_10_novelty_180,1.1834808588027954,0.0003568294341675937,1.0,0.0004041578504256904,1.0,0.0004114699549973011,1.0,0.0004151395696680993,1.0,0.0004730777582153678,1.0
drugs_10_novelty,181,5.528492450714111,48.4875,6400,6378,699,5701,1.0,1.0,1.0,0.5794221564128187,0.6931330472103004,0.4632051777713374,0.6347820789159492,0.4075031097196344,drugs_10_novelty_181,1.45223867893219,0.0004662813735194504,1.0,0.00048197692376561463,1.0,0.00041354549466632307,1.0,0.0003640329232439399,1.0,0.00042609276715666056,1.0
drugs_10_novelty,182,5.531745433807373,49.0878125,6400,6382,670,5730,1.0,1.0,1.0,0.5928164228717443,0.6728358208955224,0.4637355124644603,0.6466982766524909,0.3898117684868721,drugs_10_novelty_182,1.4839355945587158,0.0005060675321146846,1.0,0.0003775670484174043,1.0,0.00044714106479659677,1.0,0.000412802241044119,1.0,0.00042322982335463166,1.0
drugs_10_novelty,183,5.554571628570557,49.8478125,6400,6387,623,5777,1.0,1.0,1.0,0.6952092198274796,0.6622792937399679,0.4519922229867967,0.6485530148285424,0.39049057957091776,drugs_10_novelty_183,2.387937068939209,0.0004038328188471496,1.0,0.00042277330067008734,1.0,0.00045959241106174886,1.0,0.000900781771633774,1.0,0.00037660656380467117,1.0
drugs_10_novelty,184,5.566150665283203,50.42375,6400,6385,620,5780,1.0,1.0,1.0,0.6248023914132755,0.7006451612903225,0.44093516551073225,0.623708088118198,0.39229588718841424,drugs_10_novelty_184,2.1579856872558594,0.0005608208011835814,1.0,0.0005675031570717692,1.0,0.0004565456765703857,1.0,0.00039612705586478114,1.0,0.0004349453083705157,1.0
drugs_10_novelty,185,5.570506572723389,51.15671875,6400,6379,610,5790,1.0,1.0,1.0,0.6434451221734969,0.681639344262295,0.42422652852555637,0.6247542190251129,0.3871626832608113,drugs_10_novelty_185,1.082613468170166,0.0004247340839356184,1.0,0.0004902983782812953,1.0,0.000362326274625957,1.0,0.0004719375865533948,1.0,0.0003968047967646271,1.0
drugs_10_novelty,186,5.594221115112305,51.2746875,6400,6375,587,5813,1.0,1.0,1.0,0.661913577661559,0.7042589437819421,0.41546471585946154,0.6067650355752986,0.3991712143624393,drugs_10_novelty_186,2.4009571075439453,0.0005173318204469979,1.0,0.00039055285742506385,1.0,0.00045894947834312916,1.0,0.0003939403686672449,1.0,0.0004559693916235119,1.0
drugs_10_novelty,187,5.6163458824157715,51.32265625,6400,6370,605,5795,1.0,1.0,1.0,0.5522168305767765,0.7041322314049587,0.40942692398095276,0.5947921417223234,0.3827795199258171,drugs_10_novelty_187,1.5985690355300903,0.0004765077610500157,1.0,0.0004006352974101901,1.0,0.00040522380731999874,1.0,0.0004026737005915493,1.0,0.0008487289305776358,1.0
drugs_10_novelty,188,5.639056205749512,52.59609375,6400,6376,551,5849,1.0,1.0,1.0,0.5367535166990688,0.7043557168784028,0.39969355878506935,0.5869661804871743,0.39031324512007887,drugs_10_novelty_188,1.0938619375228882,0.00043650041334331036,1.0,0.0004964744439348578,1.0,0.0004949666908942163,1.0,0.001981159672141075,1.0,0.000452995125669986,1.0
drugs_10_novelty,189,5.647863864898682,53.204375,6400,6379,542,5858,1.0,1.0,1.0,0.5162552533079472,0.6856088560885608,0.4039186504298297,0.5746879452389226,0.39500845113142524,drugs_10_novelty_189,2.350188732147217,0.0004523570241872221,1.0,0.00038547851727344096,1.0,0.000441766285803169,1.0,0.00043395551620051265,1.0,0.00039255255251191556,1.0
drugs_10_novelty,190,5.6514410972595215,53.91521875,32000,31819,2668,29332,1.0,1.0,1.0,0.589896589991936,0.6950149925037481,0.4035274860878355,0.5874341923261368,0.3854681009559385,drugs_10_novelty_190,1.2498195171356201,0.00048166760825552046,1.0,0.00045485221198759973,1.0,0.0004001907946076244,1.0,0.0004560848174151033,1.0,0.0003990755067206919,1.0
drugs_10_novelty,191,5.678094863891602,54.48765625,6400,6390,488,5912,1.0,1.0,1.0,0.5264119730274447,0.7122950819672131,0.40776579608298735,0.5819992786934763,0.4038393177270348,drugs_10_novelty_191,0.8862313032150269,0.0005555939860641956,1.0,0.0004242024151608348,1.0,0.0005061491392552853,1.0,0.0004965562839061022,1.0,0.00045150224468670785,1.0
drugs_10_novelty,192,5.6842041015625,54.0178125,6400,6379,575,5825,1.0,1.0,1.0,0.5473133227617585,0.7262608695652174,0.40536463734657047,0.5720447337160888,0.41319279574860474,drugs_10_novelty_192,2.6989362239837646,0.0005103967851027846,1.0,0.0005831674207001925,1.0,0.0006771038752049208,1.0,0.0005226320354267955,1.0,0.0004978575161658227,1.0
drugs_10_novelty,193,5.70723819732666,54.15703125,6400,6382,554,5846,1.0,1.0,1.0,0.5818703339634609,0.701985559566787,0.4122658768150072,0.5671993758112771,0.404551106727738,drugs_10_novelty_193,2.7636497020721436,0.0004980740486644208,1.0,0.0005284244543872774,1.0,0.0005556755932047963,1.0,0.0106741264462471,1.0,0.000581379106733948,1.0
drugs_10_novelty,194,5.724837779998779,53.79640625,6400,6380,634,5766,1.0,1.0,1.0,0.4490793717746865,0.676340694006309,0.4220076451532606,0.540398047429088,0.4411241453068126,drugs_10_novelty_194,2.68394136428833,0.0005791100556962192,1.0,0.0005921580595895648,1.0,0.0005554872914217412,1.0,0.0006001752335578203,1.0,0.0004984738770872355,1.0
drugs_10_novelty,195,5.720991611480713,54.13921875,6400,6380,654,5746,1.0,1.0,1.0,0.4288794950269006,0.7025993883792049,0.4328896151523974,0.544945249247472,0.4531139017188149,drugs_10_novelty_195,2.6531522274017334,0.0005909866304136813,1.0,0.0006805427838116884,1.0,0.0008445256971754134,1.0,0.0005765800015069544,1.0,0.0008083082502707839,1.0
drugs_10_novelty,196,5.72506856918335,53.92828125,6400,6377,700,5700,1.0,1.0,1.0,0.5038821524589595,0.7008571428571428,0.44412452938801167,0.5417639439288844,0.4422065250882918,drugs_10_novelty_196,3.744973659515381,0.0007950977887958288,1.0,0.0006455687107518315,1.0,0.0006930865347385406,1.0,0.0006692640017718077,1.0,0.0006014147074893117,1.0
drugs_10_novelty,197,5.763000965118408,53.6265625,6400,6375,846,5554,1.0,1.0,1.0,0.46330465988390485,0.6713947990543735,0.4696511163123659,0.5428186792002814,0.45031152617155473,drugs_10_novelty_197,3.6595067977905273,0.0007578403456136584,1.0,0.0013687682803720236,1.0,0.0018239645287394524,1.0,0.000744936871342361,1.0,0.00075222656596452,1.0
drugs_10_novelty,198,5.811384677886963,53.49390625,6400,6387,984,5416,1.0,1.0,1.0,0.4101443740626208,0.6843495934959349,0.49947598604799803,0.5345918737993252,0.493485183589268,drugs_10_novelty_198,6.329501628875732,0.0007697691326029599,1.0,0.0009125045035034418,1.0,0.0016328964848071337,1.0,0.0007218396640382707,1.0,0.0006844555027782917,1.0
drugs_10_novelty,199,5.883713245391846,53.29703125,6400,6369,1154,5246,1.0,1.0,1.0,0.3921139973901937,0.6806759098786829,0.5226462624746872,0.5269763135038307,0.5084799774244011,drugs_10_novelty_199,8.694905281066895,0.0008288108510896564,1.0,0.0007270951755344868,1.0,0.0006387968314811587,1.0,0.0007249605841934681,1.0,0.0006123518687672913,1.0
