exp_name,Batch,test_loss,mean_length,n_samples,uniq_samples,ratio_of_steps,melodicity,tonality,model_samples,neg-loglike,D_loss_0,Accuracy_0,D_loss_1,Accuracy_1,D_loss_2,Accuracy_2,D_loss_3,Accuracy_3
music80_08_ratio-of-steps,0,8.393594741821289,107.21940625,32000,31375,0.26725730752937693,0.10041924150347376,0.05687534201694204,music80_08_ratio-of-steps_0,333.28033447265625,0.6612302660942078,1.0,0.6379470229148865,1.0,0.6105102896690369,1.0,0.5803026556968689,1.0
music80_08_ratio-of-steps,1,8.409399032592773,102.260625,6400,6279,0.2637600488705141,0.10018317194305809,0.05618488388934564,music80_08_ratio-of-steps_1,305.6019592285156,0.5620758533477783,1.0,0.5296717882156372,1.0,0.5056799650192261,1.0,0.48783424496650696,1.0
music80_08_ratio-of-steps,2,8.476147651672363,93.51078125,6400,6273,0.2655040229238542,0.10247697477499348,0.05772046544078961,music80_08_ratio-of-steps_2,338.86041259765625,0.4790388345718384,1.0,0.43603411316871643,1.0,0.41505417227745056,1.0,0.3938363194465637,1.0
music80_08_ratio-of-steps,3,8.533935546875,86.38859375,6400,6271,0.2665558918649809,0.1023464616687057,0.05765785199032202,music80_08_ratio-of-steps_3,274.0301818847656,0.3727777302265167,1.0,0.35350289940834045,1.0,0.33351588249206543,1.0,0.3188062608242035,1.0
music80_08_ratio-of-steps,4,8.574386596679688,80.37921875,6400,6248,0.27577707248547173,0.10012889310843455,0.05550962356512874,music80_08_ratio-of-steps_4,278.74432373046875,0.2975465655326843,1.0,0.2847782075405121,1.0,0.2652486264705658,1.0,0.2500506043434143,1.0
music80_08_ratio-of-steps,5,8.579384803771973,76.0778125,6400,6292,0.2759671462471054,0.1007825353395469,0.05551145667157416,music80_08_ratio-of-steps_5,247.3856658935547,0.2365981489419937,1.0,0.22484269738197327,1.0,0.20637696981430054,1.0,0.19963103532791138,1.0
music80_08_ratio-of-steps,6,8.6239652633667,71.43046875,6400,6281,0.279860787154728,0.1023963119604689,0.056816513733675474,music80_08_ratio-of-steps_6,293.8752746582031,0.1818280667066574,1.0,0.17013312876224518,1.0,0.16016119718551636,1.0,0.1474781632423401,1.0
music80_08_ratio-of-steps,7,8.655949592590332,72.20125,6400,6288,0.2837794225433041,0.10152500849400331,0.05751180463923066,music80_08_ratio-of-steps_7,231.08302307128906,0.13659341633319855,1.0,0.13381905853748322,1.0,0.1297072172164917,1.0,0.1107519194483757,1.0
music80_08_ratio-of-steps,8,8.626568794250488,74.01375,6400,6289,0.28768122928085954,0.09970216436669409,0.056384521884023944,music80_08_ratio-of-steps_8,251.84068298339844,0.10363049805164337,1.0,0.09511258453130722,1.0,0.09069190919399261,1.0,0.10274992883205414,1.0
music80_08_ratio-of-steps,9,8.632853507995605,73.7671875,6400,6274,0.28484796308385213,0.10054473646158246,0.056735289906216985,music80_08_ratio-of-steps_9,282.4825439453125,0.07719842344522476,1.0,0.07061012089252472,1.0,0.06705975532531738,1.0,0.06104256957769394,1.0
music80_08_ratio-of-steps,10,8.671753883361816,74.17121875,32000,31394,0.28949938297468686,0.10117890584714123,0.05749979046594687,music80_08_ratio-of-steps_10,228.14193725585938,0.05419071391224861,1.0,0.049971677362918854,1.0,0.04610978811979294,1.0,0.04216834157705307,1.0
music80_08_ratio-of-steps,11,8.64681339263916,76.980625,6400,6303,0.29057717410476164,0.10083136963040118,0.05791855590261643,music80_08_ratio-of-steps_11,249.01976013183594,0.039659690111875534,1.0,0.035850122570991516,1.0,0.032944455742836,1.0,0.029879799112677574,1.0
music80_08_ratio-of-steps,12,8.662144660949707,77.086875,6400,6315,0.29840133631771,0.10028164771572497,0.05774747398787192,music80_08_ratio-of-steps_12,266.68023681640625,0.02768854983150959,1.0,0.026825841516256332,1.0,0.02392834983766079,1.0,0.02553386613726616,1.0
music80_08_ratio-of-steps,13,8.660762786865234,77.82484375,6400,6296,0.29616502338807144,0.1012343712394285,0.05699315007941021,music80_08_ratio-of-steps_13,239.139892578125,0.020013052970170975,1.0,0.020421454682946205,1.0,0.01683058589696884,1.0,0.017297783866524696,1.0
music80_08_ratio-of-steps,14,8.659557342529297,77.29515625,6400,6291,0.3006289214877977,0.10005348462460205,0.058075566567658346,music80_08_ratio-of-steps_14,262.820068359375,0.014275891706347466,1.0,0.01381732989102602,1.0,0.011968452483415604,1.0,0.011465657502412796,1.0
music80_08_ratio-of-steps,15,8.650660514831543,77.840625,6400,6305,0.30513012719854954,0.10053988633939923,0.057607182382024946,music80_08_ratio-of-steps_15,272.2131042480469,0.010176173411309719,1.0,0.012898214161396027,1.0,0.020593969151377678,1.0,0.008494395762681961,1.0
music80_08_ratio-of-steps,16,8.690679550170898,78.29640625,6400,6319,0.30750882625785386,0.09948073744977477,0.05619718733308932,music80_08_ratio-of-steps_16,236.61965942382812,0.00909717008471489,1.0,0.06245919689536095,0.9583333730697632,0.008068779483437538,1.0,0.00766103807836771,1.0
music80_08_ratio-of-steps,17,8.68337631225586,79.35328125,6400,6317,0.3129581310612648,0.10245553831320642,0.0591466376017325,music80_08_ratio-of-steps_17,310.2297058105469,0.006847891956567764,1.0,0.007189780008047819,1.0,0.006075401324778795,1.0,0.005536024924367666,1.0
music80_08_ratio-of-steps,18,8.670355796813965,80.66390625,6400,6330,0.31045116529915356,0.09868359536892644,0.05590634048096471,music80_08_ratio-of-steps_18,265.7913513183594,0.005028553772717714,1.0,0.00498654181137681,1.0,0.005710674915462732,1.0,0.0043465993367135525,1.0
music80_08_ratio-of-steps,19,8.64971923828125,82.5853125,6400,6319,0.31899287009954724,0.10026722111960913,0.05798046296603994,music80_08_ratio-of-steps_19,284.5066223144531,0.004387288354337215,1.0,0.007273996714502573,1.0,0.004062244202941656,1.0,0.004663798958063126,1.0
music80_08_ratio-of-steps,20,8.652461051940918,82.79653125,32000,31513,0.3229005378211406,0.09928491064184015,0.057049168707571506,music80_08_ratio-of-steps_20,296.5191345214844,0.003575859358534217,1.0,0.0037498059682548046,1.0,0.003759747603908181,1.0,0.0030539908912032843,1.0
music80_08_ratio-of-steps,21,8.651684761047363,84.79859375,6400,6326,0.3289710627901611,0.09801931170211395,0.055712986165437926,music80_08_ratio-of-steps_21,318.7960205078125,0.0029713930562138557,1.0,0.0073708947747945786,1.0,0.002948082285001874,1.0,0.003683218266814947,1.0
music80_08_ratio-of-steps,22,8.661791801452637,85.849375,6400,6323,0.33545995955408286,0.09678118304223521,0.055393249123130116,music80_08_ratio-of-steps_22,277.5075378417969,0.0030235950835049152,1.0,0.0028260371182113886,1.0,0.0026931404136121273,1.0,0.002502091694623232,1.0
music80_08_ratio-of-steps,23,8.65893268585205,84.10609375,6400,6328,0.33727400182752987,0.09740355283354495,0.05444523878136751,music80_08_ratio-of-steps_23,312.40374755859375,0.0024310846347361803,1.0,0.002506631426513195,1.0,0.07281860709190369,0.9583333730697632,0.003124015871435404,1.0
music80_08_ratio-of-steps,24,8.630661964416504,86.88296875,6400,6341,0.3437248942324033,0.09495967434215188,0.05253468470551789,music80_08_ratio-of-steps_24,320.7499084472656,0.0029569873586297035,1.0,0.0033575338311493397,1.0,0.003612627275288105,1.0,0.004560604691505432,1.0
music80_08_ratio-of-steps,25,8.641907691955566,86.795,6400,6336,0.35508982008073653,0.09374335134754905,0.05208788049980535,music80_08_ratio-of-steps_25,292.90093994140625,0.0024535369593650103,1.0,0.003899104194715619,1.0,0.002394892508164048,1.0,0.002655042102560401,1.0
music80_08_ratio-of-steps,26,8.653590202331543,87.3115625,6400,6333,0.3592628336322927,0.09231853986902123,0.04959739100758037,music80_08_ratio-of-steps_26,290.1436767578125,0.002908542286604643,1.0,0.0020752823911607265,1.0,0.0020263392943888903,1.0,0.0026605059392750263,1.0
music80_08_ratio-of-steps,27,8.65838623046875,88.675625,6400,6345,0.36895073326558053,0.09158166358670243,0.04901906004766991,music80_08_ratio-of-steps_27,326.8810729980469,0.001940213143825531,1.0,0.001981797395274043,1.0,0.00182917935308069,1.0,0.0022776538971811533,1.0
music80_08_ratio-of-steps,28,8.645843505859375,90.1125,6400,6340,0.373823508705978,0.09123827639184989,0.048835495238010604,music80_08_ratio-of-steps_28,328.2085876464844,0.0017690494423732162,1.0,0.0018859496340155602,1.0,0.0017342728096991777,1.0,0.0017224482726305723,1.0
music80_08_ratio-of-steps,29,8.656070709228516,90.6746875,6400,6341,0.3812039456053277,0.09104744362618256,0.047849706546584166,music80_08_ratio-of-steps_29,360.05914306640625,0.0017194929532706738,1.0,0.0016579034272581339,1.0,0.0017032237956300378,1.0,0.0016468556132167578,1.0
music80_08_ratio-of-steps,30,8.662899017333984,91.79421875,32000,31570,0.38583340405124816,0.08872375003742822,0.046242471456388996,music80_08_ratio-of-steps_30,355.31524658203125,0.001685632043518126,1.0,0.0015223526861518621,1.0,0.0014602127484977245,1.0,0.0014236019924283028,1.0
music80_08_ratio-of-steps,31,8.653039932250977,94.0071875,6400,6344,0.3905967319117625,0.0876660381762677,0.04467222819577032,music80_08_ratio-of-steps_31,376.6419677734375,0.005714450031518936,1.0,0.001457849284633994,1.0,0.0013485667295753956,1.0,0.0014809159329161048,1.0
music80_08_ratio-of-steps,32,8.673517227172852,95.46359375,6400,6344,0.3954443573031526,0.08726102334786236,0.04422722935352175,music80_08_ratio-of-steps_32,345.76593017578125,0.001709762029349804,1.0,0.0017710841493681073,1.0,0.0020639952272176743,1.0,0.001548458356410265,1.0
music80_08_ratio-of-steps,33,8.651524543762207,101.0190625,6400,6346,0.40496723908601573,0.08502527919409043,0.04280219198091251,music80_08_ratio-of-steps_33,373.6807556152344,0.0014503395650535822,1.0,0.0014193443348631263,1.0,0.0013624874409288168,1.0,0.0022188276052474976,1.0
music80_08_ratio-of-steps,34,8.597343444824219,105.7134375,6400,6347,0.41267850510241444,0.08290903559176539,0.041594934511752016,music80_08_ratio-of-steps_34,405.20220947265625,0.001320076291449368,1.0,0.0013814956182613969,1.0,0.0013311931397765875,1.0,0.00127208954654634,1.0
music80_08_ratio-of-steps,35,8.592440605163574,109.5075,6400,6365,0.4177516796209318,0.08441151188890121,0.042415730298130026,music80_08_ratio-of-steps_35,428.6346130371094,0.001440140069462359,1.0,0.001240903977304697,1.0,0.0011358510237187147,1.0,0.0011459192028269172,1.0
music80_08_ratio-of-steps,36,8.558023452758789,115.386875,6400,6353,0.42268751415841016,0.08414864859561126,0.0425459271194723,music80_08_ratio-of-steps_36,399.58367919921875,0.0026753703132271767,1.0,0.0010390917304903269,1.0,0.011411582119762897,1.0,0.0015196906169876456,1.0
music80_08_ratio-of-steps,37,8.562372207641602,118.44015625,6400,6359,0.42723871347252534,0.08179798363944496,0.040494457095419455,music80_08_ratio-of-steps_37,399.5936584472656,0.00203376985155046,1.0,0.0013262133579701185,1.0,0.001225514686666429,1.0,0.0011743458453565836,1.0
music80_08_ratio-of-steps,38,8.53708267211914,119.3546875,6400,6354,0.43048494239299956,0.08208928093490091,0.04013430235302265,music80_08_ratio-of-steps_38,462.0277404785156,0.0014244966441765428,1.0,0.001429842202924192,1.0,0.001076693064533174,1.0,0.0010443262290209532,1.0
music80_08_ratio-of-steps,39,8.519991874694824,121.7859375,6400,6347,0.43181020292042605,0.08077541156958817,0.04004168425343756,music80_08_ratio-of-steps_39,471.4895935058594,0.001023563090711832,1.0,0.001064481446519494,1.0,0.0009985135402530432,1.0,0.0010204757563769817,1.0
music80_08_ratio-of-steps,40,8.524324417114258,124.99709375,32000,31707,0.43999280043806777,0.08020997847477364,0.03906235399179947,music80_08_ratio-of-steps_40,459.8583984375,0.0009580633486621082,1.0,0.0009032561210915446,1.0,0.0008813402964733541,1.0,0.0009064532932825387,1.0
music80_08_ratio-of-steps,41,8.515774726867676,129.25703125,6400,6351,0.4444204310142746,0.07955571731684474,0.0383502716166533,music80_08_ratio-of-steps_41,513.9737548828125,0.000857271661516279,1.0,0.0008279898320324719,1.0,0.0008150993380695581,1.0,0.0007976895431056619,1.0
music80_08_ratio-of-steps,42,8.48003101348877,135.33109375,6400,6358,0.44966310615351374,0.07822673716411628,0.03778336947944855,music80_08_ratio-of-steps_42,526.126953125,0.0007775162812322378,1.0,0.0010967509588226676,1.0,0.0007494335295632482,1.0,0.0008317070314660668,1.0
music80_08_ratio-of-steps,43,8.456635475158691,142.48609375,6400,6367,0.4566676597230965,0.07710774969168341,0.03691884741118465,music80_08_ratio-of-steps_43,506.5500793457031,0.0007102455710992217,1.0,0.0007742958259768784,1.0,0.0007727048941887915,1.0,0.0007978903013281524,1.0
music80_08_ratio-of-steps,44,8.43002700805664,150.529375,6400,6365,0.4607761017267664,0.07784028314074591,0.03655391927120929,music80_08_ratio-of-steps_44,555.905517578125,0.0007094515603967011,1.0,0.000729261664673686,1.0,0.0011384651297703385,1.0,0.00405119638890028,1.0
music80_08_ratio-of-steps,45,8.389830589294434,156.15234375,6400,6350,0.46589196563460505,0.07393646544774732,0.0346407488531945,music80_08_ratio-of-steps_45,621.1395263671875,0.0010831038234755397,1.0,0.0011486702132970095,1.0,0.009054138325154781,1.0,0.0009488531504757702,1.0
music80_08_ratio-of-steps,46,8.384203910827637,161.50125,6400,6361,0.4699881987606862,0.07485423074931237,0.03612455255116736,music80_08_ratio-of-steps_46,605.3751220703125,0.000969751039519906,1.0,0.0008764866506680846,1.0,0.0008498717797920108,1.0,0.0008022868423722684,1.0
music80_08_ratio-of-steps,47,8.365549087524414,164.97875,6400,6371,0.4719869444993675,0.07453446193939986,0.03542028356639933,music80_08_ratio-of-steps_47,632.348388671875,0.000795090920291841,1.0,0.0008054565987549722,1.0,0.0007423633360303938,1.0,0.0007223620777949691,1.0
music80_08_ratio-of-steps,48,8.361878395080566,170.54515625,6400,6365,0.4736689774457947,0.07375779860214444,0.03488769854651383,music80_08_ratio-of-steps_48,700.0983276367188,0.0007294813403859735,1.0,0.0008766028331592679,1.0,0.0011228929506614804,1.0,0.0007979015936143696,1.0
music80_08_ratio-of-steps,49,8.340991020202637,174.5621875,6400,6364,0.4803951272754445,0.07386654370806407,0.035300525305502706,music80_08_ratio-of-steps_49,681.0138549804688,0.0011600535362958908,1.0,0.0007490497664548457,1.0,0.0009529087692499161,1.0,0.0007173909689299762,1.0
music80_08_ratio-of-steps,50,8.311379432678223,180.1398125,32000,31807,0.48145566592831424,0.07339252683042842,0.03429010572255373,music80_08_ratio-of-steps_50,712.070068359375,0.0007558491779491305,1.0,0.0006920730229467154,1.0,0.0007334121037274599,1.0,0.0006939213490113616,1.0
music80_08_ratio-of-steps,51,8.309772491455078,182.7378125,6400,6364,0.4840968868530947,0.07258937724913102,0.03341466904817457,music80_08_ratio-of-steps_51,692.0361328125,0.0006804897566325963,1.0,0.0006813768995925784,1.0,0.0006574465660378337,1.0,0.0007600247045047581,1.0
music80_08_ratio-of-steps,52,8.290574073791504,184.34265625,6400,6372,0.4865881285583697,0.07194676199472667,0.03315527559220156,music80_08_ratio-of-steps_52,752.0838012695312,0.0007091115694493055,1.0,0.0006436834228225052,1.0,0.0006235679029487073,1.0,0.0006121464539319277,1.0
music80_08_ratio-of-steps,53,8.293478012084961,184.7315625,6400,6366,0.4918736668067669,0.07290314073655177,0.03426263652449307,music80_08_ratio-of-steps_53,716.276611328125,0.0016622841358184814,1.0,0.000592757249251008,1.0,0.0005830721347592771,1.0,0.0005725937080569565,1.0
music80_08_ratio-of-steps,54,8.30075740814209,186.774375,6400,6368,0.4907391592586981,0.07205042062831915,0.03353820667721012,music80_08_ratio-of-steps_54,723.4720458984375,0.0005634645349346101,1.0,0.0005536258104257286,1.0,0.0005383832613006234,1.0,0.0005268053500913084,1.0
music80_08_ratio-of-steps,55,8.27414321899414,191.47,6400,6360,0.4916119644634396,0.07161023746135177,0.03355471056165062,music80_08_ratio-of-steps_55,815.7649536132812,0.0005426333518698812,1.0,0.0005052124033682048,1.0,0.0008461662800982594,1.0,0.0005048714810982347,1.0
music80_08_ratio-of-steps,56,8.269371032714844,194.48078125,6400,6366,0.4928527370802478,0.07153116746746627,0.03283493063584422,music80_08_ratio-of-steps_56,785.9710083007812,0.00047586378059349954,1.0,0.0004652701027225703,1.0,0.000572922988794744,1.0,0.0004971506423316896,1.0
music80_08_ratio-of-steps,57,8.257911682128906,197.49140625,6400,6371,0.49725155098648266,0.07071002777670314,0.03260929204656113,music80_08_ratio-of-steps_57,755.64453125,0.00043584706145338714,1.0,0.0004557711654342711,1.0,0.000817778636701405,1.0,0.0004749249783344567,1.0
music80_08_ratio-of-steps,58,8.223514556884766,202.476875,6400,6367,0.4978756453980043,0.07085249276242304,0.0330045651515626,music80_08_ratio-of-steps_58,806.7723388671875,0.0015285550616681576,1.0,0.0006313530029729009,1.0,0.0004286454350221902,1.0,0.00039817290962673724,1.0
music80_08_ratio-of-steps,59,8.23863410949707,204.18203125,6400,6373,0.5000660839305512,0.06993849245343876,0.03296293093323433,music80_08_ratio-of-steps_59,748.4193115234375,0.0003894160909112543,1.0,0.0003759408718906343,1.0,0.0003819045377895236,1.0,0.0004140210512559861,1.0
music80_08_ratio-of-steps,60,8.22359561920166,204.22096875,32000,31811,0.5026916094876497,0.0694049725771807,0.032265599101284334,music80_08_ratio-of-steps_60,799.751953125,0.0005527188186533749,1.0,0.00043727768934331834,1.0,0.00039964067400433123,1.0,0.00047752418322488666,1.0
music80_08_ratio-of-steps,61,8.239657402038574,200.22828125,6400,6370,0.502204809836101,0.07036301666194784,0.032797753606716946,music80_08_ratio-of-steps_61,812.560546875,0.0003792765492107719,1.0,0.00042415462667122483,1.0,0.0003512008988764137,1.0,0.001214757445268333,1.0
music80_08_ratio-of-steps,62,8.217667579650879,202.77390625,6400,6372,0.5060235283972339,0.06965938994919055,0.03329004208581424,music80_08_ratio-of-steps_62,804.1958618164062,0.00040520066977478564,1.0,0.0011530676856637,1.0,0.0005794440512545407,1.0,0.0005111370701342821,1.0
music80_08_ratio-of-steps,63,8.222843170166016,201.45703125,6400,6375,0.5099900529927628,0.06963047560339042,0.032817598719570615,music80_08_ratio-of-steps_63,738.6414184570312,0.0005117072723805904,1.0,0.0004969011642970145,1.0,0.0004848676035180688,1.0,0.0004943965468555689,1.0
music80_08_ratio-of-steps,64,8.234463691711426,197.7134375,6400,6368,0.5076231401907041,0.06888113635768739,0.03227979240679375,music80_08_ratio-of-steps_64,712.1182250976562,0.00048045272706076503,1.0,0.00045773942838422954,1.0,0.0004434941220097244,1.0,0.0006550820544362068,1.0
music80_08_ratio-of-steps,65,8.256263732910156,195.07390625,6400,6364,0.5137587849518624,0.06860542927597905,0.03251345521723976,music80_08_ratio-of-steps_65,810.5955810546875,0.0004155128262937069,1.0,0.0004018943291157484,1.0,0.0003893263346981257,1.0,0.0003782382991630584,1.0
music80_08_ratio-of-steps,66,8.256767272949219,192.19390625,6400,6370,0.5130252122173374,0.06855103974307847,0.03245353162877195,music80_08_ratio-of-steps_66,748.4204711914062,0.00036428842577151954,1.0,0.00035885797115042806,1.0,0.00034636654891073704,1.0,0.0003421397996135056,1.0
music80_08_ratio-of-steps,67,8.268366813659668,190.1428125,6400,6378,0.51905483163939,0.06836898935818327,0.03238514065790698,music80_08_ratio-of-steps_67,760.5026245117188,0.0003285024140495807,1.0,0.00035949560697190464,1.0,0.00031050684629008174,1.0,0.00036081724101677537,1.0
music80_08_ratio-of-steps,68,8.294672012329102,186.76859375,6400,6368,0.5200363795733218,0.06769297491359878,0.03205620441772477,music80_08_ratio-of-steps_68,690.9971313476562,0.0003069433441851288,1.0,0.00031752727227285504,1.0,0.0002897565718740225,1.0,0.0003066484641749412,1.0
music80_08_ratio-of-steps,69,8.297947883605957,184.7440625,6400,6366,0.5233355713734642,0.06704019379641274,0.03145537741668925,music80_08_ratio-of-steps_69,679.4837646484375,0.0002967743785120547,1.0,0.0003062069299630821,1.0,0.0002679884491953999,1.0,0.00025437193107791245,1.0
music80_08_ratio-of-steps,70,8.31885051727295,183.12834375,32000,31815,0.5287749423784819,0.06690465554613638,0.031432404391062256,music80_08_ratio-of-steps_70,736.3598022460938,0.00025574208120815456,1.0,0.000308819639030844,1.0,0.00027044795569963753,1.0,0.00022276982781477273,1.0
music80_08_ratio-of-steps,71,8.341997146606445,181.6346875,6400,6367,0.5312914470858039,0.06662940650993424,0.03126790758127498,music80_08_ratio-of-steps_71,683.939453125,0.0002246746007585898,1.0,0.00022943498333916068,1.0,0.00023221602896228433,1.0,0.00022527131659444422,1.0
music80_08_ratio-of-steps,72,8.359771728515625,177.81734375,6400,6369,0.5404453921457931,0.06546384040190077,0.02944746174414794,music80_08_ratio-of-steps_72,641.289306640625,0.000217054330278188,1.0,0.0002073132200166583,1.0,0.00023763168428558856,1.0,0.00021972664399072528,1.0
music80_08_ratio-of-steps,73,8.407361030578613,171.74375,6400,6382,0.5441449786863464,0.06580608669197897,0.030638517867887804,music80_08_ratio-of-steps_73,651.0052490234375,0.00021065151668153703,1.0,0.0001851447013905272,1.0,0.00025388080393895507,1.0,0.0012129072565585375,1.0
music80_08_ratio-of-steps,74,8.404709815979004,169.4190625,6400,6356,0.5440645577190453,0.06438613528851982,0.029804753271173795,music80_08_ratio-of-steps_74,1162.0928955078125,0.0004791849059984088,1.0,0.0005034341011196375,1.0,0.00030559173319488764,1.0,0.0003168456896673888,1.0
music80_08_ratio-of-steps,75,8.436656951904297,167.41046875,6400,6357,0.5470595759169024,0.06362047854781885,0.028748109736199554,music80_08_ratio-of-steps_75,627.3162841796875,0.0002929785114247352,1.0,0.00032587070018053055,1.0,0.0003061185998376459,1.0,0.0003019696450792253,1.0
music80_08_ratio-of-steps,76,8.451428413391113,164.976875,6400,6370,0.5581162526531566,0.063969876997418,0.02871041622904463,music80_08_ratio-of-steps_76,664.483154296875,0.0003015646943822503,1.0,0.0003072813560720533,1.0,0.00028741240384988487,1.0,0.0002817789791151881,1.0
music80_08_ratio-of-steps,77,8.479031562805176,161.200625,6400,6360,0.5574403672795669,0.0628650169329743,0.02787235704118499,music80_08_ratio-of-steps_77,659.723876953125,0.0002882883127313107,1.0,0.000305608962662518,1.0,0.0002867100411094725,1.0,0.00028554227901622653,1.0
music80_08_ratio-of-steps,78,8.486444473266602,162.25125,6400,6367,0.5654895936935402,0.06136243364446128,0.02704767702800158,music80_08_ratio-of-steps_78,675.4365234375,0.0002627992653287947,1.0,0.00026295773568563163,1.0,0.00025082030333578587,1.0,0.0002470239414833486,1.0
music80_08_ratio-of-steps,79,8.493946075439453,161.4534375,6400,6376,0.5710241625048132,0.06006494071038741,0.026527630685491566,music80_08_ratio-of-steps_79,615.7556762695312,0.0002493947686161846,1.0,0.0002468048478476703,1.0,0.00024396493972744793,1.0,0.0003091760736424476,1.0
music80_08_ratio-of-steps,80,8.477357864379883,163.1135,32000,31783,0.5751649842782861,0.05990667552486198,0.026083816003767146,music80_08_ratio-of-steps_80,650.2984008789062,0.000237061976804398,1.0,0.00024283798120450228,1.0,0.00023347693786490709,1.0,0.0002267913951072842,1.0
music80_08_ratio-of-steps,81,8.464523315429688,164.74875,6400,6368,0.5794401293351436,0.0587904531326895,0.025039170377272463,music80_08_ratio-of-steps_81,674.1751708984375,0.0003507471992634237,1.0,0.00022803903266321868,1.0,0.0002418846415821463,1.0,0.0004030777490697801,1.0
music80_08_ratio-of-steps,82,8.488299369812012,165.45953125,6400,6361,0.5851466374945712,0.05850427538611491,0.025016231762515086,music80_08_ratio-of-steps_82,651.1857299804688,0.00031679056701250374,1.0,0.00024000964185688645,1.0,0.0002302529028384015,1.0,0.00023402668011840433,1.0
music80_08_ratio-of-steps,83,8.490957260131836,164.6771875,6400,6375,0.5877704375888279,0.05832646611160348,0.024419576118729712,music80_08_ratio-of-steps_83,666.3724975585938,0.00022177690698299557,1.0,0.00021716111223213375,1.0,0.0002127967163687572,1.0,0.0002463378186803311,1.0
music80_08_ratio-of-steps,84,8.486327171325684,167.3278125,6400,6359,0.5917673972115468,0.05692053768913361,0.02393049430515873,music80_08_ratio-of-steps_84,729.884765625,0.00020274391863495111,1.0,0.00019252538913860917,1.0,0.00018593182903714478,1.0,0.0001844555517891422,1.0
music80_08_ratio-of-steps,85,8.441393852233887,174.21734375,6400,6370,0.5954574415178588,0.056226648672363794,0.02316804987791889,music80_08_ratio-of-steps_85,672.3658447265625,0.00017847082926891744,1.0,0.0001707042392808944,1.0,0.00017411092994734645,1.0,0.0002482473209965974,1.0
music80_08_ratio-of-steps,86,8.389312744140625,179.75515625,6400,6373,0.603344619219113,0.05488405725058044,0.02269221736805339,music80_08_ratio-of-steps_86,687.517333984375,0.00023732516274321824,1.0,0.00021618345635943115,1.0,0.00020673303515650332,1.0,0.00020899949595332146,1.0
music80_08_ratio-of-steps,87,8.384346961975098,184.37046875,6400,6369,0.6026190166045278,0.05530463316340388,0.022952410244502106,music80_08_ratio-of-steps_87,687.558837890625,0.00020364105876069516,1.0,0.0002115682582370937,1.0,0.00019613030599430203,1.0,0.00019457226153463125,1.0
music80_08_ratio-of-steps,88,8.30688762664795,191.96421875,6400,6365,0.6092027006648121,0.054506459573941166,0.02161174496479764,music80_08_ratio-of-steps_88,782.1504516601562,0.00020227741333656013,1.0,0.0002098116819979623,1.0,0.00019847077783197165,1.0,0.00021217009634710848,1.0
music80_08_ratio-of-steps,89,8.288496017456055,197.9934375,6400,6363,0.6121505388883408,0.05397715545555459,0.022236970091088163,music80_08_ratio-of-steps_89,774.0923461914062,0.00018330490274820477,1.0,0.00018361351976636797,1.0,0.0001798913872335106,1.0,0.00016418073209933937,1.0
music80_08_ratio-of-steps,90,8.24534797668457,204.07934375,32000,31817,0.6170025074805683,0.05260223786420922,0.021162676676910956,music80_08_ratio-of-steps_90,829.2996215820312,0.0001605581637704745,1.0,0.00043389986967667937,1.0,0.0004148774314671755,1.0,0.0001641654671402648,1.0
music80_08_ratio-of-steps,91,8.19439697265625,208.73390625,6400,6364,0.6172456298339505,0.05272207263996195,0.021290728249049345,music80_08_ratio-of-steps_91,810.7269287109375,0.00015121234173420817,1.0,0.00014964505680836737,1.0,0.00014711728726979345,1.0,0.00014162920706439763,1.0
music80_08_ratio-of-steps,92,8.19374942779541,212.89734375,6400,6360,0.6214867996421019,0.050908706100215605,0.019925352642194326,music80_08_ratio-of-steps_92,797.3519897460938,0.00014638957509305328,1.0,0.00014021883544046432,1.0,0.00013592658797279,1.0,0.00024247773399110883,1.0
music80_08_ratio-of-steps,93,8.166866302490234,216.56234375,6400,6366,0.6232455772431308,0.051779505204799195,0.0206576945679803,music80_08_ratio-of-steps_93,909.8299560546875,0.00021611717238556594,1.0,0.00019868240633513778,1.0,0.0001872992725111544,1.0,0.00017941294936463237,1.0
music80_08_ratio-of-steps,94,8.144783973693848,220.51609375,6400,6363,0.6244440648088182,0.05090162356640706,0.01922804654446928,music80_08_ratio-of-steps_94,919.1619873046875,0.00017214824038092047,1.0,0.00016827863873913884,1.0,0.00016607274301350117,1.0,0.0001594611385371536,1.0
music80_08_ratio-of-steps,95,8.10743236541748,224.02296875,6400,6367,0.6249559323244378,0.050201418326019785,0.019132055612371312,music80_08_ratio-of-steps_95,923.0943603515625,0.00017709884559735656,1.0,0.0001719978026812896,1.0,0.000158125112648122,1.0,0.0001401493209414184,1.0
music80_08_ratio-of-steps,96,8.077138900756836,229.5121875,6400,6374,0.6294634639505651,0.04994620483419652,0.018689452439418937,music80_08_ratio-of-steps_96,925.8054809570312,0.0005113045917823911,1.0,0.004060021601617336,1.0,0.0002280800836160779,1.0,0.00021091036614961922,1.0
music80_08_ratio-of-steps,97,8.07784652709961,230.76859375,6400,6359,0.629965869504353,0.04892908921617379,0.018544486050267598,music80_08_ratio-of-steps_97,930.7298583984375,0.00020194250100757927,1.0,0.00019491130660753697,1.0,0.00019031240663025528,1.0,0.0001851373672252521,1.0
music80_08_ratio-of-steps,98,8.054649353027344,232.81796875,6400,6373,0.6317692506882389,0.04911600798157667,0.018331461568436683,music80_08_ratio-of-steps_98,915.256103515625,0.00017759752518031746,1.0,0.00017426672275178134,1.0,0.00016407284419983625,1.0,0.0001623286516405642,1.0
music80_08_ratio-of-steps,99,8.056800842285156,232.83140625,6400,6377,0.6324283876742332,0.049120624846257496,0.01830274112439819,music80_08_ratio-of-steps_99,924.1002197265625,0.00015459724818356335,1.0,0.00014703490887768567,1.0,0.0001409821561537683,1.0,0.00016942035290412605,1.0
music80_08_ratio-of-steps,100,8.034557342529297,234.99728125,32000,31824,0.6339153772952757,0.0484170384253768,0.01806355814133082,music80_08_ratio-of-steps_100,908.8528442382812,0.00013131997548043728,1.0,0.00013141907402314246,1.0,0.00014673819532617927,1.0,0.00018504286708775908,1.0
music80_08_ratio-of-steps,101,8.040027618408203,236.04125,6400,6374,0.6368646489025807,0.04803967805260169,0.017730216508103545,music80_08_ratio-of-steps_101,906.023681640625,0.0001979001535801217,1.0,0.00016041203343775123,1.0,0.00023232602688949555,1.0,0.000113961890747305,1.0
music80_08_ratio-of-steps,102,8.025745391845703,235.15828125,6400,6362,0.636648548597438,0.049002442387728815,0.018315838843325362,music80_08_ratio-of-steps_102,948.1571044921875,0.00010851371916942298,1.0,0.00010642884444678202,1.0,0.00016960687935352325,1.0,0.0005596081027761102,1.0
music80_08_ratio-of-steps,103,8.009870529174805,235.75390625,6400,6372,0.6404324164998283,0.048177705773158976,0.01787016815081835,music80_08_ratio-of-steps_103,1009.8236694335938,0.0003618163464125246,1.0,0.0003152183198835701,1.0,0.0002986780309583992,1.0,0.0003025188052561134,1.0
music80_08_ratio-of-steps,104,8.001766204833984,235.8490625,6400,6377,0.6434669027987474,0.04733689072779518,0.0182804945524327,music80_08_ratio-of-steps_104,943.931396484375,0.0002604674082249403,1.0,0.004450129810720682,1.0,0.0003872683155350387,1.0,0.00036861494299955666,1.0
music80_08_ratio-of-steps,105,7.970701694488525,238.268125,6400,6371,0.6432675387825006,0.04732953180474034,0.018297307149171754,music80_08_ratio-of-steps_105,927.8911743164062,0.00034311425406485796,1.0,0.0006071373354643583,1.0,0.00032484036637470126,1.0,0.0003090734244324267,1.0
music80_08_ratio-of-steps,106,7.9765729904174805,237.6984375,6400,6381,0.6457850705933162,0.04693466018428861,0.01774047701556493,music80_08_ratio-of-steps_106,953.6210327148438,0.0003026921476703137,1.0,0.0003017951385118067,1.0,0.00029316265136003494,1.0,0.00029512515175156295,1.0
music80_08_ratio-of-steps,107,7.954871654510498,239.58140625,6400,6370,0.644783783565233,0.04599369071265838,0.01698409632517027,music80_08_ratio-of-steps_107,942.0300903320312,0.0003388419863767922,1.0,0.0002861816610675305,1.0,0.00027759370277635753,1.0,0.00027019917615689337,1.0
music80_08_ratio-of-steps,108,7.933894634246826,240.749375,6400,6379,0.6467409576280531,0.046459095551039324,0.01769368785940492,music80_08_ratio-of-steps_108,970.4444580078125,0.00026544052525423467,1.0,0.0002597726706881076,1.0,0.0003223549574613571,1.0,0.00036002887645736337,1.0
music80_08_ratio-of-steps,109,7.914783954620361,241.22171875,6400,6363,0.6490002499851873,0.04545396705851207,0.017168126963359117,music80_08_ratio-of-steps_109,965.3235473632812,0.00030906344181858003,1.0,0.00030797283397987485,1.0,0.0003093223785981536,1.0,0.0002995669492520392,1.0
music80_08_ratio-of-steps,110,7.902254104614258,242.8728125,32000,31823,0.6496548270354663,0.045900070086928195,0.017500266634658625,music80_08_ratio-of-steps_110,912.8243408203125,0.0002869272721000016,1.0,0.0002792488085106015,1.0,0.0002724398218560964,1.0,0.0002658087178133428,1.0
music80_08_ratio-of-steps,111,7.905621528625488,242.413125,6400,6374,0.6525523140001326,0.04580491902203871,0.017588717695217658,music80_08_ratio-of-steps_111,997.0821533203125,0.0002684337960090488,1.0,0.0002627089561428875,1.0,0.00025640008971095085,1.0,0.0002811401500366628,1.0
music80_08_ratio-of-steps,112,7.8568806648254395,246.101875,6400,6382,0.654507383895889,0.04455489410906919,0.017052277154786136,music80_08_ratio-of-steps_112,995.84814453125,0.000267718976829201,1.0,0.00026653954409994185,1.0,0.0002617587451823056,1.0,0.00025315198581665754,1.0
music80_08_ratio-of-steps,113,7.837459564208984,246.46078125,6400,6372,0.6544683438589292,0.04467814030300969,0.017192152415821237,music80_08_ratio-of-steps_113,957.1824951171875,0.0002460636605974287,1.0,0.00024091079831123352,1.0,0.000235622632317245,1.0,0.00023226268240250647,1.0
music80_08_ratio-of-steps,114,7.836662769317627,247.75125,6400,6370,0.6558340526324811,0.04395927082148974,0.016462319058164882,music80_08_ratio-of-steps_114,956.4834594726562,0.00022988162527326494,1.0,0.0002410780725767836,1.0,0.00022522264043800533,1.0,0.00021779834059998393,1.0
music80_08_ratio-of-steps,115,7.837860107421875,247.47203125,6400,6373,0.657790070383561,0.04435683819880902,0.0168881186989064,music80_08_ratio-of-steps_115,987.6575927734375,0.00021230166021268815,1.0,0.00020916154608130455,1.0,0.0002195323904743418,1.0,0.0002375416224822402,1.0
music80_08_ratio-of-steps,116,7.824178695678711,248.541875,6400,6372,0.6578379820063298,0.04355483825888653,0.01644131699598899,music80_08_ratio-of-steps_116,993.10595703125,0.00020680301531683654,1.0,0.00020200730068609118,1.0,0.0001959610526682809,1.0,0.00019122996309306473,1.0
music80_08_ratio-of-steps,117,7.80545711517334,250.27734375,6400,6372,0.6605836980324719,0.042820872668670434,0.016099613915386442,music80_08_ratio-of-steps_117,918.660400390625,0.00018548208754509687,1.0,0.00018320065282750875,1.0,0.0001748431532178074,1.0,0.00017149103223346174,1.0
music80_08_ratio-of-steps,118,7.8057332038879395,250.2721875,6400,6377,0.6653192636176937,0.043560676042647434,0.01649189325350748,music80_08_ratio-of-steps_118,953.0853271484375,0.00017223374743480235,1.0,0.00016576520283706486,1.0,0.00015962751058395952,1.0,0.0001716420374577865,1.0
music80_08_ratio-of-steps,119,7.78211784362793,252.18546875,6400,6382,0.6677115089249083,0.042997195488581254,0.015928714561314825,music80_08_ratio-of-steps_119,989.2626342773438,0.00015174502914305776,1.0,0.0002570391516201198,1.0,0.00022711418569087982,1.0,0.00017548912728670985,1.0
music80_08_ratio-of-steps,120,7.75654411315918,252.8655,32000,31863,0.6693575102976628,0.0426516589035505,0.0158416335248791,music80_08_ratio-of-steps_120,994.64453125,0.00017128085892181844,1.0,0.00016601438983343542,1.0,0.00015769644232932478,1.0,0.00015207625983748585,1.0
music80_08_ratio-of-steps,121,7.745985507965088,253.4121875,6400,6385,0.6714408570651489,0.04197792763787074,0.015467599042966068,music80_08_ratio-of-steps_121,988.1465454101562,0.0001478271879022941,1.0,0.00014264120545703918,1.0,0.00015189367695711553,1.0,0.0001422048662789166,1.0
music80_08_ratio-of-steps,122,7.723959445953369,255.1125,6400,6374,0.6747641408998605,0.040866510532072714,0.014848861653838199,music80_08_ratio-of-steps_122,1028.7938232421875,0.00013839024177286774,1.0,0.0001303313038079068,1.0,0.00012740328384097666,1.0,0.00012887896446045488,1.0
music80_08_ratio-of-steps,123,7.721138954162598,255.814375,6400,6375,0.6752577765603882,0.04094434062740246,0.015024750013692483,music80_08_ratio-of-steps_123,1009.2727661132812,0.00012060070730512962,1.0,0.00011792995792347938,1.0,0.0001181393745355308,1.0,0.00016289460472762585,1.0
music80_08_ratio-of-steps,124,7.6962456703186035,255.5215625,6400,6377,0.6799800751084057,0.04049408581750143,0.014750919588010215,music80_08_ratio-of-steps_124,962.6578369140625,0.00010882388596655801,1.0,0.0001062507217284292,1.0,0.00010229360486846417,1.0,0.00012355169747024775,1.0
music80_08_ratio-of-steps,125,7.685521125793457,256.86921875,6400,6384,0.682572946941862,0.040826861753251634,0.014433118655747043,music80_08_ratio-of-steps_125,939.0344848632812,0.00010891062265727669,1.0,0.00010932220902759582,1.0,0.00012043544847983867,1.0,0.00010465205559739843,1.0
music80_08_ratio-of-steps,126,7.686334133148193,256.264375,6400,6379,0.684877130467954,0.039778102496031954,0.014182730744879019,music80_08_ratio-of-steps_126,979.7947998046875,0.00015020876890048385,1.0,0.00011157054541399702,1.0,0.0001052208463079296,1.0,0.00037605981924571097,1.0
music80_08_ratio-of-steps,127,7.7107720375061035,254.39359375,6400,6377,0.6859414698551686,0.04056167894380672,0.014798524941295686,music80_08_ratio-of-steps_127,980.2471313476562,0.0007885139202699065,1.0,0.0004039318300783634,1.0,0.0003668760764412582,1.0,0.0003379223926458508,1.0
music80_08_ratio-of-steps,128,7.698293685913086,254.36578125,6400,6377,0.6876501210720021,0.03937372928768914,0.013587420410943048,music80_08_ratio-of-steps_128,953.9182739257812,0.0003076631110161543,1.0,0.0002932892239186913,1.0,0.0002780708309728652,1.0,0.00026884564431384206,1.0
music80_08_ratio-of-steps,129,7.722514629364014,252.3090625,6400,6377,0.6845389492931736,0.039953161263165074,0.013933122680858143,music80_08_ratio-of-steps_129,914.4351196289062,0.00028091890271753073,1.0,0.0002692353446036577,1.0,0.0002583541499916464,1.0,0.000253809557761997,1.0
music80_08_ratio-of-steps,130,7.714327812194824,253.2731875,32000,31855,0.687661454767566,0.04015642552452196,0.014109206669675438,music80_08_ratio-of-steps_130,948.7501831054688,0.00024367633159272373,1.0,0.00023972724738996476,1.0,0.00023801391944289207,1.0,0.0002269456599606201,1.0
music80_08_ratio-of-steps,131,7.704277992248535,253.479375,6400,6370,0.6894780462878964,0.03915322535351883,0.013669634122385222,music80_08_ratio-of-steps_131,941.1088256835938,0.00022186411661095917,1.0,0.00021609346731565893,1.0,0.00021560578898061067,1.0,0.0002074477233691141,1.0
music80_08_ratio-of-steps,132,7.71897029876709,253.13921875,6400,6377,0.6918194495481462,0.03870014935311447,0.013439988811054748,music80_08_ratio-of-steps_132,959.619140625,0.00020287605002522469,1.0,0.00020392693113535643,1.0,0.00021299198851920664,1.0,0.00020277693693060428,1.0
music80_08_ratio-of-steps,133,7.695199966430664,254.95609375,6400,6375,0.6955010961957455,0.038740902826358135,0.012931064366672535,music80_08_ratio-of-steps_133,967.2294921875,0.00018637062748894095,1.0,0.00018245486717205495,1.0,0.00017844155081547797,1.0,0.0001858025643741712,1.0
music80_08_ratio-of-steps,134,7.707776069641113,253.65203125,6400,6376,0.6958680058774922,0.03874922962282541,0.013189914482550384,music80_08_ratio-of-steps_134,932.4925537109375,0.00019128531857859343,1.0,0.00017422922246623784,1.0,0.00016932883590925485,1.0,0.00016209080058615655,1.0
music80_08_ratio-of-steps,135,7.672542572021484,257.23890625,6400,6376,0.7011294745235582,0.038123590570314836,0.012882611019015874,music80_08_ratio-of-steps_135,931.6517333984375,0.00016077380860224366,1.0,0.00015261737280525267,1.0,0.000149034516653046,1.0,0.00015460439317394048,1.0
music80_08_ratio-of-steps,136,7.652634143829346,257.92734375,6400,6383,0.702581509515309,0.038383088708257275,0.01307585340861982,music80_08_ratio-of-steps_136,922.3533325195312,0.00014165128231979907,1.0,0.00013542531814891845,1.0,0.00015400585834868252,1.0,0.0001561228564241901,1.0
music80_08_ratio-of-steps,137,7.656854152679443,257.394375,6400,6378,0.7054171412242676,0.03801433347944988,0.01309003718564545,music80_08_ratio-of-steps_137,922.3058471679688,0.0001351452519884333,1.0,0.00034726978628896177,1.0,0.00012512200919445604,1.0,0.00037055701250210404,1.0
music80_08_ratio-of-steps,138,7.659450054168701,257.011875,6400,6377,0.7076474477043945,0.03803906672135052,0.01280972172922926,music80_08_ratio-of-steps_138,977.1219482421875,0.001227984786964953,1.0,0.00032734061824157834,1.0,0.00029616980464197695,1.0,0.00029557119705714285,1.0
music80_08_ratio-of-steps,139,7.645954132080078,258.4334375,6400,6380,0.7083759764487132,0.038934135590370005,0.013089913146319519,music80_08_ratio-of-steps_139,955.5460205078125,0.0002750386775005609,1.0,0.000262028188444674,1.0,0.0002542154979892075,1.0,0.0002449266903568059,1.0
music80_08_ratio-of-steps,140,7.637457847595215,258.81478125,32000,31909,0.7134139697448945,0.037406881856183155,0.012288491368167438,music80_08_ratio-of-steps_140,926.6620483398438,0.000237839572946541,1.0,0.0003120009496342391,1.0,0.0002263045171275735,1.0,0.00029760674806311727,1.0
music80_08_ratio-of-steps,141,7.618148326873779,260.86078125,6400,6375,0.7182592308062107,0.03648053883660667,0.01169223128509827,music80_08_ratio-of-steps_141,1011.9320678710938,0.0002759551862254739,1.0,0.0002712181303650141,1.0,0.00023857362975832075,1.0,0.00022992477170191705,1.0
music80_08_ratio-of-steps,142,7.621683120727539,260.261875,6400,6373,0.715769885590478,0.03747912690475875,0.012427684597773363,music80_08_ratio-of-steps_142,972.6436767578125,0.0006325923022814095,1.0,0.0003147797251585871,1.0,0.0002932862553279847,1.0,0.0002818264765664935,1.0
music80_08_ratio-of-steps,143,7.598748683929443,262.90265625,6400,6375,0.7183899544032367,0.03704800760585016,0.011604979991210409,music80_08_ratio-of-steps_143,951.891357421875,0.0002798033528961241,1.0,0.0002648710797075182,1.0,0.00025540226488374174,1.0,0.0002454929053783417,1.0
music80_08_ratio-of-steps,144,7.570888519287109,265.2009375,6400,6379,0.719783668242457,0.03677672912965966,0.011832959426468982,music80_08_ratio-of-steps_144,976.6015014648438,0.0002408905711490661,1.0,0.00023148958280216902,1.0,0.0002551474317442626,1.0,0.0003869064967148006,1.0
music80_08_ratio-of-steps,145,7.576417446136475,265.7421875,6400,6368,0.7205229059429148,0.03624009937613006,0.011191795690163877,music80_08_ratio-of-steps_145,991.8204956054688,0.0002296132006449625,1.0,0.0002231177204521373,1.0,0.00021459627896547318,1.0,0.0002102750149788335,1.0
music80_08_ratio-of-steps,146,7.537189960479736,268.46546875,6400,6380,0.7216899387929712,0.0361994034842902,0.011700394347500635,music80_08_ratio-of-steps_146,990.6869506835938,0.00020613413653336465,1.0,0.00020071778271812946,1.0,0.00020693885744549334,1.0,0.00019860272004734725,1.0
music80_08_ratio-of-steps,147,7.544825553894043,268.9946875,6400,6374,0.7218619204085059,0.03661858685092798,0.011515761288363487,music80_08_ratio-of-steps_147,984.904296875,0.0001883148361230269,1.0,0.0001846799859777093,1.0,0.00017934762581717223,1.0,0.0001769199880072847,1.0
music80_08_ratio-of-steps,148,7.53923225402832,269.953125,6400,6382,0.7243708266026939,0.03604994193205575,0.011226965583001049,music80_08_ratio-of-steps_148,967.97802734375,0.00022923763026483357,1.0,0.00016834866255521774,1.0,0.0001739932195050642,1.0,0.00015885004540905356,1.0
music80_08_ratio-of-steps,149,7.511934757232666,270.36265625,6400,6377,0.7207922982634583,0.03616631149990028,0.011341048305846363,music80_08_ratio-of-steps_149,1040.20068359375,0.00015861791325733066,1.0,0.00015110270760487765,1.0,0.0001488519337726757,1.0,0.0001590562897035852,1.0
music80_08_ratio-of-steps,150,7.521285533905029,271.0136875,32000,31871,0.7208608130059894,0.036750780097117526,0.011586394853233291,music80_08_ratio-of-steps_150,1013.4945068359375,0.0001388583768857643,1.0,0.00013582310930360109,1.0,0.00014648615615442395,1.0,0.00022519283811561763,1.0
music80_08_ratio-of-steps,151,7.505953311920166,272.531875,6400,6385,0.722491221807569,0.03680993811420843,0.011138783900915283,music80_08_ratio-of-steps_151,962.2234497070312,0.00013780534209217876,1.0,0.00012865026656072587,1.0,0.00013089725689496845,1.0,0.00012154745490988716,1.0
music80_08_ratio-of-steps,152,7.501445293426514,273.77234375,6400,6387,0.7233453186583333,0.03647475384856097,0.011213616973728002,music80_08_ratio-of-steps_152,1011.1346435546875,0.00011740752233890817,1.0,0.00011804962559835985,1.0,0.00010866401134990156,1.0,0.00011070083564845845,1.0
music80_08_ratio-of-steps,153,7.497079372406006,273.1509375,6400,6387,0.7209801345421464,0.036798661496383216,0.01132846344194319,music80_08_ratio-of-steps_153,963.00830078125,0.00011507679300848395,1.0,0.0001038651098497212,1.0,0.00010233144712401554,1.0,9.812978532863781e-05,1.0
music80_08_ratio-of-steps,154,7.4754157066345215,274.118125,6400,6392,0.7259008143687729,0.03629897134840454,0.010959901624759618,music80_08_ratio-of-steps_154,952.0776977539062,9.441341535421088e-05,1.0,0.00010514750465517864,1.0,0.0001024747543851845,1.0,9.054889233084396e-05,1.0
music80_08_ratio-of-steps,155,7.463302135467529,274.35796875,6400,6376,0.7247786133685485,0.03605272474079907,0.011065632116998434,music80_08_ratio-of-steps_155,1026.9287109375,9.39941091928631e-05,1.0,0.00010663871944416314,1.0,9.242254600394517e-05,1.0,0.00018652276776265353,1.0
music80_08_ratio-of-steps,156,7.477590560913086,273.64234375,6400,6389,0.7246907645253455,0.03579277355413856,0.010843323248013688,music80_08_ratio-of-steps_156,1019.9296875,0.00020715857681352645,1.0,0.00016009579121600837,1.0,0.0001438578183297068,1.0,0.00013476038293447345,1.0
music80_08_ratio-of-steps,157,7.462552070617676,273.58359375,6400,6381,0.7233611424059692,0.036177709176623815,0.011310434373777132,music80_08_ratio-of-steps_157,1005.770751953125,0.00012748017616104335,1.0,0.0001265903265448287,1.0,0.00012276944471523166,1.0,0.0001309357612626627,1.0
music80_08_ratio-of-steps,158,7.463140487670898,273.64015625,6400,6377,0.7255152278293897,0.035818128372431104,0.010989118688818442,music80_08_ratio-of-steps_158,975.2951049804688,0.0001089985016733408,1.0,0.00011579553392948583,1.0,0.00011908687156392261,1.0,0.00010173837654292583,1.0
music80_08_ratio-of-steps,159,7.444756031036377,274.7875,6400,6380,0.7281107247271358,0.03538707175527767,0.0107912929567453,music80_08_ratio-of-steps_159,990.6277465820312,9.824688459048048e-05,1.0,9.233934542862698e-05,1.0,8.709247049409896e-05,1.0,8.062232518568635e-05,1.0
music80_08_ratio-of-steps,160,7.4474334716796875,275.34125,32000,31892,0.7287105667899796,0.03545700582680434,0.010742027898032407,music80_08_ratio-of-steps_160,1024.538330078125,7.914025627542287e-05,1.0,8.045995491556823e-05,1.0,7.948755228426307e-05,1.0,6.894078978803009e-05,1.0
music80_08_ratio-of-steps,161,7.434816360473633,275.9296875,6400,6374,0.7255307937269468,0.03582889381165132,0.010859799149848004,music80_08_ratio-of-steps_161,950.7697143554688,0.0002792091981973499,1.0,0.0002548928023315966,1.0,0.00028076302260160446,1.0,0.00021986717183608562,1.0
music80_08_ratio-of-steps,162,7.433594226837158,275.72703125,6400,6377,0.7279992631649819,0.03557947666057,0.010480081370640205,music80_08_ratio-of-steps_162,963.7789916992188,0.00023910297022666782,1.0,0.00021287771232891828,1.0,0.00019862058979924768,1.0,0.0002132239460479468,1.0
music80_08_ratio-of-steps,163,7.405534267425537,277.49015625,6400,6382,0.732582312002402,0.0347808900099273,0.010786880936394051,music80_08_ratio-of-steps_163,1009.8889770507812,0.0001909050188260153,1.0,0.00019105197861790657,1.0,0.0001782128238119185,1.0,0.00017200547154061496,1.0
music80_08_ratio-of-steps,164,7.388975620269775,279.4596875,6400,6384,0.7335641780722258,0.0352287629625407,0.010925009048664615,music80_08_ratio-of-steps_164,1014.0671997070312,0.00016838093870319426,1.0,0.00016178352234419435,1.0,0.0001575947244418785,1.0,0.00015257140330504626,1.0
music80_08_ratio-of-steps,165,7.393770694732666,278.10953125,6400,6385,0.7329078240403106,0.03547348475889702,0.010898701751408429,music80_08_ratio-of-steps_165,987.560791015625,0.0001479702623328194,1.0,0.00014489481691271067,1.0,0.00014004675904288888,1.0,0.00022770275245420635,1.0
music80_08_ratio-of-steps,166,7.380420684814453,278.74375,6400,6381,0.7350845735030902,0.03431794523775504,0.010501290241519714,music80_08_ratio-of-steps_166,994.216064453125,0.00014083751011639833,1.0,0.0001380071771563962,1.0,0.00013106907135806978,1.0,0.00012677277845796198,1.0
music80_08_ratio-of-steps,167,7.387437343597412,277.53328125,6400,6383,0.7338293846791217,0.03491178460651195,0.010740012836367838,music80_08_ratio-of-steps_167,1003.0875854492188,0.00012228837294969708,1.0,0.0004038552287966013,1.0,0.00011748557881219313,1.0,0.00011330662528052926,1.0
music80_08_ratio-of-steps,168,7.3624467849731445,279.37984375,6400,6380,0.7365781658051587,0.03443422263069571,0.010821671002044085,music80_08_ratio-of-steps_168,1025.310546875,0.00010723434388637543,1.0,0.00010539312643231824,1.0,0.00010836217552423477,1.0,9.798223618417978e-05,1.0
music80_08_ratio-of-steps,169,7.3622589111328125,278.51546875,6400,6384,0.7355389898546111,0.03495071494572586,0.0109030658302006,music80_08_ratio-of-steps_169,1008.1949462890625,0.00010254068911308423,1.0,9.170082921627909e-05,1.0,8.797407645033672e-05,1.0,8.526838064426556e-05,1.0
music80_08_ratio-of-steps,170,7.36622428894043,278.4913125,32000,31899,0.7354683399875921,0.034766152861873456,0.0108328938658499,music80_08_ratio-of-steps_170,1034.583251953125,0.00010491359716979787,1.0,8.414738840656355e-05,1.0,8.310487464768812e-05,1.0,8.347959374077618e-05,1.0
music80_08_ratio-of-steps,171,7.373368740081787,277.604375,6400,6385,0.7356986795626722,0.03474917463699192,0.011093920611962753,music80_08_ratio-of-steps_171,1011.6192626953125,8.902521949494258e-05,1.0,7.620562973897904e-05,1.0,8.062474807957187e-05,1.0,7.303745951503515e-05,1.0
music80_08_ratio-of-steps,172,7.360285758972168,277.2409375,6400,6388,0.7375365182156431,0.03461416252856637,0.010957262663838613,music80_08_ratio-of-steps_172,995.9542236328125,7.121483940863982e-05,1.0,7.218895188998431e-05,1.0,6.473562825703993e-05,1.0,7.103993266355246e-05,1.0
music80_08_ratio-of-steps,173,7.359716415405273,278.19328125,6400,6387,0.7383486504892732,0.03501045620121164,0.01105913720157528,music80_08_ratio-of-steps_173,1015.2244262695312,6.346750888042152e-05,1.0,6.0716731240972877e-05,1.0,7.32963890186511e-05,1.0,5.985134339425713e-05,1.0
music80_08_ratio-of-steps,174,7.353015899658203,277.8090625,6400,6380,0.7371041334771183,0.034563382192979185,0.011116999805564267,music80_08_ratio-of-steps_174,998.057373046875,0.0005533999064937234,1.0,0.022802773863077164,1.0,0.00033492245711386204,1.0,0.0002826618147082627,1.0
music80_08_ratio-of-steps,175,7.353667736053467,277.02890625,6400,6380,0.738753330899099,0.034202219252240144,0.010838155731973758,music80_08_ratio-of-steps_175,991.86865234375,0.00024757563369348645,1.0,0.0002266792143927887,1.0,0.00021115211711730808,1.0,0.0001998923980863765,1.0
music80_08_ratio-of-steps,176,7.348247051239014,276.59390625,6400,6383,0.7401782484452397,0.034146497932350056,0.011043668389722039,music80_08_ratio-of-steps_176,989.7474365234375,0.00019102309306617826,1.0,0.0001914777240017429,1.0,0.00019103092199657112,1.0,0.00019081926438957453,1.0
music80_08_ratio-of-steps,177,7.339773654937744,276.6971875,6400,6388,0.7415736026752711,0.0344498867877606,0.011190307089863454,music80_08_ratio-of-steps_177,957.8360595703125,0.00017829133139457554,1.0,0.000172277374076657,1.0,0.00016999941726680845,1.0,0.00017672278045210987,1.0
music80_08_ratio-of-steps,178,7.340275287628174,275.47171875,6400,6379,0.7417832633421031,0.03417238914240987,0.011270030818459014,music80_08_ratio-of-steps_178,960.6297607421875,0.00016237034287769347,1.0,0.00015640881611034274,1.0,0.00015211993013508618,1.0,0.00019853525736834854,1.0
music80_08_ratio-of-steps,179,7.333073616027832,275.6590625,6400,6381,0.7431221580199189,0.034457226609452926,0.01149809185658831,music80_08_ratio-of-steps_179,1034.748779296875,0.00017690181266516447,1.0,0.0001664401061134413,1.0,0.00015933800023049116,1.0,0.0001537067728349939,1.0
music80_08_ratio-of-steps,180,7.332030773162842,275.57903125,32000,31908,0.7443271726201497,0.033904647082218256,0.010979794400013291,music80_08_ratio-of-steps_180,1001.63671875,0.00014994677621871233,1.0,0.00015723459364380687,1.0,0.00036571137025021017,1.0,0.0001460469648009166,1.0
music80_08_ratio-of-steps,181,7.336428642272949,275.50078125,6400,6386,0.7462496783836005,0.03369776134739788,0.011285112280591938,music80_08_ratio-of-steps_181,963.4298095703125,0.00015999948664102703,1.0,0.00013713716180063784,1.0,0.0001338434376521036,1.0,0.000132949702674523,1.0
music80_08_ratio-of-steps,182,7.317417621612549,276.51546875,6400,6386,0.748785048577758,0.03378076042676433,0.011094833048008344,music80_08_ratio-of-steps_182,975.4971923828125,0.00012796460941899568,1.0,0.00012523849727585912,1.0,0.00012305410928092897,1.0,0.0001581332617206499,1.0
music80_08_ratio-of-steps,183,7.294358730316162,277.22484375,6400,6384,0.7490829379200385,0.03334577965615817,0.01094237863278729,music80_08_ratio-of-steps_183,949.7610473632812,0.00011626595369307324,1.0,0.00011326823005219921,1.0,0.00016834703274071217,1.0,0.00017661784659139812,1.0
music80_08_ratio-of-steps,184,7.2757978439331055,278.00515625,6400,6381,0.7521290606787714,0.033105029132004,0.010880177940762886,music80_08_ratio-of-steps_184,981.4652099609375,0.00010596951324259862,1.0,0.00011539993283804506,1.0,9.952089021680877e-05,1.0,9.684220276540145e-05,1.0
music80_08_ratio-of-steps,185,7.277576446533203,277.25953125,6400,6386,0.7537787006992144,0.032763373866501785,0.010568005475993271,music80_08_ratio-of-steps_185,978.9283447265625,9.478824358666316e-05,1.0,9.212146687787026e-05,1.0,9.045979822985828e-05,1.0,8.960381092038006e-05,1.0
music80_08_ratio-of-steps,186,7.26469612121582,278.19546875,6400,6389,0.7555549453900571,0.03308335246293872,0.010807104066419982,music80_08_ratio-of-steps_186,1026.2879638671875,8.877785876393318e-05,1.0,8.819813228910789e-05,1.0,9.543440683046356e-05,1.0,9.58513337536715e-05,1.0
music80_08_ratio-of-steps,187,7.257524013519287,278.56453125,6400,6380,0.7542881583628293,0.03294615287906917,0.010738391917678357,music80_08_ratio-of-steps_187,952.328857421875,8.240397437475622e-05,1.0,7.846126391086727e-05,1.0,7.734725659247488e-05,1.0,8.375776815228164e-05,1.0
music80_08_ratio-of-steps,188,7.2549262046813965,278.7046875,6400,6388,0.757433210677824,0.03213774302357113,0.010487639017867569,music80_08_ratio-of-steps_188,988.7059936523438,7.598752563353628e-05,1.0,7.915994501672685e-05,1.0,7.469471165677533e-05,1.0,7.723777525825426e-05,1.0
music80_08_ratio-of-steps,189,7.257208824157715,279.23828125,6400,6385,0.7604872880364257,0.03188509083127419,0.010217866757051806,music80_08_ratio-of-steps_189,1011.9764404296875,8.035240898607299e-05,1.0,7.276248652487993e-05,1.0,0.00010153790208278224,1.0,6.952023250050843e-05,1.0
music80_08_ratio-of-steps,190,7.238875865936279,280.32840625,32000,31905,0.7618398785036236,0.03174645382720614,0.010614240821138729,music80_08_ratio-of-steps_190,1013.147705078125,0.00018132003606297076,1.0,0.000147821701830253,1.0,0.00012976006837561727,1.0,0.00011925649596378207,1.0
music80_08_ratio-of-steps,191,7.237974643707275,280.93984375,6400,6383,0.7623518162563482,0.030882280078372223,0.01024105614225023,music80_08_ratio-of-steps_191,1000.19384765625,0.00011937940871575847,1.0,0.00011215978884138167,1.0,0.00010849365207832307,1.0,0.00016693849465809762,1.0
music80_08_ratio-of-steps,192,7.230783462524414,281.165,6400,6386,0.7647824908309852,0.03149962491963199,0.010727435157991327,music80_08_ratio-of-steps_192,960.5106811523438,0.00019047189562115818,1.0,0.00014246116916183382,1.0,0.0001670933997957036,1.0,0.00014733309217263013,1.0
music80_08_ratio-of-steps,193,7.225944995880127,281.24625,6400,6391,0.7652899199504382,0.031366180125537484,0.01020480797032136,music80_08_ratio-of-steps_193,993.580078125,0.0001398943131789565,1.0,0.00013354660768527538,1.0,0.00013729602505918592,1.0,0.00013723222946282476,1.0
music80_08_ratio-of-steps,194,7.225272178649902,280.3175,6400,6380,0.764967663238338,0.031033423887235925,0.010224384156033956,music80_08_ratio-of-steps_194,985.5465087890625,0.00012838662951253355,1.0,0.00012572086416184902,1.0,0.00012106147187296301,1.0,0.0001234609808307141,1.0
music80_08_ratio-of-steps,195,7.227848052978516,280.478125,6400,6381,0.7660608867997695,0.03029596107910856,0.009952366328357389,music80_08_ratio-of-steps_195,982.7112426757812,0.0001165551584563218,1.0,0.00011232407996430993,1.0,0.0001085581025108695,1.0,0.0001052549559972249,1.0
music80_08_ratio-of-steps,196,7.227648735046387,279.32234375,6400,6381,0.7657983438449918,0.03048720543680088,0.010014073190949236,music80_08_ratio-of-steps_196,986.293701171875,0.00010569304140517488,1.0,0.00011294388241367415,1.0,0.00010463072248967364,1.0,0.00010098806524183601,1.0
music80_08_ratio-of-steps,197,7.225832939147949,280.4571875,6400,6382,0.7671803156617714,0.030740493214909573,0.010120526254459004,music80_08_ratio-of-steps_197,902.97607421875,9.49955137912184e-05,1.0,9.511359530733898e-05,1.0,9.294271876569837e-05,1.0,8.855560736265033e-05,1.0
music80_08_ratio-of-steps,198,7.223790168762207,279.138125,6400,6392,0.7690339223069961,0.030525605948824256,0.010457091244555157,music80_08_ratio-of-steps_198,967.6893310546875,8.538681140635163e-05,1.0,8.314661681652069e-05,1.0,9.59616299951449e-05,1.0,9.926554776029661e-05,1.0
music80_08_ratio-of-steps,199,7.21190071105957,281.0171875,6400,6390,0.7710340465636227,0.029782092194710987,0.009885837997176447,music80_08_ratio-of-steps_199,962.509521484375,8.350274583790451e-05,1.0,7.585038838442415e-05,1.0,7.336109410971403e-05,1.0,7.626045407960191e-05,1.0
